Chromosome,Start,End,Name
chr1,2342086,2342786,peakno_2800-ARBS
chr1,4789980,4790680,peakno_590-ARBS
chr1,5554368,5555068,peakno_591-ARBS
chr1,5787188,5787888,peakno_592-ARBS
chr1,8130666,8131366,overlapped_read_626-ARBS
chr1,8262407,8263107,onlynormal_read_253-ARBS
chr1,8319104,8319804,overlapped_read_627-ARBS
chr1,8326600,8327300,peakno_593-ARBS
chr1,8372120,8372820,peakno_594-ARBS
chr1,8472306,8473006,peakno_595-ARBS
chr1,8690069,8690769,peakno_596-ARBS
chr1,9061892,9062592,peakno_1744-ARBS
chr1,9444604,9445304,overlapped_read_628-ARBS
chr1,9496168,9496868,overlapped_read_629-ARBS
chr1,9613610,9614310,peakno_597-ARBS
chr1,9875054,9875754,peakno_598-ARBS
chr1,9903362,9904062,peakno_599-ARBS
chr1,10169242,10169942,peakno_600-ARBS
chr1,10576004,10576704,peakno_601-ARBS
chr1,10695856,10696556,onlynormal_read_254-ARBS
chr1,11316093,11316793,peakno_637-ARBS
chr1,11629514,11630214,peakno_638-ARBS
chr1,11791804,11792504,peakno_846-ARBS
chr1,12441116,12441816,peakno_639-ARBS
chr1,12535810,12536510,peakno_641-ARBS
chr1,12556322,12557022,peakno_642-ARBS
chr1,13946235,13946935,overlapped_read_630-ARBS
chr1,14825192,14825892,peakno_644-ARBS
chr1,15064597,15065297,overlapped_read_631-ARBS
chr1,18790741,18791441,peakno_651-ARBS
chr1,19406239,19406939,peakno_736-ARBS
chr1,19753582,19754282,overlapped_read_633-ARBS
chr1,19831132,19831832,peakno_739-ARBS
chr1,19840872,19841572,peakno_740-ARBS
chr1,19933596,19934296,peakno_741-ARBS
chr1,20102648,20103348,peakno_742-ARBS
chr1,20358778,20359478,overlapped_read_634-ARBS
chr1,20667845,20668545,peakno_1013-ARBS
chr1,21348632,21349332,peakno_1014-ARBS
chr1,21578348,21579048,peakno_1015-ARBS
chr1,21658506,21659206,overlapped_read_454-ARBS
chr1,22270714,22271414,peakno_1019-ARBS
chr1,22674697,22675397,peakno_1020-ARBS
chr1,24111128,24111828,peakno_1026-ARBS
chr1,24310804,24311504,peakno_1027-ARBS
chr1,24669985,24670685,peakno_1028-ARBS
chr1,24711083,24711783,peakno_1029-ARBS
chr1,25358678,25359378,peakno_1032-ARBS
chr1,25785174,25785874,overlapped_read_455-ARBS
chr1,25827385,25828085,peakno_1036-ARBS
chr1,26406416,26407116,peakno_1042-ARBS
chr1,27693220,27693920,onlynormal_read_189-ARBS
chr1,28400204,28400904,peakno_1046-ARBS
chr1,28764415,28765115,onlynormal_read_190-ARBS
chr1,29074553,29075253,peakno_1047-ARBS
chr1,30178963,30179663,peakno_1048-ARBS
chr1,31148437,31149137,peakno_1052-ARBS
chr1,31261268,31261968,overlapped_read_458-ARBS
chr1,31731222,31731922,peakno_1053-ARBS
chr1,32967392,32968092,overlapped_read_459-ARBS
chr1,33232624,33233324,peakno_1427-ARBS
chr1,33476526,33477226,peakno_1428-ARBS
chr1,33947816,33948516,peakno_1429-ARBS
chr1,34125324,34126024,peakno_1437-ARBS
chr1,34152510,34153210,peakno_1438-ARBS
chr1,34224170,34224870,overlapped_read_461-ARBS
chr1,36320704,36321404,peakno_1439-ARBS
chr1,36626984,36627684,peakno_1440-ARBS
chr1,36665546,36666246,overlapped_read_462-ARBS
chr1,36697842,36698542,peakno_1452-ARBS
chr1,36705228,36705928,peakno_1453-ARBS
chr1,36734681,36735381,peakno_1454-ARBS
chr1,36762483,36763183,peakno_1455-ARBS
chr1,37964658,37965358,peakno_1456-ARBS
chr1,37999820,38000520,peakno_1457-ARBS
chr1,38660260,38660960,peakno_1466-ARBS
chr1,39813806,39814506,peakno_1473-ARBS
chr1,40009891,40010591,peakno_1474-ARBS
chr1,41939881,41940581,onlynormal_read_193-ARBS
chr1,42415902,42416602,peakno_1490-ARBS
chr1,42805645,42806345,peakno_1491-ARBS
chr1,44223238,44223938,peakno_361-ARBS
chr1,46292695,46293395,peakno_364-ARBS
chr1,47147268,47147968,peakno_367-ARBS
chr1,48429080,48429780,overlapped_read_502-ARBS
chr1,48918332,48919032,peakno_373-ARBS
chr1,49798434,49799134,peakno_374-ARBS
chr1,49812330,49813030,peakno_375-ARBS
chr1,51584814,51585514,peakno_379-ARBS
chr1,51932445,51933145,peakno_380-ARBS
chr1,52025320,52026020,peakno_381-ARBS
chr1,52033128,52033828,peakno_382-ARBS
chr1,52046865,52047565,peakno_383-ARBS
chr1,52414107,52414807,overlapped_read_503-ARBS
chr1,52422354,52423054,peakno_387-ARBS
chr1,54129093,54129793,onlynormal_read_204-ARBS
chr1,55346606,55347306,peakno_561-ARBS
chr1,55348064,55348764,peakno_562-ARBS
chr1,55353844,55354544,peakno_563-ARBS
chr1,55370169,55370869,overlapped_read_504-ARBS
chr1,55452938,55453638,peakno_564-ARBS
chr1,55929358,55930058,onlynormal_read_206-ARBS
chr1,56046356,56047056,overlapped_read_507-ARBS
chr1,56072312,56073012,peakno_565-ARBS
chr1,56159918,56160618,peakno_566-ARBS
chr1,56431346,56432046,peakno_569-ARBS
chr1,56838078,56838778,peakno_570-ARBS
chr1,56863468,56864168,peakno_656-ARBS
chr1,57253714,57254414,overlapped_read_510-ARBS
chr1,58192542,58193242,peakno_658-ARBS
chr1,58648764,58649464,peakno_663-ARBS
chr1,58760318,58761018,peakno_666-ARBS
chr1,59536826,59537526,peakno_669-ARBS
chr1,59707914,59708614,onlynormal_read_208-ARBS
chr1,59982356,59983056,peakno_670-ARBS
chr1,60061361,60062061,peakno_671-ARBS
chr1,60097086,60097786,overlapped_read_512-ARBS
chr1,60151750,60152450,peakno_678-ARBS
chr1,60209058,60209758,overlapped_read_514-ARBS
chr1,60740294,60740994,peakno_685-ARBS
chr1,60893748,60894448,overlapped_read_515-ARBS
chr1,61038576,61039276,peakno_686-ARBS
chr1,61598601,61599301,peakno_687-ARBS
chr1,61818922,61819622,peakno_692-ARBS
chr1,62103870,62104570,overlapped_read_516-ARBS
chr1,62106158,62106858,peakno_1076-ARBS
chr1,64253496,64254196,peakno_1077-ARBS
chr1,64394253,64394953,overlapped_read_546-ARBS
chr1,65363600,65364300,onlynormal_read_224-ARBS
chr1,65949893,65950593,peakno_1083-ARBS
chr1,65959415,65960115,peakno_1084-ARBS
chr1,66023482,66024182,peakno_1085-ARBS
chr1,66387008,66387708,peakno_1086-ARBS
chr1,67170541,67171241,peakno_1087-ARBS
chr1,67333032,67333732,peakno_868-ARBS
chr1,67656000,67656700,peakno_1088-ARBS
chr1,68773554,68774254,peakno_1089-ARBS
chr1,68793044,68793744,overlapped_read_547-ARBS
chr1,69183546,69184246,peakno_1090-ARBS
chr1,69554000,69554700,peakno_1091-ARBS
chr1,69575730,69576430,peakno_1092-ARBS
chr1,76534418,76535118,peakno_1356-ARBS
chr1,77321622,77322322,peakno_1357-ARBS
chr1,77625906,77626606,overlapped_read_549-ARBS
chr1,78262198,78262898,peakno_1360-ARBS
chr1,78463588,78464288,peakno_1361-ARBS
chr1,78966660,78967360,peakno_1362-ARBS
chr1,79015028,79015728,peakno_1363-ARBS
chr1,79092819,79093519,peakno_1364-ARBS
chr1,79353388,79354088,peakno_1366-ARBS
chr1,79756582,79757282,peakno_1370-ARBS
chr1,80857954,80858654,peakno_1371-ARBS
chr1,81233968,81234668,peakno_1372-ARBS
chr1,81277473,81278173,peakno_1374-ARBS
chr1,81699787,81700487,peakno_1375-ARBS
chr1,81988666,81989366,peakno_1376-ARBS
chr1,82025406,82026106,peakno_825-ARBS
chr1,82193504,82194204,peakno_1379-ARBS
chr1,82218272,82218972,peakno_1380-ARBS
chr1,84722538,84723238,peakno_1384-ARBS
chr1,85084824,85085524,overlapped_read_550-ARBS
chr1,85763357,85764057,peakno_1640-ARBS
chr1,85892945,85893645,peakno_1641-ARBS
chr1,86000120,86000820,overlapped_read_553-ARBS
chr1,86899516,86900216,peakno_1642-ARBS
chr1,87336564,87337264,peakno_1800-ARBS
chr1,90018418,90019118,peakno_1962-ARBS
chr1,92025226,92025926,peakno_1811-ARBS
chr1,92191270,92191970,onlynormal_read_227-ARBS
chr1,92210738,92211438,peakno_1813-ARBS
chr1,93340408,93341108,peakno_1814-ARBS
chr1,93967334,93968034,peakno_1816-ARBS
chr1,95209308,95210008,overlapped_read_595-ARBS
chr1,95798129,95798829,peakno_1825-ARBS
chr1,95835754,95836454,overlapped_read_596-ARBS
chr1,96354540,96355240,peakno_1830-ARBS
chr1,98285926,98286626,peakno_2086-ARBS
chr1,98532322,98533022,peakno_2087-ARBS
chr1,98809794,98810494,peakno_2088-ARBS
chr1,98875463,98876163,peakno_2089-ARBS
chr1,98895416,98896116,peakno_2090-ARBS
chr1,100452183,100452883,peakno_2091-ARBS
chr1,100500650,100501350,peakno_2092-ARBS
chr1,100705463,100706163,peakno_2093-ARBS
chr1,100878457,100879157,peakno_2258-ARBS
chr1,100918118,100918818,peakno_2260-ARBS
chr1,100951278,100951978,peakno_2261-ARBS
chr1,105534111,105534811,peakno_2265-ARBS
chr1,108016470,108017170,peakno_2283-ARBS
chr1,108045038,108045738,peakno_2293-ARBS
chr1,108324933,108325633,peakno_2296-ARBS
chr1,108667662,108668362,peakno_1792-ARBS
chr1,110175042,110175742,onlynormal_read_236-ARBS
chr1,110412234,110412934,peakno_2312-ARBS
chr1,110537190,110537890,peakno_2313-ARBS
chr1,110562218,110562918,peakno_2314-ARBS
chr1,111341332,111342032,peakno_2316-ARBS
chr1,112198609,112199309,peakno_2332-ARBS
chr1,112383702,112384402,peakno_2333-ARBS
chr1,112807038,112807738,peakno_1900-ARBS
chr1,112991979,112992679,peakno_1901-ARBS
chr1,114636377,114637077,peakno_1935-ARBS
chr1,115892144,115892844,peakno_1939-ARBS
chr1,116353507,116354207,peakno_1940-ARBS
chr1,116666284,116666984,peakno_1952-ARBS
chr1,116676418,116677118,peakno_1953-ARBS
chr1,116749641,116750341,peakno_1954-ARBS
chr1,116918858,116919558,onlynormal_read_237-ARBS
chr1,116998763,116999463,peakno_1957-ARBS
chr1,117018834,117019534,overlapped_read_599-ARBS
chr1,118105060,118105760,peakno_1958-ARBS
chr1,118874992,118875692,peakno_1966-ARBS
chr1,120084946,120085646,peakno_1969-ARBS
chr1,120168672,120169372,peakno_1970-ARBS
chr1,120180123,120180823,peakno_1971-ARBS
chr1,145427293,145427993,overlapped_read_603-ARBS
chr1,147098378,147099078,peakno_2152-ARBS
chr1,150540432,150541132,onlynormal_read_241-ARBS
chr1,152164150,152164850,peakno_2161-ARBS
chr1,154114606,154115306,peakno_2163-ARBS
chr1,154390562,154391262,overlapped_read_632-ARBS
chr1,154989624,154990324,onlynormal_read_256-ARBS
chr1,156259560,156260260,peakno_2165-ARBS
chr1,156480400,156481100,overlapped_read_636-ARBS
chr1,156586046,156586746,overlapped_read_637-ARBS
chr1,160101626,160102326,overlapped_read_638-ARBS
chr1,161176605,161177305,onlynormal_read_1-ARBS
chr1,161359392,161360092,onlynormal_read_257-ARBS
chr1,161735601,161736301,peakno_2172-ARBS
chr1,162538422,162539122,peakno_2173-ARBS
chr1,162702286,162702986,overlapped_read_639-ARBS
chr1,162843647,162844347,peakno_2178-ARBS
chr1,163586546,163587246,peakno_2273-ARBS
chr1,163985167,163985867,peakno_2274-ARBS
chr1,164840840,164841540,peakno_2284-ARBS
chr1,165038882,165039582,peakno_2285-ARBS
chr1,167094600,167095300,peakno_2288-ARBS
chr1,167105312,167106012,onlynormal_read_258-ARBS
chr1,167158196,167158896,peakno_2289-ARBS
chr1,167766127,167766827,onlynormal_read_259-ARBS
chr1,168662353,168663053,peakno_2292-ARBS
chr1,168830709,168831409,peakno_2303-ARBS
chr1,169478214,169478914,peakno_2304-ARBS
chr1,169479804,169480504,peakno_2320-ARBS
chr1,169537520,169538220,peakno_2321-ARBS
chr1,169541246,169541946,peakno_2322-ARBS
chr1,171313095,171313795,peakno_2326-ARBS
chr1,172715376,172716076,overlapped_read_643-ARBS
chr1,173713684,173714384,peakno_2339-ARBS
chr1,174537538,174538238,peakno_2342-ARBS
chr1,175201431,175202131,peakno_2344-ARBS
chr1,176499903,176500603,peakno_2541-ARBS
chr1,176536406,176537106,peakno_2542-ARBS
chr1,176665190,176665890,peakno_2543-ARBS
chr1,177414146,177414846,peakno_839-ARBS
chr1,177620010,177620710,peakno_2558-ARBS
chr1,177670466,177671166,peakno_2559-ARBS
chr1,178193278,178193978,peakno_2567-ARBS
chr1,178306232,178306932,peakno_2578-ARBS
chr1,179265647,179266347,peakno_2579-ARBS
chr1,180042810,180043510,peakno_2584-ARBS
chr1,180497732,180498432,overlapped_read_645-ARBS
chr1,181328000,181328700,peakno_2598-ARBS
chr1,182186898,182187598,peakno_2610-ARBS
chr1,183029420,183030120,peakno_2624-ARBS
chr1,183058072,183058772,peakno_2625-ARBS
chr1,184047840,184048540,overlapped_read_4-ARBS
chr1,184391874,184392574,overlapped_read_5-ARBS
chr1,184452268,184452968,peakno_1665-ARBS
chr1,184591246,184591946,overlapped_read_6-ARBS
chr1,184726887,184727587,peakno_2638-ARBS
chr1,184805842,184806542,peakno_2639-ARBS
chr1,184874563,184875263,peakno_2640-ARBS
chr1,184898982,184899682,peakno_2824-ARBS
chr1,184980060,184980760,peakno_2825-ARBS
chr1,185127148,185127848,peakno_2826-ARBS
chr1,185311878,185312578,peakno_2827-ARBS
chr1,185485377,185486077,peakno_2828-ARBS
chr1,185503825,185504525,peakno_2829-ARBS
chr1,185665794,185666494,peakno_2839-ARBS
chr1,185674794,185675494,peakno_2840-ARBS
chr1,187245808,187246508,peakno_2844-ARBS
chr1,187806833,187807533,peakno_2846-ARBS
chr1,187940817,187941517,peakno_2847-ARBS
chr1,188138928,188139628,peakno_2848-ARBS
chr1,192465271,192465971,peakno_2877-ARBS
chr1,192660006,192660706,peakno_2878-ARBS
chr1,192813364,192814064,overlapped_read_7-ARBS
chr1,192830822,192831522,overlapped_read_655-ARBS
chr1,197752510,197753210,peakno_161-ARBS
chr1,201250385,201251085,peakno_252-ARBS
chr1,201566875,201567575,peakno_253-ARBS
chr1,201744332,201745032,peakno_256-ARBS
chr1,201886573,201887273,onlynormal_read_261-ARBS
chr1,203434108,203434808,overlapped_read_656-ARBS
chr1,203945210,203945910,peakno_258-ARBS
chr1,204057924,204058624,overlapped_read_657-ARBS
chr1,205667892,205668592,peakno_269-ARBS
chr1,205671984,205672684,peakno_270-ARBS
chr1,205679232,205679932,peakno_271-ARBS
chr1,206768682,206769382,peakno_272-ARBS
chr1,207183196,207183896,peakno_274-ARBS
chr1,207204999,207205699,overlapped_read_658-ARBS
chr1,208057380,208058080,peakno_276-ARBS
chr1,208471852,208472552,peakno_277-ARBS
chr1,211353315,211354015,peakno_456-ARBS
chr1,211647558,211648258,peakno_459-ARBS
chr1,216701987,216702687,peakno_462-ARBS
chr1,217075904,217076604,overlapped_read_671-ARBS
chr1,217699256,217699956,peakno_464-ARBS
chr1,218620203,218620903,onlynormal_read_275-ARBS
chr1,218663570,218664270,peakno_465-ARBS
chr1,218744623,218745323,peakno_466-ARBS
chr1,219334512,219335212,peakno_468-ARBS
chr1,219452588,219453288,peakno_469-ARBS
chr1,219541944,219542644,peakno_470-ARBS
chr1,219694536,219695236,peakno_471-ARBS
chr1,220907694,220908394,peakno_472-ARBS
chr1,220958326,220959026,peakno_473-ARBS
chr1,221567224,221567924,peakno_474-ARBS
chr1,222183457,222184157,peakno_646-ARBS
chr1,222796020,222796720,peakno_647-ARBS
chr1,223119624,223120324,peakno_648-ARBS
chr1,223355518,223356218,peakno_649-ARBS
chr1,224464706,224465406,peakno_650-ARBS
chr1,224504896,224505596,peakno_653-ARBS
chr1,224827547,224828247,peakno_654-ARBS
chr1,225881702,225882402,peakno_655-ARBS
chr1,225960141,225960841,peakno_735-ARBS
chr1,226078648,226079348,peakno_738-ARBS
chr1,227008845,227009545,onlynormal_read_276-ARBS
chr1,227204528,227205228,peakno_745-ARBS
chr1,227531829,227532529,peakno_749-ARBS
chr1,228863927,228864627,peakno_752-ARBS
chr1,228940640,228941340,overlapped_read_676-ARBS
chr1,229038696,229039396,peakno_753-ARBS
chr1,229343998,229344698,peakno_1770-ARBS
chr1,229357143,229357843,peakno_754-ARBS
chr1,229365414,229366114,overlapped_read_677-ARBS
chr1,229409390,229410090,peakno_755-ARBS
chr1,230321607,230322307,overlapped_read_678-ARBS
chr1,231820053,231820753,overlapped_read_679-ARBS
chr1,232840349,232841049,onlynormal_read_278-ARBS
chr1,232900215,232900915,overlapped_read_681-ARBS
chr1,232915948,232916648,peakno_1035-ARBS
chr1,233161036,233161736,peakno_1038-ARBS
chr1,233712901,233713601,peakno_1039-ARBS
chr1,233840518,233841218,peakno_1040-ARBS
chr1,234033054,234033754,peakno_815-ARBS
chr1,234182644,234183344,overlapped_read_682-ARBS
chr1,234243220,234243920,peakno_1044-ARBS
chr1,234588185,234588885,peakno_1045-ARBS
chr1,234859588,234860288,overlapped_read_3-ARBS
chr1,234997300,234998000,peakno_1049-ARBS
chr1,235053738,235054438,peakno_1050-ARBS
chr1,235096206,235096906,peakno_1051-ARBS
chr1,235132864,235133564,onlynormal_read_295-ARBS
chr1,235183702,235184402,onlynormal_read_296-ARBS
chr1,235572208,235572908,peakno_1055-ARBS
chr1,236471994,236472694,peakno_1059-ARBS
chr1,236496330,236497030,peakno_1060-ARBS
chr1,236552466,236553166,peakno_1061-ARBS
chr1,240046728,240047428,peakno_1443-ARBS
chr1,242406396,242407096,peakno_1458-ARBS
chr1,243862046,243862746,peakno_1469-ARBS
chr1,243954912,243955612,peakno_881-ARBS
chr1,243997472,243998172,peakno_1470-ARBS
chr1,244065236,244065936,peakno_1485-ARBS
chr1,244825808,244826508,peakno_1486-ARBS
chr1,245179706,245180406,peakno_1943-ARBS
chr1,245406120,245406820,peakno_1487-ARBS
chr1,245564410,245565110,peakno_1492-ARBS
chr1,246162795,246163495,peakno_1493-ARBS
chr1,246771896,246772596,overlapped_read_703-ARBS
chr1,246780814,246781514,peakno_1505-ARBS
chr1,248093576,248094276,peakno_2902-ARBS
chr1,111000189,111000889,NegativeControl-AR_motif_1329
chr1,236179216,236179916,NegativeControl-AR_motif_2427
chr1,95009533,95010233,NegativeControl-AR_motif_1157
chr1,92267147,92267847,NegativeControl-AR_motif_1134
chr1,230996724,230997424,NegativeControl-AR_motif_2368
chr1,98165014,98165714,NegativeControl-AR_motif_1195
chr1,205171432,205172132,NegativeControl-AR_motif_2082
chr1,32912856,32913556,NegativeControl-AR_motif_425
chr1,229344825,229345525,NegativeControl-AR_motif_2345
chr1,49776948,49777648,NegativeControl-AR_motif_625
chr1,68523311,68524011,NegativeControl-AR_motif_877
chr1,203109967,203110667,NegativeControl-AR_motif_2050
chr1,164258673,164259373,NegativeControl-AR_motif_1680
chr1,2186505,2187205,NegativeControl-AR_motif_29
chr1,199003558,199004258,NegativeControl-AR_motif_2012
chr1,20048999,20049699,NegativeControl-AR_motif_256
chr1,16952491,16953191,NegativeControl-AR_motif_210
chr1,99073406,99074106,NegativeControl-AR_motif_1207
chr1,44535119,44535819,NegativeControl-AR_motif_562
chr1,18172980,18173680,NegativeControl-AR_motif_234
chr1,24981708,24982408,NegativeControl-AR_motif_326
chr1,111911241,111911941,NegativeControl-AR_motif_1344
chr1,74599026,74599726,NegativeControl-AR_motif_937
chr1,98263208,98263908,NegativeControl-AR_motif_1198
chr1,111436500,111437200,NegativeControl-AR_motif_1338
chr1,5156004,5156704,NegativeControl-AR_motif_75
chr1,25004396,25005096,NegativeControl-AR_motif_327
chr1,193606742,193607442,NegativeControl-AR_motif_1963
chr1,27957391,27958091,NegativeControl-AR_motif_370
chr1,9666753,9667453,NegativeControl-AR_motif_135
chr1,31653497,31654197,NegativeControl-AR_motif_410
chr1,159549716,159550416,NegativeControl-AR_motif_1639
chr1,96990994,96991694,NegativeControl-AR_motif_1184
chr1,162072653,162073353,NegativeControl-AR_motif_1657
chr1,186858687,186859387,NegativeControl-AR_motif_1907
chr1,182113040,182113740,NegativeControl-AR_motif_1861
chr1,99778654,99779354,NegativeControl-AR_motif_1213
chr1,40410116,40410816,NegativeControl-AR_motif_514
chr1,31261280,31261980,NegativeControl-AR_motif_403
chr1,46943844,46944544,NegativeControl-AR_motif_583
chr1,230554200,230554900,NegativeControl-AR_motif_2360
chr1,166976256,166976956,NegativeControl-AR_motif_1716
chr1,82458461,82459161,NegativeControl-AR_motif_1018
chr1,155857491,155858191,NegativeControl-AR_motif_1594
chr1,165548853,165549553,NegativeControl-AR_motif_1701
chr1,98095558,98096258,NegativeControl-AR_motif_1194
chr1,173947603,173948303,NegativeControl-AR_motif_1783
chr1,2226082,2226782,NegativeControl-AR_motif_30
chr1,86000290,86000990,NegativeControl-AR_motif_1062
chr1,58342690,58343390,NegativeControl-AR_motif_735
chr1,99698831,99699531,NegativeControl-AR_motif_1211
chr1,68748028,68748728,NegativeControl-AR_motif_884
chr1,210013434,210014134,NegativeControl-AR_motif_2140
chr1,121224542,121225242,NegativeControl-AR_motif_1442
chr1,95609692,95610392,NegativeControl-AR_motif_1170
chr1,147880273,147880973,NegativeControl-AR_motif_1515
chr1,80468421,80469121,NegativeControl-AR_motif_999
chr1,165542955,165543655,NegativeControl-AR_motif_1700
chr1,90665121,90665821,NegativeControl-AR_motif_1108
chr1,73099299,73099999,NegativeControl-AR_motif_929
chr1,14288326,14289026,NegativeControl-AR_motif_179
chr1,204250969,204251669,NegativeControl-AR_motif_2068
chr1,220746417,220747117,NegativeControl-AR_motif_2257
chr1,99770337,99771037,NegativeControl-AR_motif_1212
chr1,164852839,164853539,NegativeControl-AR_motif_1688
chr1,177178839,177179539,NegativeControl-AR_motif_1806
chr1,22657998,22658698,NegativeControl-AR_motif_293
chr1,234113995,234114695,NegativeControl-AR_motif_2406
chr1,211371396,211372096,NegativeControl-AR_motif_2152
chr1,19753689,19754389,NegativeControl-AR_motif_255
chr1,209880739,209881439,NegativeControl-AR_motif_2136
chr1,48011176,48011876,NegativeControl-AR_motif_592
chr1,5759118,5759818,NegativeControl-AR_motif_87
chr1,223408245,223408945,NegativeControl-AR_motif_2279
chr1,18656975,18657675,NegativeControl-AR_motif_245
chr1,242787195,242787895,NegativeControl-AR_motif_2496
chr1,41284692,41285392,NegativeControl-AR_motif_528
chr1,206187416,206188116,NegativeControl-AR_motif_2091
chr1,7393154,7393854,NegativeControl-AR_motif_105
chr1,54123457,54124157,NegativeControl-AR_motif_679
chr1,81993445,81994145,NegativeControl-AR_motif_1015
chr1,66444674,66445374,NegativeControl-AR_motif_843
chr1,104865669,104866369,NegativeControl-AR_motif_1260
chr1,55918860,55919560,NegativeControl-AR_motif_704
chr1,3284247,3284947,NegativeControl-AR_motif_50
chr1,108511012,108511712,NegativeControl-AR_motif_1294
chr1,110447013,110447713,NegativeControl-AR_motif_1318
chr1,229709054,229709754,NegativeControl-AR_motif_2347
chr1,243295823,243296523,NegativeControl-AR_motif_2504
chr1,65430260,65430960,NegativeControl-AR_motif_833
chr1,81079575,81080275,NegativeControl-AR_motif_1009
chr1,224649411,224650111,NegativeControl-AR_motif_2291
chr1,195859181,195859881,NegativeControl-AR_motif_1984
chr1,90390824,90391524,NegativeControl-AR_motif_1104
chr1,1371988,1372688,NegativeControl-AR_motif_17
chr1,197813185,197813885,NegativeControl-AR_motif_2001
chr1,194363683,194364383,NegativeControl-AR_motif_1968
chr1,206096050,206096750,NegativeControl-AR_motif_2090
chr1,69323840,69324540,NegativeControl-AR_motif_890
chr1,104157178,104157878,NegativeControl-AR_motif_1247
chr1,167209720,167210420,NegativeControl-AR_motif_1720
chr1,177347559,177348259,NegativeControl-AR_motif_1808
chr1,167347954,167348654,NegativeControl-AR_motif_1722
chr1,105084635,105085335,NegativeControl-AR_motif_1261
chr1,25745005,25745705,NegativeControl-AR_motif_337
chr1,210697164,210697864,NegativeControl-AR_motif_2145
chr1,167551157,167551857,NegativeControl-AR_motif_1723
chr1,105483234,105483934,NegativeControl-AR_motif_1265
chr1,231416586,231417286,NegativeControl-AR_motif_2373
chr1,144831146,144831846,NegativeControl-AR_motif_1467
chr1,22053527,22054227,NegativeControl-AR_motif_282
chr1,85134358,85135058,NegativeControl-AR_motif_1051
chr1,242553724,242554424,NegativeControl-AR_motif_2489
chr1,157639029,157639729,NegativeControl-AR_motif_1623
chr1,115306252,115306952,NegativeControl-AR_motif_1386
chr1,68690931,68691631,NegativeControl-AR_motif_882
chr1,9041825,9042525,NegativeControl-AR_motif_123
chr1,1630174,1630874,NegativeControl-AR_motif_21
chr1,29364886,29365586,NegativeControl-AR_motif_382
chr1,110672111,110672811,NegativeControl-AR_motif_1323
chr1,148223602,148224302,NegativeControl-AR_motif_1518
chr1,21748086,21748786,NegativeControl-AR_motif_278
chr1,31575325,31576025,NegativeControl-AR_motif_409
chr1,189774032,189774732,NegativeControl-AR_motif_1930
chr1,77088307,77089007,NegativeControl-AR_motif_961
chr1,112977902,112978602,NegativeControl-AR_motif_1360
chr1,34417616,34418316,NegativeControl-AR_motif_445
chr1,213110347,213111047,NegativeControl-AR_motif_2173
chr1,11791954,11792654,NegativeControl-AR_motif_159
chr1,14053044,14053744,NegativeControl-AR_motif_175
chr1,5093726,5094426,NegativeControl-AR_motif_74
chr1,61914892,61915592,NegativeControl-AR_motif_787
chr1,81943314,81944014,NegativeControl-AR_motif_1013
chr1,12920008,12920708,NegativeControl-AR_motif_169
chr1,67332905,67333605,NegativeControl-AR_motif_854
chr1,195621889,195622589,NegativeControl-AR_motif_1982
chr1,108054429,108055129,NegativeControl-AR_motif_1289
chr1,3153972,3154672,NegativeControl-AR_motif_46
chr1,227107436,227108136,NegativeControl-AR_motif_2320
chr1,68534644,68535344,NegativeControl-AR_motif_878
chr1,104210476,104211176,NegativeControl-AR_motif_1250
chr1,102989800,102990500,NegativeControl-AR_motif_1235
chr1,241585395,241586095,NegativeControl-AR_motif_2479
chr1,213021162,213021862,NegativeControl-AR_motif_2172
chr1,159796203,159796903,NegativeControl-AR_motif_1641
chr1,154882070,154882770,NegativeControl-AR_motif_1587
chr1,222679622,222680322,NegativeControl-AR_motif_2273
chr1,241799254,241799954,NegativeControl-AR_motif_2481
chr1,53761335,53762035,NegativeControl-AR_motif_670
chr1,24431495,24432195,NegativeControl-AR_motif_317
chr1,109251783,109252483,NegativeControl-AR_motif_1300
chr1,171561543,171562243,NegativeControl-AR_motif_1760
chr1,145436370,145437070,NegativeControl-AR_motif_1478
chr1,167050620,167051320,NegativeControl-AR_motif_1719
chr1,162622106,162622806,NegativeControl-AR_motif_1665
chr1,90820609,90821309,NegativeControl-AR_motif_1112
chr1,237165497,237166197,NegativeControl-AR_motif_2437
chr1,14260400,14261100,NegativeControl-AR_motif_178
chr1,95142188,95142888,NegativeControl-AR_motif_1160
chr1,100592227,100592927,NegativeControl-AR_motif_1219
chr1,40439961,40440661,NegativeControl-AR_motif_517
chr1,181097303,181098003,NegativeControl-AR_motif_1850
chr1,180520016,180520716,NegativeControl-AR_motif_1845
chr1,62346098,62346798,NegativeControl-AR_motif_792
chr1,165035125,165035825,NegativeControl-AR_motif_1691
chr1,78706458,78707158,NegativeControl-AR_motif_981
chr1,38519788,38520488,NegativeControl-AR_motif_492
chr1,189217203,189217903,NegativeControl-AR_motif_1925
chr1,217207796,217208496,NegativeControl-AR_motif_2224
chr1,2360934,2361634,NegativeControl-AR_motif_32
chr1,212161667,212162367,NegativeControl-AR_motif_2164
chr1,194443493,194444193,NegativeControl-AR_motif_1969
chr1,193423475,193424175,NegativeControl-AR_motif_1959
chr1,16381167,16381867,NegativeControl-AR_motif_201
chr1,178830148,178830848,NegativeControl-AR_motif_1824
chr1,92028828,92029528,NegativeControl-AR_motif_1132
chr1,44046976,44047676,NegativeControl-AR_motif_557
chr1,85141783,85142483,NegativeControl-AR_motif_1052
chr1,37839715,37840415,NegativeControl-AR_motif_480
chr1,222993776,222994476,NegativeControl-AR_motif_2277
chr1,162351908,162352608,NegativeControl-AR_motif_1663
chr1,86094680,86095380,NegativeControl-AR_motif_1063
chr1,229934695,229935395,NegativeControl-AR_motif_2350
chr1,1152602,1153302,NegativeControl-AR_motif_12
chr1,54625776,54626476,NegativeControl-AR_motif_685
chr1,246746787,246747487,NegativeControl-AR_motif_2549
chr1,28115844,28116544,NegativeControl-AR_motif_371
chr1,91585697,91586397,NegativeControl-AR_motif_1127
chr1,184575748,184576448,NegativeControl-AR_motif_1886
chr1,111320534,111321234,NegativeControl-AR_motif_1335
chr1,208783761,208784461,NegativeControl-AR_motif_2126
chr1,36640340,36641040,NegativeControl-AR_motif_464
chr1,41961739,41962439,NegativeControl-AR_motif_538
chr1,200965261,200965961,NegativeControl-AR_motif_2023
chr1,160008874,160009574,NegativeControl-AR_motif_1642
chr1,77100784,77101484,NegativeControl-AR_motif_962
chr1,208620201,208620901,NegativeControl-AR_motif_2124
chr1,85248784,85249484,NegativeControl-AR_motif_1054
chr1,149836157,149836857,NegativeControl-AR_motif_1536
chr1,116079627,116080327,NegativeControl-AR_motif_1399
chr1,50278970,50279670,NegativeControl-AR_motif_629
chr1,104343043,104343743,NegativeControl-AR_motif_1253
chr1,66831958,66832658,NegativeControl-AR_motif_850
chr1,51153373,51154073,NegativeControl-AR_motif_641
chr1,108166129,108166829,NegativeControl-AR_motif_1292
chr1,215337768,215338468,NegativeControl-AR_motif_2201
chr1,27440150,27440850,NegativeControl-AR_motif_357
chr1,184434838,184435538,NegativeControl-AR_motif_1885
chr1,233218666,233219366,NegativeControl-AR_motif_2397
chr1,63656197,63656897,NegativeControl-AR_motif_805
chr1,201886608,201887308,NegativeControl-AR_motif_2039
chr1,224718728,224719428,NegativeControl-AR_motif_2293
chr1,109141804,109142504,NegativeControl-AR_motif_1299
chr1,183805778,183806478,NegativeControl-AR_motif_1879
chr1,17191200,17191900,NegativeControl-AR_motif_215
chr1,147034494,147035194,NegativeControl-AR_motif_1504
chr1,170770558,170771258,NegativeControl-AR_motif_1748
chr1,197201291,197201991,NegativeControl-AR_motif_1995
chr1,80849247,80849947,NegativeControl-AR_motif_1006
chr1,76771600,76772300,NegativeControl-AR_motif_955
chr1,223888084,223888784,NegativeControl-AR_motif_2284
chr1,91638217,91638917,NegativeControl-AR_motif_1128
chr1,209970837,209971537,NegativeControl-AR_motif_2138
chr1,85121539,85122239,NegativeControl-AR_motif_1050
chr1,113272776,113273476,NegativeControl-AR_motif_1365
chr1,120631867,120632567,NegativeControl-AR_motif_1437
chr1,96869509,96870209,NegativeControl-AR_motif_1181
chr1,35247854,35248554,NegativeControl-AR_motif_449
chr1,192424431,192425131,NegativeControl-AR_motif_1949
chr1,21288995,21289695,NegativeControl-AR_motif_272
chr1,198146084,198146784,NegativeControl-AR_motif_2003
chr1,190600013,190600713,NegativeControl-AR_motif_1932
chr1,27478743,27479443,NegativeControl-AR_motif_359
chr1,1676155,1676855,NegativeControl-AR_motif_23
chr1,40969198,40969898,NegativeControl-AR_motif_525
chr1,241701356,241702056,NegativeControl-AR_motif_2480
chr1,85385744,85386444,NegativeControl-AR_motif_1058
chr1,40423655,40424355,NegativeControl-AR_motif_516
chr1,248139731,248140431,NegativeControl-AR_motif_2562
chr1,238540004,238540704,NegativeControl-AR_motif_2451
chr1,203608769,203609469,NegativeControl-AR_motif_2059
chr1,149634391,149635091,NegativeControl-AR_motif_1532
chr1,22446439,22447139,NegativeControl-AR_motif_290
chr1,151599700,151600400,NegativeControl-AR_motif_1548
chr1,59978999,59979699,NegativeControl-AR_motif_762
chr1,249212118,249212818,NegativeControl-AR_motif_2572
chr1,211703201,211703901,NegativeControl-AR_motif_2157
chr1,105883220,105883920,NegativeControl-AR_motif_1267
chr1,115089641,115090341,NegativeControl-AR_motif_1384
chr1,67933978,67934678,NegativeControl-AR_motif_862
chr1,88653790,88654490,NegativeControl-AR_motif_1088
chr1,65357922,65358622,NegativeControl-AR_motif_831
chr1,236260219,236260919,LNcaP_pos_2-PositiveControl
chr1,31944214,31944914,LNcaP_pos_5-PositiveControl
chr1,245836196,245836896,LNcaP_pos_7-PositiveControl
chr1,181103939,181104639,LNcaP_pos_10-PositiveControl
chr1,69520718,69521418,LNcaP_pos_30-PositiveControl
chr1,244898528,244899228,LNcaP_pos_32-PositiveControl
chr1,9241816,9242516,LNcaP_pos_33-PositiveControl
chr1,142705492,142706192,LNcaP_pos_44-PositiveControl
chr1,70671047,70671747,LNcaP_pos_51-PositiveControl
chr1,218774222,218774922,LNcaP_pos_72-PositiveControl
chr1,245305419,245306119,LNcaP_pos_76-PositiveControl
chr1,68152108,68152808,LNcaP_pos_87-PositiveControl
chr1,187377138,187377838,LNcaP_pos_97-PositiveControl
chr1,244402549,244403249,LNcaP_pos_104-PositiveControl
chr1,191870607,191871307,LNcaP_pos_111-PositiveControl
chr1,212769632,212770332,LNcaP_pos_123-PositiveControl
chr1,142833952,142834652,LNcaP_pos_129-PositiveControl
chr1,143385731,143386431,LNcaP_pos_148-PositiveControl
chr1,143201980,143202680,LNcaP_pos_179-PositiveControl
chr1,98981708,98982408,LNcaP_pos_181-PositiveControl
chr1,243264709,243265409,LNcaP_pos_193-PositiveControl
chr1,111756924,111757624,LNcaP_pos_203-PositiveControl
chr1,10804300,10805000,LNcaP_pos_210-PositiveControl
chr1,182730424,182731124,LNcaP_pos_217-PositiveControl
chr1,80519624,80520324,LNcaP_pos_226-PositiveControl
chr1,22301044,22301744,LNcaP_pos_235-PositiveControl
chr1,111907128,111907828,LNcaP_pos_254-PositiveControl
chr1,10695803,10696503,LNcaP_pos_256-PositiveControl
chr1,40348706,40349406,LNcaP_pos_267-PositiveControl
chr1,121484496,121485196,LNcaP_pos_268-PositiveControl
chr1,12266915,12267615,LNcaP_pos_279-PositiveControl
chr1,119839279,119839979,LNcaP_pos_282-PositiveControl
chr1,241099896,241100596,LNcaP_pos_305-PositiveControl
chr1,62339057,62339757,LNcaP_pos_320-PositiveControl
chr1,174817956,174818656,LNcaP_pos_331-PositiveControl
chr1,182612714,182613414,LNcaP_pos_332-PositiveControl
chr1,87379366,87380066,LNcaP_pos_356-PositiveControl
chr1,210494715,210495415,LNcaP_pos_364-PositiveControl
chr1,232884336,232885036,LNcaP_pos_368-PositiveControl
chr1,94344328,94345028,LNcaP_pos_381-PositiveControl
chr1,235832951,235833651,LNcaP_pos_384-PositiveControl
chr1,227911028,227911728,LNcaP_pos_389-PositiveControl
chr1,182115302,182116002,LNcaP_pos_412-PositiveControl
chr1,32573376,32574076,LNcaP_pos_415-PositiveControl
chr1,152449878,152450578,LNcaP_pos_421-PositiveControl
chr1,85051358,85052058,LNcaP_pos_423-PositiveControl
chr1,72466248,72466948,LNcaP_pos_428-PositiveControl
chr1,101992253,101992953,LNcaP_pos_429-PositiveControl
chr1,110949852,110950552,LNcaP_pos_450-PositiveControl
chr1,40626642,40627342,LNcaP_pos_459-PositiveControl
chr1,155606960,155607660,LNcaP_pos_479-PositiveControl
chr1,233088518,233089218,LNcaP_pos_480-PositiveControl
chr1,117421654,117422354,LNcaP_pos_498-PositiveControl
chr2,439802,440502,onlynormal_read_98-ARBS
chr2,558692,559392,peakno_298-ARBS
chr2,668682,669382,peakno_1788-ARBS
chr2,938278,938978,peakno_303-ARBS
chr2,1635446,1636146,peakno_304-ARBS
chr2,1679170,1679870,onlynormal_read_99-ARBS
chr2,1690460,1691160,overlapped_read_242-ARBS
chr2,3871235,3871935,overlapped_read_243-ARBS
chr2,4170176,4170876,peakno_311-ARBS
chr2,4305994,4306694,peakno_312-ARBS
chr2,5251654,5252354,overlapped_read_244-ARBS
chr2,5573843,5574543,peakno_315-ARBS
chr2,6268506,6269206,peakno_1925-ARBS
chr2,7086665,7087365,peakno_475-ARBS
chr2,7117224,7117924,peakno_478-ARBS
chr2,7171750,7172450,overlapped_read_245-ARBS
chr2,9141074,9141774,peakno_483-ARBS
chr2,10597855,10598555,peakno_573-ARBS
chr2,11347096,11347796,peakno_574-ARBS
chr2,11679368,11680068,overlapped_read_248-ARBS
chr2,11711100,11711800,onlynormal_read_100-ARBS
chr2,11838078,11838778,onlynormal_read_104-ARBS
chr2,12201701,12202401,peakno_576-ARBS
chr2,12928228,12928928,onlynormal_read_105-ARBS
chr2,13022149,13022849,peakno_578-ARBS
chr2,13036309,13037009,peakno_580-ARBS
chr2,13120291,13120991,peakno_581-ARBS
chr2,13643230,13643930,peakno_583-ARBS
chr2,13700683,13701383,peakno_584-ARBS
chr2,13822795,13823495,peakno_585-ARBS
chr2,14398517,14399217,peakno_1740-ARBS
chr2,14621052,14621752,peakno_756-ARBS
chr2,14694850,14695550,peakno_757-ARBS
chr2,14921090,14921790,peakno_759-ARBS
chr2,15414973,15415673,peakno_760-ARBS
chr2,15424532,15425232,peakno_761-ARBS
chr2,15756410,15757110,peakno_762-ARBS
chr2,16695508,16696208,peakno_764-ARBS
chr2,16829829,16830529,peakno_765-ARBS
chr2,16998906,16999606,peakno_766-ARBS
chr2,17124625,17125325,overlapped_read_249-ARBS
chr2,17128300,17129000,peakno_771-ARBS
chr2,17517574,17518274,peakno_772-ARBS
chr2,17911168,17911868,peakno_773-ARBS
chr2,18630900,18631600,peakno_777-ARBS
chr2,18981509,18982209,peakno_780-ARBS
chr2,19270512,19271212,peakno_781-ARBS
chr2,20087237,20087937,peakno_786-ARBS
chr2,20327570,20328270,peakno_787-ARBS
chr2,20333302,20334002,peakno_788-ARBS
chr2,20638205,20638905,peakno_792-ARBS
chr2,20995460,20996160,peakno_793-ARBS
chr2,21865705,21866405,peakno_797-ARBS
chr2,21869593,21870293,peakno_798-ARBS
chr2,23631044,23631744,peakno_799-ARBS
chr2,23824872,23825572,onlynormal_read_196-ARBS
chr2,23968438,23969138,overlapped_read_469-ARBS
chr2,24124708,24125408,peakno_800-ARBS
chr2,24762728,24763428,overlapped_read_470-ARBS
chr2,25219629,25220329,peakno_1062-ARBS
chr2,25841344,25842044,onlynormal_read_197-ARBS
chr2,26159769,26160469,overlapped_read_471-ARBS
chr2,27114846,27115546,peakno_1066-ARBS
chr2,27123055,27123755,peakno_1067-ARBS
chr2,27930598,27931298,overlapped_read_474-ARBS
chr2,28189280,28189980,peakno_1161-ARBS
chr2,28833532,28834232,peakno_1176-ARBS
chr2,28849578,28850278,onlynormal_read_200-ARBS
chr2,28884264,28884964,overlapped_read_478-ARBS
chr2,28952456,28953156,peakno_1177-ARBS
chr2,28969244,28969944,overlapped_read_479-ARBS
chr2,30440558,30441258,peakno_1190-ARBS
chr2,30827162,30827862,peakno_875-ARBS
chr2,31753771,31754471,peakno_1207-ARBS
chr2,32036384,32037084,peakno_1208-ARBS
chr2,32554008,32554708,peakno_3172-ARBS
chr2,32927058,32927758,peakno_3174-ARBS
chr2,33215240,33215940,peakno_3175-ARBS
chr2,33534472,33535172,peakno_3180-ARBS
chr2,33990638,33991338,peakno_1959-ARBS
chr2,35839546,35840246,overlapped_read_484-ARBS
chr2,37194613,37195313,peakno_3199-ARBS
chr2,37906240,37906940,peakno_3200-ARBS
chr2,38365938,38366638,overlapped_read_487-ARBS
chr2,38386564,38387264,peakno_3208-ARBS
chr2,38653506,38654206,peakno_3209-ARBS
chr2,38687335,38688035,peakno_3214-ARBS
chr2,38947524,38948224,onlynormal_read_210-ARBS
chr2,40340932,40341632,onlynormal_read_211-ARBS
chr2,40917517,40918217,onlynormal_read_212-ARBS
chr2,40964292,40964992,peakno_3218-ARBS
chr2,41675522,41676222,peakno_3223-ARBS
chr2,42673494,42674194,peakno_3228-ARBS
chr2,43072010,43072710,overlapped_read_522-ARBS
chr2,43103292,43103992,overlapped_read_523-ARBS
chr2,43313487,43314187,onlynormal_read_214-ARBS
chr2,43358187,43358887,onlynormal_read_181-ARBS
chr2,43520870,43521570,overlapped_read_526-ARBS
chr2,43767023,43767723,onlynormal_read_216-ARBS
chr2,44329820,44330520,overlapped_read_529-ARBS
chr2,46252078,46252778,overlapped_read_530-ARBS
chr2,46361835,46362535,peakno_110-ARBS
chr2,46542256,46542956,onlynormal_read_217-ARBS
chr2,47082206,47082906,onlynormal_read_218-ARBS
chr2,47093821,47094521,overlapped_read_533-ARBS
chr2,47277692,47278392,peakno_115-ARBS
chr2,48752242,48752942,overlapped_read_534-ARBS
chr2,49533913,49534613,overlapped_read_535-ARBS
chr2,49676540,49677240,peakno_126-ARBS
chr2,50781626,50782326,peakno_128-ARBS
chr2,50877451,50878151,peakno_835-ARBS
chr2,50945266,50945966,peakno_129-ARBS
chr2,55217156,55217856,peakno_1285-ARBS
chr2,56037597,56038297,peakno_1300-ARBS
chr2,56066119,56066819,peakno_1302-ARBS
chr2,56134702,56135402,peakno_1303-ARBS
chr2,58307996,58308696,peakno_1307-ARBS
chr2,58841252,58841952,peakno_1308-ARBS
chr2,61242938,61243638,peakno_1321-ARBS
chr2,61648213,61648913,peakno_1323-ARBS
chr2,62213196,62213896,peakno_1415-ARBS
chr2,64743488,64744188,peakno_1706-ARBS
chr2,65330304,65331004,peakno_1707-ARBS
chr2,66717624,66718324,peakno_1718-ARBS
chr2,67029862,67030562,peakno_1719-ARBS
chr2,67531596,67532296,peakno_1722-ARBS
chr2,67673578,67674278,overlapped_read_538-ARBS
chr2,67743204,67743904,peakno_1732-ARBS
chr2,67929926,67930626,peakno_1736-ARBS
chr2,69173075,69173775,peakno_1746-ARBS
chr2,69901301,69902001,overlapped_read_563-ARBS
chr2,71927137,71927837,overlapped_read_564-ARBS
chr2,73773300,73774000,overlapped_read_565-ARBS
chr2,74101187,74101887,peakno_1782-ARBS
chr2,74104462,74105162,peakno_1797-ARBS
chr2,76605118,76605818,peakno_1897-ARBS
chr2,79330130,79330830,peakno_2101-ARBS
chr2,79344500,79345200,peakno_2102-ARBS
chr2,79492816,79493516,peakno_2103-ARBS
chr2,80019056,80019756,peakno_2107-ARBS
chr2,80119133,80119833,peakno_2108-ARBS
chr2,85185403,85186103,overlapped_read_567-ARBS
chr2,85648458,85649158,peakno_2118-ARBS
chr2,85725153,85725853,peakno_2119-ARBS
chr2,85776067,85776767,peakno_2121-ARBS
chr2,85935623,85936323,peakno_2122-ARBS
chr2,86859676,86860376,peakno_2131-ARBS
chr2,98724406,98725106,peakno_2140-ARBS
chr2,100615276,100615976,overlapped_read_580-ARBS
chr2,100684128,100684828,overlapped_read_581-ARBS
chr2,100732550,100733250,overlapped_read_582-ARBS
chr2,101696502,101697202,overlapped_read_583-ARBS
chr2,102135304,102136004,peakno_2222-ARBS
chr2,102512120,102512820,peakno_2223-ARBS
chr2,102664730,102665430,onlynormal_read_232-ARBS
chr2,102736756,102737456,peakno_2224-ARBS
chr2,102843984,102844684,onlynormal_read_233-ARBS
chr2,104003180,104003880,peakno_2228-ARBS
chr2,105656884,105657584,peakno_2232-ARBS
chr2,105866242,105866942,peakno_2234-ARBS
chr2,106060579,106061279,peakno_2235-ARBS
chr2,108328368,108329068,peakno_2250-ARBS
chr2,108836368,108837068,peakno_2251-ARBS
chr2,108888328,108889028,peakno_2252-ARBS
chr2,109229380,109230080,peakno_2253-ARBS
chr2,109248882,109249582,peakno_850-ARBS
chr2,109626154,109626854,peakno_2257-ARBS
chr2,110315928,110316628,peakno_2266-ARBS
chr2,111554153,111554853,peakno_2442-ARBS
chr2,111742066,111742766,peakno_2443-ARBS
chr2,112715194,112715894,onlynormal_read_245-ARBS
chr2,112842924,112843624,peakno_2458-ARBS
chr2,113345915,113346615,peakno_2459-ARBS
chr2,113916376,113917076,peakno_2464-ARBS
chr2,114689826,114690526,peakno_2472-ARBS
chr2,118872242,118872942,peakno_2477-ARBS
chr2,118906186,118906886,peakno_2478-ARBS
chr2,120095199,120095899,peakno_2480-ARBS
chr2,120824602,120825302,peakno_2491-ARBS
chr2,120865444,120866144,peakno_2493-ARBS
chr2,121793576,121794276,peakno_2505-ARBS
chr2,122018121,122018821,peakno_2506-ARBS
chr2,122040190,122040890,peakno_2507-ARBS
chr2,123123848,123124548,peakno_2521-ARBS
chr2,124806016,124806716,peakno_2742-ARBS
chr2,124940751,124941451,peakno_2743-ARBS
chr2,127901310,127902010,peakno_2745-ARBS
chr2,129136453,129137153,onlynormal_read_246-ARBS
chr2,129199920,129200620,peakno_2757-ARBS
chr2,129341942,129342642,peakno_2758-ARBS
chr2,132362102,132362802,peakno_2762-ARBS
chr2,134075507,134076207,peakno_2776-ARBS
chr2,134247022,134247722,peakno_2777-ARBS
chr2,134409602,134410302,peakno_2791-ARBS
chr2,134431910,134432610,peakno_1664-ARBS
chr2,138650526,138651226,peakno_2810-ARBS
chr2,138935160,138935860,peakno_2811-ARBS
chr2,139651156,139651856,peakno_210-ARBS
chr2,144975260,144975960,peakno_217-ARBS
chr2,145769634,145770334,peakno_224-ARBS
chr2,145784548,145785248,peakno_225-ARBS
chr2,145990462,145991162,peakno_226-ARBS
chr2,148042318,148043018,peakno_229-ARBS
chr2,148245268,148245968,overlapped_read_609-ARBS
chr2,148283133,148283833,peakno_230-ARBS
chr2,149634830,149635530,peakno_233-ARBS
chr2,151030876,151031576,peakno_239-ARBS
chr2,151969464,151970164,peakno_240-ARBS
chr2,152630830,152631530,peakno_241-ARBS
chr2,153158494,153159194,peakno_416-ARBS
chr2,159213918,159214618,peakno_432-ARBS
chr2,159949844,159950544,peakno_442-ARBS
chr2,160764246,160764946,peakno_443-ARBS
chr2,161522680,161523380,onlynormal_read_248-ARBS
chr2,162617560,162618260,peakno_451-ARBS
chr2,162940924,162941624,peakno_452-ARBS
chr2,165614313,165615013,peakno_1853-ARBS
chr2,165696557,165697257,peakno_1856-ARBS
chr2,165706530,165707230,peakno_1857-ARBS
chr2,165837327,165838027,peakno_1863-ARBS
chr2,166809120,166809820,peakno_1866-ARBS
chr2,167013774,167014474,peakno_1867-ARBS
chr2,168943226,168943926,overlapped_read_612-ARBS
chr2,169134919,169135619,overlapped_read_652-ARBS
chr2,170859658,170860358,peakno_2023-ARBS
chr2,171074775,171075475,peakno_2030-ARBS
chr2,171386606,171387306,peakno_2031-ARBS
chr2,171536057,171536757,peakno_1681-ARBS
chr2,172202726,172203426,peakno_2038-ARBS
chr2,172953310,172954010,peakno_2039-ARBS
chr2,173893288,173893988,peakno_2348-ARBS
chr2,173913924,173914624,peakno_2349-ARBS
chr2,174074944,174075644,peakno_2351-ARBS
chr2,174152155,174152855,peakno_2352-ARBS
chr2,175367942,175368642,peakno_2359-ARBS
chr2,177349363,177350063,overlapped_read_653-ARBS
chr2,177420950,177421650,peakno_2364-ARBS
chr2,178794510,178795210,peakno_1713-ARBS
chr2,178989636,178990336,peakno_2372-ARBS
chr2,179694740,179695440,peakno_1885-ARBS
chr2,179774220,179774920,peakno_2376-ARBS
chr2,180438758,180439458,overlapped_read_654-ARBS
chr2,180818588,180819288,peakno_2385-ARBS
chr2,181006166,181006866,peakno_2390-ARBS
chr2,181122662,181123362,peakno_2391-ARBS
chr2,181232636,181233336,peakno_2400-ARBS
chr2,181579654,181580354,peakno_2401-ARBS
chr2,181663784,181664484,peakno_2402-ARBS
chr2,181901634,181902334,peakno_2403-ARBS
chr2,182942080,182942780,peakno_2406-ARBS
chr2,182943526,182944226,peakno_2587-ARBS
chr2,183959406,183960106,peakno_2589-ARBS
chr2,184108866,184109566,peakno_2590-ARBS
chr2,187398073,187398773,peakno_1731-ARBS
chr2,187408882,187409582,peakno_2603-ARBS
chr2,189067950,189068650,peakno_2606-ARBS
chr2,189264260,189264960,peakno_2616-ARBS
chr2,189437978,189438678,overlapped_read_427-ARBS
chr2,190090546,190091246,peakno_2618-ARBS
chr2,190276504,190277204,overlapped_read_428-ARBS
chr2,191332605,191333305,peakno_2629-ARBS
chr2,191829492,191830192,peakno_2630-ARBS
chr2,192127579,192128279,peakno_2631-ARBS
chr2,192796786,192797486,overlapped_read_429-ARBS
chr2,193315208,193315908,peakno_2636-ARBS
chr2,193441826,193442526,peakno_2647-ARBS
chr2,193760873,193761573,peakno_2648-ARBS
chr2,194114936,194115636,peakno_2649-ARBS
chr2,194137604,194138304,peakno_2650-ARBS
chr2,194339540,194340240,peakno_2651-ARBS
chr2,195886670,195887370,overlapped_read_430-ARBS
chr2,195902735,195903435,peakno_2817-ARBS
chr2,196228166,196228866,peakno_2818-ARBS
chr2,197071354,197072054,peakno_2819-ARBS
chr2,197132524,197133224,peakno_2820-ARBS
chr2,197149753,197150453,peakno_2821-ARBS
chr2,198478065,198478765,peakno_2834-ARBS
chr2,201322883,201323583,peakno_2838-ARBS
chr2,201650962,201651662,peakno_2854-ARBS
chr2,202330944,202331644,peakno_2855-ARBS
chr2,204495718,204496418,peakno_2873-ARBS
chr2,204512856,204513556,peakno_2874-ARBS
chr2,207572838,207573538,peakno_2887-ARBS
chr2,207687704,207688404,peakno_2888-ARBS
chr2,208392892,208393592,peakno_2898-ARBS
chr2,208709730,208710430,peakno_2965-ARBS
chr2,208880038,208880738,peakno_2966-ARBS
chr2,211073602,211074302,peakno_2969-ARBS
chr2,211098124,211098824,overlapped_read_660-ARBS
chr2,211254458,211255158,peakno_2970-ARBS
chr2,211295746,211296446,peakno_871-ARBS
chr2,212243164,212243864,peakno_2971-ARBS
chr2,212273038,212273738,peakno_2972-ARBS
chr2,215259568,215260268,overlapped_read_661-ARBS
chr2,215689810,215690510,peakno_2976-ARBS
chr2,216700107,216700807,peakno_2981-ARBS
chr2,216953383,216954083,peakno_2982-ARBS
chr2,217415964,217416664,peakno_1683-ARBS
chr2,217485904,217486604,overlapped_read_662-ARBS
chr2,217742622,217743322,peakno_2987-ARBS
chr2,217957195,217957895,peakno_2988-ARBS
chr2,217974762,217975462,peakno_2990-ARBS
chr2,218128456,218129156,peakno_2991-ARBS
chr2,218204782,218205482,peakno_2992-ARBS
chr2,218239680,218240380,peakno_2993-ARBS
chr2,219177958,219178658,peakno_2994-ARBS
chr2,220263482,220264182,peakno_3039-ARBS
chr2,220636613,220637313,peakno_3040-ARBS
chr2,221063313,221064013,overlapped_read_663-ARBS
chr2,221142202,221142902,peakno_1663-ARBS
chr2,221833925,221834625,peakno_3044-ARBS
chr2,222475188,222475888,overlapped_read_664-ARBS
chr2,222807554,222808254,peakno_3048-ARBS
chr2,223650756,223651456,overlapped_read_665-ARBS
chr2,224084850,224085550,peakno_3049-ARBS
chr2,224815306,224816006,peakno_3054-ARBS
chr2,225799152,225799852,peakno_3056-ARBS
chr2,226705902,226706602,peakno_3060-ARBS
chr2,226707656,226708356,overlapped_read_666-ARBS
chr2,226726360,226727060,peakno_3061-ARBS
chr2,226864290,226864990,peakno_3062-ARBS
chr2,227033346,227034046,peakno_3063-ARBS
chr2,227075943,227076643,peakno_3064-ARBS
chr2,227514629,227515329,overlapped_read_667-ARBS
chr2,227541658,227542358,peakno_3065-ARBS
chr2,227603266,227603966,overlapped_read_668-ARBS
chr2,228044767,228045467,onlynormal_read_273-ARBS
chr2,228442163,228442863,peakno_3068-ARBS
chr2,228542409,228543109,peakno_3069-ARBS
chr2,229636282,229636982,overlapped_read_669-ARBS
chr2,230071010,230071710,peakno_3071-ARBS
chr2,230271724,230272424,onlynormal_read_274-ARBS
chr2,230275474,230276174,peakno_3166-ARBS
chr2,230377184,230377884,peakno_3167-ARBS
chr2,230431619,230432319,peakno_3169-ARBS
chr2,230477244,230477944,peakno_3170-ARBS
chr2,231584410,231585110,peakno_3177-ARBS
chr2,232169777,232170477,peakno_3178-ARBS
chr2,233099927,233100627,peakno_873-ARBS
chr2,233184622,233185322,peakno_3185-ARBS
chr2,234180278,234180978,peakno_3186-ARBS
chr2,234299681,234300381,peakno_3187-ARBS
chr2,234608648,234609348,peakno_3195-ARBS
chr2,234651223,234651923,peakno_3196-ARBS
chr2,234795072,234795772,peakno_3197-ARBS
chr2,234861844,234862544,overlapped_read_670-ARBS
chr2,234928790,234929490,peakno_3205-ARBS
chr2,234990953,234991653,peakno_3206-ARBS
chr2,235277413,235278113,overlapped_read_685-ARBS
chr2,235542292,235542992,peakno_3211-ARBS
chr2,235622074,235622774,peakno_3212-ARBS
chr2,235961474,235962174,overlapped_read_686-ARBS
chr2,236450352,236451052,peakno_3216-ARBS
chr2,237588431,237589131,overlapped_read_687-ARBS
chr2,237723068,237723768,peakno_3221-ARBS
chr2,237733293,237733993,peakno_3222-ARBS
chr2,237906662,237907362,peakno_1791-ARBS
chr2,238072994,238073694,onlynormal_read_280-ARBS
chr2,238090834,238091534,onlynormal_read_281-ARBS
chr2,238357990,238358690,onlynormal_read_283-ARBS
chr2,238410736,238411436,peakno_1773-ARBS
chr2,238769585,238770285,peakno_3227-ARBS
chr2,238938888,238939588,peakno_3229-ARBS
chr2,239078756,239079456,peakno_3230-ARBS
chr2,239152608,239153308,peakno_3231-ARBS
chr2,239504906,239505606,peakno_3232-ARBS
chr2,239505615,239506315,overlapped_read_692-ARBS
chr2,240031102,240031802,peakno_86-ARBS
chr2,240073314,240074014,overlapped_read_693-ARBS
chr2,240238548,240239248,peakno_87-ARBS
chr2,240318256,240318956,peakno_89-ARBS
chr2,241190562,241191262,onlynormal_read_287-ARBS
chr2,241930981,241931681,overlapped_read_696-ARBS
chr2,242401344,242402044,peakno_93-ARBS
chr2,242775320,242776020,overlapped_read_700-ARBS
chr2,159254672,159255372,NegativeControl-AR_motif_4330
chr2,192632378,192633078,NegativeControl-AR_motif_4653
chr2,13634599,13635299,NegativeControl-AR_motif_2772
chr2,4909526,4910226,NegativeControl-AR_motif_2642
chr2,199781943,199782643,NegativeControl-AR_motif_4710
chr2,161872430,161873130,NegativeControl-AR_motif_4355
chr2,87951318,87952018,NegativeControl-AR_motif_3574
chr2,107150718,107151418,NegativeControl-AR_motif_3779
chr2,32888808,32889508,NegativeControl-AR_motif_3000
chr2,194093279,194093979,NegativeControl-AR_motif_4666
chr2,103418417,103419117,NegativeControl-AR_motif_3731
chr2,28118825,28119525,NegativeControl-AR_motif_2937
chr2,62870817,62871517,NegativeControl-AR_motif_3312
chr2,146469064,146469764,NegativeControl-AR_motif_4206
chr2,53976982,53977682,NegativeControl-AR_motif_3225
chr2,219387982,219388682,NegativeControl-AR_motif_4924
chr2,11151185,11151885,NegativeControl-AR_motif_2733
chr2,32397918,32398618,NegativeControl-AR_motif_2993
chr2,48066456,48067156,NegativeControl-AR_motif_3171
chr2,31384892,31385592,NegativeControl-AR_motif_2982
chr2,135213118,135213818,NegativeControl-AR_motif_4104
chr2,124624382,124625082,NegativeControl-AR_motif_3980
chr2,44524432,44525132,NegativeControl-AR_motif_3124
chr2,219945776,219946476,NegativeControl-AR_motif_4928
chr2,123975404,123976104,NegativeControl-AR_motif_3971
chr2,104529415,104530115,NegativeControl-AR_motif_3746
chr2,218916642,218917342,NegativeControl-AR_motif_4919
chr2,145221327,145222027,NegativeControl-AR_motif_4190
chr2,237227642,237228342,NegativeControl-AR_motif_5116
chr2,89240786,89241486,NegativeControl-AR_motif_3586
chr2,28561648,28562348,NegativeControl-AR_motif_2944
chr2,176238043,176238743,NegativeControl-AR_motif_4496
chr2,87126998,87127698,NegativeControl-AR_motif_3564
chr2,168952839,168953539,NegativeControl-AR_motif_4426
chr2,203412773,203413473,NegativeControl-AR_motif_4740
chr2,103202216,103202916,NegativeControl-AR_motif_3724
chr2,213356320,213357020,NegativeControl-AR_motif_4848
chr2,178527056,178527756,NegativeControl-AR_motif_4515
chr2,240949205,240949905,NegativeControl-AR_motif_5175
chr2,213695752,213696452,NegativeControl-AR_motif_4853
chr2,144972659,144973359,NegativeControl-AR_motif_4184
chr2,24725761,24726461,NegativeControl-AR_motif_2906
chr2,177359352,177360052,NegativeControl-AR_motif_4507
chr2,66993968,66994668,NegativeControl-AR_motif_3354
chr2,133402502,133403202,NegativeControl-AR_motif_4089
chr2,84302912,84303612,NegativeControl-AR_motif_3535
chr2,60657734,60658434,NegativeControl-AR_motif_3296
chr2,49806109,49806809,NegativeControl-AR_motif_3192
chr2,180180883,180181583,NegativeControl-AR_motif_4530
chr2,157199019,157199719,NegativeControl-AR_motif_4312
chr2,47063637,47064337,NegativeControl-AR_motif_3159
chr2,4824643,4825343,NegativeControl-AR_motif_2637
chr2,237546101,237546801,NegativeControl-AR_motif_5121
chr2,525710,526410,NegativeControl-AR_motif_2583
chr2,207787299,207787999,NegativeControl-AR_motif_4790
chr2,237616800,237617500,NegativeControl-AR_motif_5124
chr2,189492951,189493651,NegativeControl-AR_motif_4624
chr2,3527585,3528285,NegativeControl-AR_motif_2622
chr2,243015935,243016635,NegativeControl-AR_motif_5204
chr2,24486254,24486954,NegativeControl-AR_motif_2902
chr2,240820553,240821253,NegativeControl-AR_motif_5172
chr2,222745482,222746182,NegativeControl-AR_motif_4956
chr2,55467528,55468228,NegativeControl-AR_motif_3240
chr2,138189849,138190549,NegativeControl-AR_motif_4137
chr2,102920909,102921609,NegativeControl-AR_motif_3720
chr2,97243091,97243791,NegativeControl-AR_motif_3638
chr2,189877998,189878698,NegativeControl-AR_motif_4626
chr2,57065057,57065757,NegativeControl-AR_motif_3254
chr2,31150107,31150807,NegativeControl-AR_motif_2978
chr2,98348663,98349363,NegativeControl-AR_motif_3656
chr2,86055400,86056100,NegativeControl-AR_motif_3554
chr2,155241838,155242538,NegativeControl-AR_motif_4293
chr2,71991442,71992142,NegativeControl-AR_motif_3411
chr2,67182067,67182767,NegativeControl-AR_motif_3359
chr2,229704015,229704715,NegativeControl-AR_motif_5029
chr2,37883982,37884682,NegativeControl-AR_motif_3046
chr2,149251807,149252507,NegativeControl-AR_motif_4232
chr2,128072643,128073343,NegativeControl-AR_motif_4028
chr2,46128008,46128708,NegativeControl-AR_motif_3144
chr2,79937871,79938571,NegativeControl-AR_motif_3497
chr2,158841931,158842631,NegativeControl-AR_motif_4328
chr2,106365737,106366437,NegativeControl-AR_motif_3771
chr2,189464330,189465030,NegativeControl-AR_motif_4623
chr2,169964575,169965275,NegativeControl-AR_motif_4447
chr2,64998502,64999202,NegativeControl-AR_motif_3335
chr2,219681102,219681802,NegativeControl-AR_motif_4926
chr2,135965919,135966619,NegativeControl-AR_motif_4113
chr2,118259729,118260429,NegativeControl-AR_motif_3890
chr2,75775864,75776564,NegativeControl-AR_motif_3464
chr2,24086915,24087615,NegativeControl-AR_motif_2901
chr2,206558676,206559376,NegativeControl-AR_motif_4781
chr2,38266677,38267377,NegativeControl-AR_motif_3052
chr2,212502987,212503687,NegativeControl-AR_motif_4840
chr2,105351809,105352509,NegativeControl-AR_motif_3755
chr2,149550437,149551137,NegativeControl-AR_motif_4234
chr2,175979478,175980178,NegativeControl-AR_motif_4492
chr2,191851408,191852108,NegativeControl-AR_motif_4646
chr2,218166691,218167391,NegativeControl-AR_motif_4901
chr2,96273969,96274669,NegativeControl-AR_motif_3622
chr2,62911503,62912203,NegativeControl-AR_motif_3313
chr2,15522339,15523039,NegativeControl-AR_motif_2804
chr2,82641828,82642528,NegativeControl-AR_motif_3521
chr2,121623984,121624684,NegativeControl-AR_motif_3941
chr2,54893141,54893841,NegativeControl-AR_motif_3236
chr2,144022371,144023071,NegativeControl-AR_motif_4178
chr2,43110179,43110879,NegativeControl-AR_motif_3109
chr2,185983441,185984141,NegativeControl-AR_motif_4587
chr2,203420778,203421478,NegativeControl-AR_motif_4741
chr2,6470546,6471246,NegativeControl-AR_motif_2661
chr2,169415428,169416128,NegativeControl-AR_motif_4439
chr2,54379843,54380543,NegativeControl-AR_motif_3230
chr2,189520895,189521595,NegativeControl-AR_motif_4625
chr2,47412948,47413648,NegativeControl-AR_motif_3166
chr2,39165009,39165709,NegativeControl-AR_motif_3064
chr2,119224143,119224843,NegativeControl-AR_motif_3904
chr2,120498424,120499124,NegativeControl-AR_motif_3921
chr2,112715201,112715901,NegativeControl-AR_motif_3834
chr2,176677415,176678115,NegativeControl-AR_motif_4498
chr2,187282079,187282779,NegativeControl-AR_motif_4601
chr2,223972966,223973666,NegativeControl-AR_motif_4967
chr2,210153152,210153852,NegativeControl-AR_motif_4811
chr2,170981383,170982083,NegativeControl-AR_motif_4453
chr2,87983224,87983924,NegativeControl-AR_motif_3575
chr2,240394673,240395373,NegativeControl-AR_motif_5168
chr2,160512400,160513100,NegativeControl-AR_motif_4342
chr2,235771150,235771850,NegativeControl-AR_motif_5095
chr2,231643979,231644679,NegativeControl-AR_motif_5052
chr2,120046485,120047185,NegativeControl-AR_motif_3916
chr2,179714317,179715017,NegativeControl-AR_motif_4526
chr2,103401576,103402276,NegativeControl-AR_motif_3729
chr2,11597561,11598261,NegativeControl-AR_motif_2741
chr2,172442057,172442757,NegativeControl-AR_motif_4464
chr2,122259607,122260307,NegativeControl-AR_motif_3954
chr2,162934893,162935593,NegativeControl-AR_motif_4367
chr2,150726819,150727519,NegativeControl-AR_motif_4241
chr2,57501773,57502473,NegativeControl-AR_motif_3259
chr2,116009802,116010502,NegativeControl-AR_motif_3864
chr2,11858404,11859104,NegativeControl-AR_motif_2745
chr2,192907544,192908244,NegativeControl-AR_motif_4656
chr2,12211038,12211738,NegativeControl-AR_motif_2749
chr2,54644512,54645212,NegativeControl-AR_motif_3232
chr2,139612614,139613314,NegativeControl-AR_motif_4150
chr2,231894055,231894755,NegativeControl-AR_motif_5057
chr2,148264293,148264993,NegativeControl-AR_motif_4221
chr2,15563843,15564543,NegativeControl-AR_motif_2805
chr2,14329803,14330503,NegativeControl-AR_motif_2782
chr2,195727149,195727849,NegativeControl-AR_motif_4675
chr2,186807405,186808105,NegativeControl-AR_motif_4598
chr2,172135612,172136312,NegativeControl-AR_motif_4460
chr2,109792485,109793185,NegativeControl-AR_motif_3803
chr2,8321212,8321912,NegativeControl-AR_motif_2695
chr2,195294138,195294838,NegativeControl-AR_motif_4671
chr2,226321539,226322239,NegativeControl-AR_motif_4994
chr2,23560367,23561067,NegativeControl-AR_motif_2892
chr2,215949903,215950603,NegativeControl-AR_motif_4873
chr2,125323340,125324040,NegativeControl-AR_motif_3989
chr2,119024155,119024855,NegativeControl-AR_motif_3900
chr2,100989182,100989882,NegativeControl-AR_motif_3693
chr2,145712956,145713656,NegativeControl-AR_motif_4198
chr2,219991242,219991942,NegativeControl-AR_motif_4930
chr2,160320231,160320931,NegativeControl-AR_motif_4341
chr2,68155247,68155947,NegativeControl-AR_motif_3363
chr2,7335272,7335972,NegativeControl-AR_motif_2680
chr2,95485334,95486034,NegativeControl-AR_motif_3607
chr2,11273018,11273718,NegativeControl-AR_motif_2734
chr2,234221403,234222103,NegativeControl-AR_motif_5079
chr2,217913961,217914661,NegativeControl-AR_motif_4897
chr2,73731186,73731886,NegativeControl-AR_motif_3432
chr2,217261314,217262014,NegativeControl-AR_motif_4888
chr2,105956297,105956997,NegativeControl-AR_motif_3768
chr2,102319442,102320142,NegativeControl-AR_motif_3712
chr2,96779833,96780533,NegativeControl-AR_motif_3633
chr2,59960154,59960854,NegativeControl-AR_motif_3285
chr2,177494528,177495228,NegativeControl-AR_motif_4508
chr2,198885505,198886205,NegativeControl-AR_motif_4703
chr2,7183753,7184453,NegativeControl-AR_motif_2676
chr2,158520749,158521449,NegativeControl-AR_motif_4325
chr2,45623338,45624038,NegativeControl-AR_motif_3136
chr2,85967494,85968194,NegativeControl-AR_motif_3552
chr2,89088464,89089164,NegativeControl-AR_motif_3585
chr2,57530087,57530787,NegativeControl-AR_motif_3260
chr2,122806725,122807425,NegativeControl-AR_motif_3959
chr2,11578589,11579289,NegativeControl-AR_motif_2738
chr2,45841350,45842050,NegativeControl-AR_motif_3137
chr2,87877389,87878089,NegativeControl-AR_motif_3572
chr2,37540039,37540739,NegativeControl-AR_motif_3039
chr2,188195099,188195799,NegativeControl-AR_motif_4609
chr2,69097661,69098361,NegativeControl-AR_motif_3373
chr2,494166,494866,NegativeControl-AR_motif_2581
chr2,227635707,227636407,NegativeControl-AR_motif_5009
chr2,77964839,77965539,NegativeControl-AR_motif_3480
chr2,49778652,49779352,NegativeControl-AR_motif_3191
chr2,89317479,89318179,NegativeControl-AR_motif_3589
chr2,13232045,13232745,NegativeControl-AR_motif_2768
chr2,242035292,242035992,NegativeControl-AR_motif_5190
chr2,242067428,242068128,NegativeControl-AR_motif_5191
chr2,147321056,147321756,NegativeControl-AR_motif_4210
chr2,42108174,42108874,NegativeControl-AR_motif_3100
chr2,231797144,231797844,NegativeControl-AR_motif_5056
chr2,227312015,227312715,NegativeControl-AR_motif_5004
chr2,40993568,40994268,NegativeControl-AR_motif_3089
chr2,123719582,123720282,NegativeControl-AR_motif_3969
chr2,103485560,103486260,NegativeControl-AR_motif_3733
chr2,119993372,119994072,NegativeControl-AR_motif_3915
chr2,240162063,240162763,NegativeControl-AR_motif_5159
chr2,30585755,30586455,NegativeControl-AR_motif_2967
chr2,219989707,219990407,NegativeControl-AR_motif_4929
chr2,241402999,241403699,NegativeControl-AR_motif_5184
chr2,152865703,152866403,NegativeControl-AR_motif_4263
chr2,79409083,79409783,NegativeControl-AR_motif_3490
chr2,58817725,58818425,NegativeControl-AR_motif_3276
chr2,58550592,58551292,NegativeControl-AR_motif_3274
chr2,510873,511573,NegativeControl-AR_motif_2582
chr2,164222373,164223073,NegativeControl-AR_motif_4385
chr2,38087940,38088640,NegativeControl-AR_motif_3050
chr2,192749042,192749742,NegativeControl-AR_motif_4655
chr2,159652938,159653638,NegativeControl-AR_motif_4332
chr2,98261779,98262479,NegativeControl-AR_motif_3655
chr2,220474380,220475080,NegativeControl-AR_motif_4936
chr2,7533716,7534416,NegativeControl-AR_motif_2684
chr2,35165951,35166651,NegativeControl-AR_motif_3021
chr2,168566193,168566893,NegativeControl-AR_motif_4419
chr2,64893852,64894552,NegativeControl-AR_motif_3333
chr2,157759018,157759718,NegativeControl-AR_motif_4319
chr2,230597910,230598610,NegativeControl-AR_motif_5038
chr2,25371951,25372651,NegativeControl-AR_motif_2911
chr2,125190565,125191265,NegativeControl-AR_motif_3987
chr2,176762674,176763374,NegativeControl-AR_motif_4500
chr2,125994615,125995315,NegativeControl-AR_motif_4001
chr2,59049303,59050003,NegativeControl-AR_motif_3277
chr2,20336635,20337335,NegativeControl-AR_motif_2853
chr2,163120989,163121689,NegativeControl-AR_motif_4371
chr2,121852235,121852935,NegativeControl-AR_motif_3945
chr2,22401007,22401707,NegativeControl-AR_motif_2881
chr2,106559651,106560351,NegativeControl-AR_motif_3773
chr2,75217598,75218298,NegativeControl-AR_motif_3452
chr2,153473430,153474130,NegativeControl-AR_motif_4267
chr2,124414860,124415560,NegativeControl-AR_motif_3976
chr2,4678807,4679507,NegativeControl-AR_motif_2635
chr2,110900106,110900806,NegativeControl-AR_motif_3813
chr2,20370772,20371472,NegativeControl-AR_motif_2854
chr2,19848004,19848704,NegativeControl-AR_motif_2850
chr2,242743213,242743913,NegativeControl-AR_motif_5199
chr2,16707678,16708378,NegativeControl-AR_motif_2814
chr2,154542738,154543438,NegativeControl-AR_motif_4285
chr2,213566157,213566857,NegativeControl-AR_motif_4851
chr2,25780867,25781567,NegativeControl-AR_motif_2915
chr2,32387185,32387885,NegativeControl-AR_motif_2992
chr2,36178193,36178893,NegativeControl-AR_motif_3027
chr2,215685484,215686184,NegativeControl-AR_motif_4869
chr2,119329161,119329861,NegativeControl-AR_motif_3905
chr2,77691432,77692132,NegativeControl-AR_motif_3479
chr2,37541383,37542083,NegativeControl-AR_motif_3040
chr2,189163537,189164237,LNcaP_pos_17-PositiveControl
chr2,239361488,239362188,LNcaP_pos_36-PositiveControl
chr2,97274098,97274798,LNcaP_pos_42-PositiveControl
chr2,105319957,105320657,LNcaP_pos_55-PositiveControl
chr2,171077922,171078622,LNcaP_pos_56-PositiveControl
chr2,17996770,17997470,LNcaP_pos_80-PositiveControl
chr2,1492536,1493236,LNcaP_pos_82-PositiveControl
chr2,86922020,86922720,LNcaP_pos_101-PositiveControl
chr2,61504752,61505452,LNcaP_pos_120-PositiveControl
chr2,154449500,154450200,LNcaP_pos_128-PositiveControl
chr2,30188970,30189670,LNcaP_pos_132-PositiveControl
chr2,123277199,123277899,LNcaP_pos_134-PositiveControl
chr2,153557573,153558273,LNcaP_pos_187-PositiveControl
chr2,242692458,242693158,LNcaP_pos_188-PositiveControl
chr2,28395100,28395800,LNcaP_pos_192-PositiveControl
chr2,151150144,151150844,LNcaP_pos_197-PositiveControl
chr2,19428442,19429142,LNcaP_pos_202-PositiveControl
chr2,169309122,169309822,LNcaP_pos_239-PositiveControl
chr2,186432546,186433246,LNcaP_pos_242-PositiveControl
chr2,74004047,74004747,LNcaP_pos_269-PositiveControl
chr2,236233578,236234278,LNcaP_pos_281-PositiveControl
chr2,211230090,211230790,LNcaP_pos_317-PositiveControl
chr2,49068210,49068910,LNcaP_pos_326-PositiveControl
chr2,147454578,147455278,LNcaP_pos_345-PositiveControl
chr2,236352844,236353544,LNcaP_pos_355-PositiveControl
chr2,48511944,48512644,LNcaP_pos_375-PositiveControl
chr2,63635580,63636280,LNcaP_pos_407-PositiveControl
chr2,137132954,137133654,LNcaP_pos_422-PositiveControl
chr2,133300598,133301298,LNcaP_pos_446-PositiveControl
chr2,23877520,23878220,LNcaP_pos_447-PositiveControl
chr2,108888176,108888876,LNcaP_pos_453-PositiveControl
chr2,108980962,108981662,LNcaP_pos_460-PositiveControl
chr2,178034660,178035360,LNcaP_pos_469-PositiveControl
chr2,140622251,140622951,LNcaP_pos_492-PositiveControl
chr3,2886308,2887008,peakno_2634-ARBS
chr3,2911444,2912144,peakno_2635-ARBS
chr3,5392286,5392986,peakno_2816-ARBS
chr3,7423896,7424596,overlapped_read_331-ARBS
chr3,7474644,7475344,peakno_2835-ARBS
chr3,8751670,8752370,peakno_2851-ARBS
chr3,9006624,9007324,peakno_2852-ARBS
chr3,9183870,9184570,peakno_2869-ARBS
chr3,9236034,9236734,peakno_2870-ARBS
chr3,9815978,9816678,peakno_2871-ARBS
chr3,10469962,10470662,overlapped_read_332-ARBS
chr3,12451686,12452386,overlapped_read_333-ARBS
chr3,13454802,13455502,peakno_2897-ARBS
chr3,14270323,14271023,peakno_2357-ARBS
chr3,14290346,14291046,overlapped_read_334-ARBS
chr3,14337135,14337835,overlapped_read_335-ARBS
chr3,14494241,14494941,peakno_2365-ARBS
chr3,15714862,15715562,peakno_2366-ARBS
chr3,15823374,15824074,overlapped_read_337-ARBS
chr3,17501169,17501869,peakno_2379-ARBS
chr3,19233825,19234525,peakno_2394-ARBS
chr3,21845114,21845814,peakno_2397-ARBS
chr3,23154988,23155688,peakno_863-ARBS
chr3,23634368,23635068,peakno_2413-ARBS
chr3,24000670,24001370,peakno_2414-ARBS
chr3,24174995,24175695,peakno_1742-ARBS
chr3,24181340,24182040,peakno_2415-ARBS
chr3,24182746,24183446,peakno_2416-ARBS
chr3,24279206,24279906,peakno_2417-ARBS
chr3,24879774,24880474,peakno_2655-ARBS
chr3,25303803,25304503,peakno_1662-ARBS
chr3,25639140,25639840,peakno_2657-ARBS
chr3,26110249,26110949,peakno_2660-ARBS
chr3,27361397,27362097,peakno_864-ARBS
chr3,27370722,27371422,peakno_2662-ARBS
chr3,27401380,27402080,peakno_2663-ARBS
chr3,28768754,28769454,peakno_2674-ARBS
chr3,28829857,28830557,peakno_2676-ARBS
chr3,29954069,29954769,peakno_2678-ARBS
chr3,30559622,30560322,peakno_2679-ARBS
chr3,31296335,31297035,peakno_2687-ARBS
chr3,32221586,32222286,peakno_2693-ARBS
chr3,32786722,32787422,peakno_2695-ARBS
chr3,32914176,32914876,peakno_2696-ARBS
chr3,34931656,34932356,peakno_2711-ARBS
chr3,37123592,37124292,peakno_2713-ARBS
chr3,37186132,37186832,peakno_2714-ARBS
chr3,37335036,37335736,peakno_2716-ARBS
chr3,37649717,37650417,peakno_2726-ARBS
chr3,37748558,37749258,peakno_2727-ARBS
chr3,37793107,37793807,peakno_167-ARBS
chr3,39182918,39183618,peakno_1754-ARBS
chr3,39785980,39786680,peakno_172-ARBS
chr3,39880862,39881562,peakno_173-ARBS
chr3,39891816,39892516,peakno_174-ARBS
chr3,40018781,40019481,peakno_175-ARBS
chr3,40928362,40929062,overlapped_read_357-ARBS
chr3,40980668,40981368,onlynormal_read_145-ARBS
chr3,41012946,41013646,onlynormal_read_146-ARBS
chr3,41369040,41369740,onlynormal_read_147-ARBS
chr3,41889082,41889782,peakno_1963-ARBS
chr3,42266342,42267042,overlapped_read_358-ARBS
chr3,42289056,42289756,peakno_184-ARBS
chr3,42465782,42466482,peakno_1712-ARBS
chr3,42586054,42586754,peakno_187-ARBS
chr3,42603880,42604580,overlapped_read_359-ARBS
chr3,42879850,42880550,peakno_188-ARBS
chr3,44911793,44912493,peakno_196-ARBS
chr3,45579961,45580661,peakno_201-ARBS
chr3,45588472,45589172,peakno_202-ARBS
chr3,45658810,45659510,peakno_203-ARBS
chr3,48273491,48274191,overlapped_read_363-ARBS
chr3,48277968,48278668,peakno_285-ARBS
chr3,48443504,48444204,onlynormal_read_149-ARBS
chr3,48655774,48656474,peakno_286-ARBS
chr3,48775409,48776109,onlynormal_read_150-ARBS
chr3,48796855,48797555,peakno_288-ARBS
chr3,48848772,48849472,overlapped_read_364-ARBS
chr3,48923020,48923720,peakno_289-ARBS
chr3,51534070,51534770,peakno_295-ARBS
chr3,51654372,51655072,overlapped_read_380-ARBS
chr3,52502800,52503500,peakno_299-ARBS
chr3,53168200,53168900,peakno_1927-ARBS
chr3,53518908,53519608,peakno_306-ARBS
chr3,53519764,53520464,peakno_307-ARBS
chr3,55451127,55451827,peakno_316-ARBS
chr3,55483364,55484064,peakno_317-ARBS
chr3,55816320,55817020,peakno_320-ARBS
chr3,56717918,56718618,peakno_321-ARBS
chr3,56892204,56892904,peakno_322-ARBS
chr3,56989386,56990086,onlynormal_read_160-ARBS
chr3,58121746,58122446,peakno_484-ARBS
chr3,58135890,58136590,overlapped_read_382-ARBS
chr3,58562938,58563638,overlapped_read_383-ARBS
chr3,59234769,59235469,peakno_487-ARBS
chr3,59526955,59527655,peakno_488-ARBS
chr3,59591392,59592092,peakno_489-ARBS
chr3,62082693,62083393,overlapped_read_386-ARBS
chr3,62401630,62402330,peakno_579-ARBS
chr3,64353939,64354639,peakno_586-ARBS
chr3,64930772,64931472,onlynormal_read_161-ARBS
chr3,65699602,65700302,onlynormal_read_162-ARBS
chr3,66541628,66542328,peakno_767-ARBS
chr3,66622306,66623006,peakno_768-ARBS
chr3,66780061,66780761,peakno_774-ARBS
chr3,66880434,66881134,peakno_775-ARBS
chr3,67757160,67757860,peakno_776-ARBS
chr3,68532164,68532864,peakno_778-ARBS
chr3,68748377,68749077,peakno_779-ARBS
chr3,68985840,68986540,overlapped_read_388-ARBS
chr3,69331244,69331944,peakno_782-ARBS
chr3,71080119,71080819,peakno_794-ARBS
chr3,71594367,71595067,peakno_796-ARBS
chr3,72226126,72226826,onlynormal_read_163-ARBS
chr3,72242951,72243651,onlynormal_read_164-ARBS
chr3,72355850,72356550,overlapped_read_389-ARBS
chr3,72385972,72386672,overlapped_read_390-ARBS
chr3,72737748,72738448,peakno_801-ARBS
chr3,72792594,72793294,peakno_802-ARBS
chr3,73500244,73500944,peakno_803-ARBS
chr3,73735884,73736584,peakno_804-ARBS
chr3,73802969,73803669,peakno_805-ARBS
chr3,74692533,74693233,overlapped_read_391-ARBS
chr3,74753838,74754538,peakno_806-ARBS
chr3,78814575,78815275,peakno_1068-ARBS
chr3,79426950,79427650,peakno_1156-ARBS
chr3,81603332,81604032,peakno_1157-ARBS
chr3,82092992,82093692,peakno_1162-ARBS
chr3,82105188,82105888,peakno_1163-ARBS
chr3,87644810,87645510,peakno_1178-ARBS
chr3,97386612,97387312,peakno_1195-ARBS
chr3,99575880,99576580,peakno_1210-ARBS
chr3,101597583,101598283,peakno_1728-ARBS
chr3,101773920,101774620,peakno_1211-ARBS
chr3,101848952,101849652,onlynormal_read_174-ARBS
chr3,101956866,101957566,peakno_1518-ARBS
chr3,102296026,102296726,overlapped_read_407-ARBS
chr3,104317840,104318540,overlapped_read_408-ARBS
chr3,104329897,104330597,overlapped_read_409-ARBS
chr3,104529660,104530360,peakno_1532-ARBS
chr3,104535700,104536400,peakno_1533-ARBS
chr3,104859648,104860348,peakno_1534-ARBS
chr3,106397624,106398324,peakno_1550-ARBS
chr3,107157390,107158090,peakno_1552-ARBS
chr3,108038108,108038808,peakno_1555-ARBS
chr3,109572058,109572758,peakno_1643-ARBS
chr3,110578695,110579395,peakno_1645-ARBS
chr3,110584663,110585363,peakno_1646-ARBS
chr3,110665526,110666226,peakno_1649-ARBS
chr3,111853428,111854128,peakno_1658-ARBS
chr3,112782862,112783562,peakno_1659-ARBS
chr3,113808396,113809096,peakno_403-ARBS
chr3,114508414,114509114,peakno_404-ARBS
chr3,114625583,114626283,peakno_405-ARBS
chr3,114737398,114738098,overlapped_read_410-ARBS
chr3,116981925,116982625,peakno_499-ARBS
chr3,117182060,117182760,peakno_500-ARBS
chr3,117304868,117305568,peakno_501-ARBS
chr3,117310620,117311320,peakno_885-ARBS
chr3,117328752,117329452,overlapped_read_411-ARBS
chr3,120402617,120403317,peakno_508-ARBS
chr3,120412107,120412807,peakno_509-ARBS
chr3,120948764,120949464,peakno_822-ARBS
chr3,121563507,121564207,peakno_511-ARBS
chr3,121688763,121689463,peakno_512-ARBS
chr3,122471204,122471904,peakno_516-ARBS
chr3,122495796,122496496,peakno_517-ARBS
chr3,122543727,122544427,peakno_518-ARBS
chr3,122787474,122788174,peakno_1944-ARBS
chr3,123346342,123347042,overlapped_read_412-ARBS
chr3,126066182,126066882,onlynormal_read_175-ARBS
chr3,126074574,126075274,overlapped_read_413-ARBS
chr3,126860708,126861408,overlapped_read_414-ARBS
chr3,127236630,127237330,peakno_725-ARBS
chr3,128065320,128066020,peakno_730-ARBS
chr3,129142708,129143408,peakno_900-ARBS
chr3,129626984,129627684,peakno_901-ARBS
chr3,130519454,130520154,peakno_905-ARBS
chr3,130569579,130570279,peakno_906-ARBS
chr3,131937629,131938329,peakno_909-ARBS
chr3,131986210,131986910,peakno_910-ARBS
chr3,134867173,134867873,overlapped_read_424-ARBS
chr3,136062222,136062922,peakno_3123-ARBS
chr3,136617310,136618010,peakno_3124-ARBS
chr3,138001522,138002222,peakno_3127-ARBS
chr3,139905099,139905799,overlapped_read_425-ARBS
chr3,140438876,140439576,overlapped_read_426-ARBS
chr3,140621492,140622192,peakno_3132-ARBS
chr3,140675759,140676459,peakno_3133-ARBS
chr3,140947114,140947814,overlapped_read_439-ARBS
chr3,140995034,140995734,overlapped_read_440-ARBS
chr3,142208246,142208946,peakno_3137-ARBS
chr3,143005116,143005816,peakno_3138-ARBS
chr3,143115511,143116211,peakno_3139-ARBS
chr3,143992264,143992964,peakno_3141-ARBS
chr3,145694656,145695356,peakno_3142-ARBS
chr3,145702800,145703500,peakno_3143-ARBS
chr3,145858441,145859141,peakno_3147-ARBS
chr3,146191374,146192074,peakno_3148-ARBS
chr3,148342889,148343589,overlapped_read_441-ARBS
chr3,148666672,148667372,peakno_3151-ARBS
chr3,148994940,148995640,peakno_3152-ARBS
chr3,149260384,149261084,peakno_3156-ARBS
chr3,149360682,149361382,peakno_56-ARBS
chr3,149376674,149377374,peakno_57-ARBS
chr3,149871463,149872163,peakno_58-ARBS
chr3,150256560,150257260,peakno_62-ARBS
chr3,150421717,150422417,peakno_63-ARBS
chr3,150864498,150865198,peakno_65-ARBS
chr3,150872314,150873014,peakno_66-ARBS
chr3,151237514,151238214,peakno_1933-ARBS
chr3,152103475,152104175,overlapped_read_442-ARBS
chr3,152124062,152124762,onlynormal_read_186-ARBS
chr3,152511602,152512302,peakno_69-ARBS
chr3,153384573,153385273,peakno_71-ARBS
chr3,153795364,153796064,peakno_72-ARBS
chr3,153943188,153943888,peakno_73-ARBS
chr3,154042508,154043208,overlapped_read_443-ARBS
chr3,154423695,154424395,peakno_76-ARBS
chr3,154800129,154800829,peakno_77-ARBS
chr3,154800887,154801587,peakno_78-ARBS
chr3,154950888,154951588,overlapped_read_444-ARBS
chr3,155021942,155022642,peakno_80-ARBS
chr3,155674956,155675656,peakno_1745-ARBS
chr3,156391712,156392412,onlynormal_read_187-ARBS
chr3,156623984,156624684,overlapped_read_445-ARBS
chr3,156884218,156884918,overlapped_read_446-ARBS
chr3,158414287,158414987,peakno_1198-ARBS
chr3,158440751,158441451,overlapped_read_447-ARBS
chr3,159766753,159767453,peakno_1200-ARBS
chr3,161138342,161139042,peakno_1204-ARBS
chr3,161304425,161305125,peakno_1215-ARBS
chr3,161362517,161363217,overlapped_read_466-ARBS
chr3,168997882,168998582,peakno_1220-ARBS
chr3,169023314,169024014,peakno_1221-ARBS
chr3,169877551,169878251,peakno_1229-ARBS
chr3,170585174,170585874,overlapped_read_467-ARBS
chr3,170659471,170660171,peakno_1964-ARBS
chr3,170945834,170946534,peakno_1231-ARBS
chr3,171004208,171004908,peakno_1232-ARBS
chr3,171843600,171844300,overlapped_read_468-ARBS
chr3,172015932,172016632,peakno_1548-ARBS
chr3,172035209,172035909,peakno_1549-ARBS
chr3,172326168,172326868,onlynormal_read_198-ARBS
chr3,174013205,174013905,peakno_1559-ARBS
chr3,174058572,174059272,overlapped_read_472-ARBS
chr3,174393016,174393716,peakno_1563-ARBS
chr3,174691082,174691782,peakno_1564-ARBS
chr3,175202276,175202976,overlapped_read_473-ARBS
chr3,175495762,175496462,peakno_1652-ARBS
chr3,176477639,176478339,peakno_1653-ARBS
chr3,176691874,176692574,overlapped_read_475-ARBS
chr3,176996770,176997470,peakno_1656-ARBS
chr3,177017662,177018362,overlapped_read_476-ARBS
chr3,177063214,177063914,onlynormal_read_199-ARBS
chr3,177077559,177078259,peakno_1667-ARBS
chr3,177090280,177090980,peakno_1668-ARBS
chr3,177114391,177115091,peakno_1669-ARBS
chr3,177310285,177310985,overlapped_read_477-ARBS
chr3,177320713,177321413,peakno_1671-ARBS
chr3,177336824,177337524,peakno_1672-ARBS
chr3,177505530,177506230,peakno_1673-ARBS
chr3,177527808,177528508,peakno_1674-ARBS
chr3,177802806,177803506,peakno_1675-ARBS
chr3,178234570,178235270,peakno_1687-ARBS
chr3,179167856,179168556,peakno_1978-ARBS
chr3,182542554,182543254,peakno_1983-ARBS
chr3,182607594,182608294,peakno_1984-ARBS
chr3,182873130,182873830,peakno_1986-ARBS
chr3,182911436,182912136,peakno_1987-ARBS
chr3,183009288,183009988,peakno_1988-ARBS
chr3,183126834,183127534,peakno_1989-ARBS
chr3,183483008,183483708,overlapped_read_480-ARBS
chr3,183698078,183698778,overlapped_read_481-ARBS
chr3,183723732,183724432,peakno_1991-ARBS
chr3,185514216,185514916,peakno_1994-ARBS
chr3,186689166,186689866,peakno_1998-ARBS
chr3,186732250,186732950,peakno_1999-ARBS
chr3,187457182,187457882,overlapped_read_482-ARBS
chr3,187548059,187548759,peakno_2005-ARBS
chr3,187754012,187754712,peakno_2006-ARBS
chr3,187778745,187779445,overlapped_read_483-ARBS
chr3,187794736,187795436,peakno_2007-ARBS
chr3,187924452,187925152,peakno_2008-ARBS
chr3,187938615,187939315,onlynormal_read_201-ARBS
chr3,188012590,188013290,onlynormal_read_202-ARBS
chr3,188289096,188289796,peakno_2009-ARBS
chr3,188301122,188301822,peakno_2010-ARBS
chr3,188353077,188353777,overlapped_read_1-ARBS
chr3,188358704,188359404,overlapped_read_485-ARBS
chr3,188665512,188666212,overlapped_read_486-ARBS
chr3,189022198,189022898,peakno_1892-ARBS
chr3,189167594,189168294,peakno_2179-ARBS
chr3,189757825,189758525,peakno_2181-ARBS
chr3,189778352,189779052,peakno_2182-ARBS
chr3,189986468,189987168,peakno_2183-ARBS
chr3,190427183,190427883,overlapped_read_520-ARBS
chr3,190478618,190479318,peakno_2188-ARBS
chr3,190525362,190526062,peakno_2189-ARBS
chr3,190965134,190965834,peakno_2190-ARBS
chr3,192332599,192333299,peakno_2194-ARBS
chr3,193391512,193392212,peakno_2197-ARBS
chr3,193581604,193582304,onlynormal_read_209-ARBS
chr3,193639940,193640640,peakno_2198-ARBS
chr3,193812572,193813272,peakno_2199-ARBS
chr3,194574853,194575553,peakno_2201-ARBS
chr3,194591732,194592432,overlapped_read_521-ARBS
chr3,194959408,194960108,onlynormal_read_213-ARBS
chr3,195632902,195633602,peakno_2202-ARBS
chr3,195748364,195749064,peakno_2203-ARBS
chr3,197121532,197122232,onlynormal_read_2-ARBS
chr3,103779662,103780362,NegativeControl-AR_motif_6311
chr3,106041987,106042687,NegativeControl-AR_motif_6335
chr3,12397527,12398227,NegativeControl-AR_motif_5346
chr3,50255409,50256109,NegativeControl-AR_motif_5783
chr3,140565405,140566105,NegativeControl-AR_motif_6725
chr3,9345909,9346609,NegativeControl-AR_motif_5302
chr3,102322349,102323049,NegativeControl-AR_motif_6300
chr3,6585744,6586444,NegativeControl-AR_motif_5269
chr3,139476554,139477254,NegativeControl-AR_motif_6710
chr3,614747,615447,NegativeControl-AR_motif_5209
chr3,59254713,59255413,NegativeControl-AR_motif_5888
chr3,51520997,51521697,NegativeControl-AR_motif_5795
chr3,55367324,55368024,NegativeControl-AR_motif_5852
chr3,184368997,184369697,NegativeControl-AR_motif_7165
chr3,83300136,83300836,NegativeControl-AR_motif_6150
chr3,138897590,138898290,NegativeControl-AR_motif_6702
chr3,107743828,107744528,NegativeControl-AR_motif_6363
chr3,189659072,189659772,NegativeControl-AR_motif_7248
chr3,183698089,183698789,NegativeControl-AR_motif_7154
chr3,104798300,104799000,NegativeControl-AR_motif_6324
chr3,30866160,30866860,NegativeControl-AR_motif_5547
chr3,193586478,193587178,NegativeControl-AR_motif_7286
chr3,42086805,42087505,NegativeControl-AR_motif_5686
chr3,128224423,128225123,NegativeControl-AR_motif_6593
chr3,147479752,147480452,NegativeControl-AR_motif_6789
chr3,159055085,159055785,NegativeControl-AR_motif_6912
chr3,15299812,15300512,NegativeControl-AR_motif_5399
chr3,140459267,140459967,NegativeControl-AR_motif_6724
chr3,90230386,90231086,NegativeControl-AR_motif_6216
chr3,67336568,67337268,NegativeControl-AR_motif_5984
chr3,130897639,130898339,NegativeControl-AR_motif_6624
chr3,74845892,74846592,NegativeControl-AR_motif_6082
chr3,25851409,25852109,NegativeControl-AR_motif_5499
chr3,164078225,164078925,NegativeControl-AR_motif_6961
chr3,11374331,11375031,NegativeControl-AR_motif_5329
chr3,24806951,24807651,NegativeControl-AR_motif_5489
chr3,179137105,179137805,NegativeControl-AR_motif_7094
chr3,12960305,12961005,NegativeControl-AR_motif_5353
chr3,102831576,102832276,NegativeControl-AR_motif_6306
chr3,94831719,94832419,NegativeControl-AR_motif_6226
chr3,54074943,54075643,NegativeControl-AR_motif_5840
chr3,30790469,30791169,NegativeControl-AR_motif_5545
chr3,33536745,33537445,NegativeControl-AR_motif_5574
chr3,30823227,30823927,NegativeControl-AR_motif_5546
chr3,102093153,102093853,NegativeControl-AR_motif_6297
chr3,83608715,83609415,NegativeControl-AR_motif_6155
chr3,114464659,114465359,NegativeControl-AR_motif_6435
chr3,38322906,38323606,NegativeControl-AR_motif_5640
chr3,23243505,23244205,NegativeControl-AR_motif_5474
chr3,35073016,35073716,NegativeControl-AR_motif_5593
chr3,182385899,182386599,NegativeControl-AR_motif_7133
chr3,12067800,12068500,NegativeControl-AR_motif_5340
chr3,172809755,172810455,NegativeControl-AR_motif_7033
chr3,4016905,4017605,NegativeControl-AR_motif_5243
chr3,50092008,50092708,NegativeControl-AR_motif_5779
chr3,132915973,132916673,NegativeControl-AR_motif_6641
chr3,118650920,118651620,NegativeControl-AR_motif_6476
chr3,42507512,42508212,NegativeControl-AR_motif_5695
chr3,45733777,45734477,NegativeControl-AR_motif_5730
chr3,40705159,40705859,NegativeControl-AR_motif_5669
chr3,99006394,99007094,NegativeControl-AR_motif_6272
chr3,36833145,36833845,NegativeControl-AR_motif_5617
chr3,50351607,50352307,NegativeControl-AR_motif_5784
chr3,123425463,123426163,NegativeControl-AR_motif_6533
chr3,188443887,188444587,NegativeControl-AR_motif_7227
chr3,127994218,127994918,NegativeControl-AR_motif_6590
chr3,30895408,30896108,NegativeControl-AR_motif_5548
chr3,10667527,10668227,NegativeControl-AR_motif_5319
chr3,24271749,24272449,NegativeControl-AR_motif_5485
chr3,143796899,143797599,NegativeControl-AR_motif_6759
chr3,63736954,63737654,NegativeControl-AR_motif_5943
chr3,140839544,140840244,NegativeControl-AR_motif_6727
chr3,143973970,143974670,NegativeControl-AR_motif_6762
chr3,191115508,191116208,NegativeControl-AR_motif_7260
chr3,45920915,45921615,NegativeControl-AR_motif_5734
chr3,177732754,177733454,NegativeControl-AR_motif_7074
chr3,86698237,86698937,NegativeControl-AR_motif_6180
chr3,52541738,52542438,NegativeControl-AR_motif_5812
chr3,94224120,94224820,NegativeControl-AR_motif_6222
chr3,193397201,193397901,NegativeControl-AR_motif_7285
chr3,5794809,5795509,NegativeControl-AR_motif_5264
chr3,40554803,40555503,NegativeControl-AR_motif_5666
chr3,147388866,147389566,NegativeControl-AR_motif_6787
chr3,173082163,173082863,NegativeControl-AR_motif_7035
chr3,25002953,25003653,NegativeControl-AR_motif_5493
chr3,58647275,58647975,NegativeControl-AR_motif_5882
chr3,56324876,56325576,NegativeControl-AR_motif_5863
chr3,101848676,101849376,NegativeControl-AR_motif_6291
chr3,78015677,78016377,NegativeControl-AR_motif_6110
chr3,144453737,144454437,NegativeControl-AR_motif_6768
chr3,1226293,1226993,NegativeControl-AR_motif_5216
chr3,179479477,179480177,NegativeControl-AR_motif_7098
chr3,157541845,157542545,NegativeControl-AR_motif_6894
chr3,19946960,19947660,NegativeControl-AR_motif_5448
chr3,18814312,18815012,NegativeControl-AR_motif_5437
chr3,197777242,197777942,NegativeControl-AR_motif_7347
chr3,64651016,64651716,NegativeControl-AR_motif_5949
chr3,52996761,52997461,NegativeControl-AR_motif_5819
chr3,69444499,69445199,NegativeControl-AR_motif_6020
chr3,45889786,45890486,NegativeControl-AR_motif_5733
chr3,15840904,15841604,NegativeControl-AR_motif_5408
chr3,173156239,173156939,NegativeControl-AR_motif_7036
chr3,15714888,15715588,NegativeControl-AR_motif_5405
chr3,51413738,51414438,NegativeControl-AR_motif_5794
chr3,25122285,25122985,NegativeControl-AR_motif_5495
chr3,129030562,129031262,NegativeControl-AR_motif_6607
chr3,116799136,116799836,NegativeControl-AR_motif_6455
chr3,151413476,151414176,NegativeControl-AR_motif_6831
chr3,13208349,13209049,NegativeControl-AR_motif_5361
chr3,195392985,195393685,NegativeControl-AR_motif_7308
chr3,196886201,196886901,NegativeControl-AR_motif_7331
chr3,176606661,176607361,NegativeControl-AR_motif_7065
chr3,124269565,124270265,NegativeControl-AR_motif_6548
chr3,115373001,115373701,NegativeControl-AR_motif_6445
chr3,76421151,76421851,NegativeControl-AR_motif_6097
chr3,113210460,113211160,NegativeControl-AR_motif_6419
chr3,52176172,52176872,NegativeControl-AR_motif_5802
chr3,37614396,37615096,NegativeControl-AR_motif_5628
chr3,39639702,39640402,NegativeControl-AR_motif_5656
chr3,49464806,49465506,NegativeControl-AR_motif_5774
chr3,83484259,83484959,NegativeControl-AR_motif_6151
chr3,192211450,192212150,NegativeControl-AR_motif_7268
chr3,157378745,157379445,NegativeControl-AR_motif_6893
chr3,72193340,72194040,NegativeControl-AR_motif_6037
chr3,116806182,116806882,NegativeControl-AR_motif_6456
chr3,107153194,107153894,NegativeControl-AR_motif_6353
chr3,16463344,16464044,NegativeControl-AR_motif_5416
chr3,108664943,108665643,NegativeControl-AR_motif_6374
chr3,12535491,12536191,NegativeControl-AR_motif_5349
chr3,160799801,160800501,NegativeControl-AR_motif_6924
chr3,161203639,161204339,NegativeControl-AR_motif_6930
chr3,46877092,46877792,NegativeControl-AR_motif_5745
chr3,40491227,40491927,NegativeControl-AR_motif_5665
chr3,165542489,165543189,NegativeControl-AR_motif_6977
chr3,123218485,123219185,NegativeControl-AR_motif_6524
chr3,125484251,125484951,NegativeControl-AR_motif_6561
chr3,42965413,42966113,NegativeControl-AR_motif_5702
chr3,55803025,55803725,NegativeControl-AR_motif_5859
chr3,151493058,151493758,NegativeControl-AR_motif_6833
chr3,78498773,78499473,NegativeControl-AR_motif_6115
chr3,52977668,52978368,NegativeControl-AR_motif_5818
chr3,11688008,11688708,NegativeControl-AR_motif_5335
chr3,111509488,111510188,NegativeControl-AR_motif_6402
chr3,163451815,163452515,NegativeControl-AR_motif_6956
chr3,83568157,83568857,NegativeControl-AR_motif_6152
chr3,7772011,7772711,NegativeControl-AR_motif_5278
chr3,166791938,166792638,NegativeControl-AR_motif_6986
chr3,124127758,124128458,NegativeControl-AR_motif_6545
chr3,112438718,112439418,NegativeControl-AR_motif_6409
chr3,153228225,153228925,NegativeControl-AR_motif_6847
chr3,5185513,5186213,NegativeControl-AR_motif_5259
chr3,84835571,84836271,NegativeControl-AR_motif_6165
chr3,28888325,28889025,NegativeControl-AR_motif_5528
chr3,68069645,68070345,NegativeControl-AR_motif_5996
chr3,120461957,120462657,NegativeControl-AR_motif_6500
chr3,181906,182606,NegativeControl-AR_motif_5206
chr3,85640608,85641308,NegativeControl-AR_motif_6173
chr3,35453088,35453788,NegativeControl-AR_motif_5600
chr3,52821947,52822647,NegativeControl-AR_motif_5815
chr3,175793724,175794424,NegativeControl-AR_motif_7057
chr3,17130372,17131072,NegativeControl-AR_motif_5420
chr3,187487429,187488129,NegativeControl-AR_motif_7215
chr3,154944287,154944987,NegativeControl-AR_motif_6869
chr3,140003922,140004622,NegativeControl-AR_motif_6716
chr3,192629277,192629977,NegativeControl-AR_motif_7274
chr3,93615,94315,NegativeControl-AR_motif_5205
chr3,188952430,188953130,NegativeControl-AR_motif_7236
chr3,178928738,178929438,NegativeControl-AR_motif_7091
chr3,10463269,10463969,NegativeControl-AR_motif_5312
chr3,86233067,86233767,NegativeControl-AR_motif_6179
chr3,193798617,193799317,NegativeControl-AR_motif_7290
chr3,12405098,12405798,NegativeControl-AR_motif_5347
chr3,176839855,176840555,NegativeControl-AR_motif_7067
chr3,183699074,183699774,NegativeControl-AR_motif_7155
chr3,48663983,48664683,NegativeControl-AR_motif_5765
chr3,13269400,13270100,NegativeControl-AR_motif_5363
chr3,36656243,36656943,NegativeControl-AR_motif_5613
chr3,120353890,120354590,NegativeControl-AR_motif_6498
chr3,77518794,77519494,NegativeControl-AR_motif_6105
chr3,130030739,130031439,NegativeControl-AR_motif_6617
chr3,120634014,120634714,NegativeControl-AR_motif_6502
chr3,197345430,197346130,NegativeControl-AR_motif_7339
chr3,135122186,135122886,NegativeControl-AR_motif_6667
chr3,24950607,24951307,NegativeControl-AR_motif_5492
chr3,39488071,39488771,NegativeControl-AR_motif_5653
chr3,192664564,192665264,NegativeControl-AR_motif_7275
chr3,73672717,73673417,NegativeControl-AR_motif_6061
chr3,151372599,151373299,NegativeControl-AR_motif_6830
chr3,105511024,105511724,NegativeControl-AR_motif_6330
chr3,143892379,143893079,NegativeControl-AR_motif_6761
chr3,72731261,72731961,NegativeControl-AR_motif_6046
chr3,149502547,149503247,NegativeControl-AR_motif_6813
chr3,133682396,133683096,NegativeControl-AR_motif_6648
chr3,44901487,44902187,NegativeControl-AR_motif_5723
chr3,37211465,37212165,NegativeControl-AR_motif_5624
chr3,151249005,151249705,NegativeControl-AR_motif_6829
chr3,163559957,163560657,NegativeControl-AR_motif_6957
chr3,4669546,4670246,NegativeControl-AR_motif_5250
chr3,156769980,156770680,NegativeControl-AR_motif_6888
chr3,68603543,68604243,NegativeControl-AR_motif_6006
chr3,175911179,175911879,NegativeControl-AR_motif_7059
chr3,197787251,197787951,NegativeControl-AR_motif_7348
chr3,54028826,54029526,NegativeControl-AR_motif_5838
chr3,66022520,66023220,NegativeControl-AR_motif_5967
chr3,119175893,119176593,NegativeControl-AR_motif_6483
chr3,104950775,104951475,NegativeControl-AR_motif_6326
chr3,175902692,175903392,NegativeControl-AR_motif_7058
chr3,108103909,108104609,NegativeControl-AR_motif_6367
chr3,166291849,166292549,NegativeControl-AR_motif_6981
chr3,69795543,69796243,NegativeControl-AR_motif_6021
chr3,954350,955050,LNcaP_pos_9-PositiveControl
chr3,53303881,53304581,LNcaP_pos_34-PositiveControl
chr3,41549360,41550060,LNcaP_pos_43-PositiveControl
chr3,151261096,151261796,LNcaP_pos_66-PositiveControl
chr3,185435476,185436176,LNcaP_pos_81-PositiveControl
chr3,75097620,75098320,LNcaP_pos_116-PositiveControl
chr3,122215148,122215848,LNcaP_pos_135-PositiveControl
chr3,146299777,146300477,LNcaP_pos_168-PositiveControl
chr3,33509068,33509768,LNcaP_pos_209-PositiveControl
chr3,53269971,53270671,LNcaP_pos_237-PositiveControl
chr3,101280466,101281166,LNcaP_pos_248-PositiveControl
chr3,122112853,122113553,LNcaP_pos_249-PositiveControl
chr3,10233562,10234262,LNcaP_pos_259-PositiveControl
chr3,83983531,83984231,LNcaP_pos_284-PositiveControl
chr3,166380920,166381620,LNcaP_pos_325-PositiveControl
chr3,88095296,88095996,LNcaP_pos_346-PositiveControl
chr3,32448338,32449038,LNcaP_pos_352-PositiveControl
chr3,136773578,136774278,LNcaP_pos_353-PositiveControl
chr3,140142203,140142903,LNcaP_pos_379-PositiveControl
chr3,52029530,52030230,LNcaP_pos_387-PositiveControl
chr3,10362386,10363086,LNcaP_pos_419-PositiveControl
chr3,159547196,159547896,LNcaP_pos_430-PositiveControl
chr3,78315496,78316196,LNcaP_pos_448-PositiveControl
chr3,113993628,113994328,LNcaP_pos_489-PositiveControl
chr4,1148972,1149672,peakno_2356-ARBS
chr4,1205438,1206138,overlapped_read_524-ARBS
chr4,2662365,2663065,overlapped_read_525-ARBS
chr4,3344891,3345591,peakno_2358-ARBS
chr4,6634797,6635497,overlapped_read_527-ARBS
chr4,6782440,6783140,peakno_858-ARBS
chr4,6860608,6861308,overlapped_read_528-ARBS
chr4,6958756,6959456,overlapped_read_531-ARBS
chr4,7759224,7759924,peakno_2380-ARBS
chr4,8353418,8354118,overlapped_read_532-ARBS
chr4,10007649,10008349,peakno_2382-ARBS
chr4,10498015,10498715,peakno_2383-ARBS
chr4,10499078,10499778,onlynormal_read_219-ARBS
chr4,10531700,10532400,peakno_2384-ARBS
chr4,11233470,11234170,peakno_2395-ARBS
chr4,11625022,11625722,peakno_2398-ARBS
chr4,12862946,12863646,overlapped_read_536-ARBS
chr4,14839554,14840254,peakno_2644-ARBS
chr4,15651618,15652318,peakno_2658-ARBS
chr4,15790388,15791088,peakno_840-ARBS
chr4,16045598,16046298,peakno_2659-ARBS
chr4,17742408,17743108,peakno_2661-ARBS
chr4,20270386,20271086,peakno_1946-ARBS
chr4,20640882,20641582,overlapped_read_537-ARBS
chr4,24498086,24498786,peakno_2689-ARBS
chr4,24519788,24520488,peakno_2690-ARBS
chr4,26023739,26024439,peakno_2707-ARBS
chr4,26143331,26144031,peakno_2708-ARBS
chr4,26146769,26147469,peakno_2709-ARBS
chr4,27323636,27324336,peakno_2712-ARBS
chr4,28280121,28280821,peakno_2715-ARBS
chr4,31393452,31394152,peakno_165-ARBS
chr4,31417128,31417828,peakno_166-ARBS
chr4,35460034,35460734,peakno_170-ARBS
chr4,38100629,38101329,peakno_176-ARBS
chr4,38366732,38367432,peakno_177-ARBS
chr4,38622533,38623233,peakno_178-ARBS
chr4,38623287,38623987,peakno_179-ARBS
chr4,38874119,38874819,peakno_182-ARBS
chr4,39550000,39550700,peakno_185-ARBS
chr4,41079544,41080244,peakno_190-ARBS
chr4,41431114,41431814,peakno_191-ARBS
chr4,41444662,41445362,peakno_192-ARBS
chr4,41577170,41577870,peakno_197-ARBS
chr4,41672244,41672944,peakno_198-ARBS
chr4,42132912,42133612,peakno_199-ARBS
chr4,42134853,42135553,peakno_200-ARBS
chr4,44693942,44694642,peakno_204-ARBS
chr4,45057038,45057738,peakno_1914-ARBS
chr4,45132937,45133637,peakno_281-ARBS
chr4,45151050,45151750,peakno_282-ARBS
chr4,47853956,47854656,overlapped_read_566-ARBS
chr4,47872487,47873187,peakno_291-ARBS
chr4,48128980,48129680,peakno_292-ARBS
chr4,54442728,54443428,peakno_297-ARBS
chr4,54501682,54502382,peakno_302-ARBS
chr4,54542308,54543008,overlapped_read_569-ARBS
chr4,57488230,57488930,peakno_309-ARBS
chr4,57547414,57548114,peakno_310-ARBS
chr4,57594539,57595239,overlapped_read_577-ARBS
chr4,61738068,61738768,peakno_319-ARBS
chr4,66901231,66901931,peakno_1804-ARBS
chr4,68995492,68996192,peakno_1809-ARBS
chr4,69190471,69191171,peakno_1810-ARBS
chr4,69536148,69536848,peakno_1812-ARBS
chr4,69892988,69893688,peakno_1815-ARBS
chr4,70592043,70592743,onlynormal_read_230-ARBS
chr4,71759330,71760030,peakno_1821-ARBS
chr4,72333670,72334370,peakno_1824-ARBS
chr4,72363552,72364252,peakno_1826-ARBS
chr4,73758942,73759642,peakno_1828-ARBS
chr4,74130065,74130765,peakno_1829-ARBS
chr4,74538264,74538964,peakno_1831-ARBS
chr4,74558063,74558763,peakno_1908-ARBS
chr4,74705264,74705964,peakno_1832-ARBS
chr4,74761036,74761736,peakno_1833-ARBS
chr4,74783562,74784262,peakno_1834-ARBS
chr4,74812852,74813552,peakno_1835-ARBS
chr4,75869216,75869916,peakno_1836-ARBS
chr4,77119378,77120078,peakno_1729-ARBS
chr4,77295052,77295752,peakno_2262-ARBS
chr4,77447494,77448194,overlapped_read_584-ARBS
chr4,77484416,77485116,peakno_2263-ARBS
chr4,77492304,77493004,overlapped_read_585-ARBS
chr4,77532564,77533264,onlynormal_read_231-ARBS
chr4,77598900,77599600,peakno_2276-ARBS
chr4,77625066,77625766,peakno_2277-ARBS
chr4,78485181,78485881,overlapped_read_586-ARBS
chr4,78842695,78843395,peakno_2279-ARBS
chr4,78849004,78849704,peakno_2280-ARBS
chr4,78973825,78974525,peakno_2281-ARBS
chr4,79026214,79026914,peakno_2282-ARBS
chr4,79946278,79946978,peakno_2295-ARBS
chr4,80004392,80005092,overlapped_read_587-ARBS
chr4,80348005,80348705,peakno_2298-ARBS
chr4,80435853,80436553,overlapped_read_588-ARBS
chr4,80573326,80574026,peakno_2299-ARBS
chr4,80586669,80587369,peakno_2309-ARBS
chr4,80752264,80752964,peakno_2310-ARBS
chr4,81024634,81025334,peakno_2311-ARBS
chr4,81942522,81943222,peakno_2315-ARBS
chr4,82298252,82298952,peakno_2317-ARBS
chr4,83169455,83170155,peakno_2330-ARBS
chr4,83412628,83413328,peakno_2331-ARBS
chr4,84559966,84560666,peakno_2334-ARBS
chr4,87252254,87252954,overlapped_read_605-ARBS
chr4,87508246,87508946,peakno_2513-ARBS
chr4,87614293,87614993,peakno_2515-ARBS
chr4,88010362,88011062,peakno_2516-ARBS
chr4,88052422,88053122,peakno_852-ARBS
chr4,88225720,88226420,peakno_2519-ARBS
chr4,88233028,88233728,peakno_2520-ARBS
chr4,88330302,88331002,peakno_2529-ARBS
chr4,88340648,88341348,peakno_2530-ARBS
chr4,88414134,88414834,peakno_2532-ARBS
chr4,88442803,88443503,peakno_2533-ARBS
chr4,88963962,88964662,peakno_2534-ARBS
chr4,89255890,89256590,peakno_2535-ARBS
chr4,89435846,89436546,peakno_2536-ARBS
chr4,89509370,89510070,peakno_2537-ARBS
chr4,89521276,89521976,peakno_2548-ARBS
chr4,90166382,90167082,peakno_2549-ARBS
chr4,90760385,90761085,peakno_887-ARBS
chr4,91959015,91959715,peakno_2551-ARBS
chr4,92761424,92762124,peakno_2552-ARBS
chr4,92910266,92910966,peakno_2553-ARBS
chr4,93152474,93153174,peakno_2554-ARBS
chr4,93358518,93359218,peakno_2555-ARBS
chr4,94791808,94792508,peakno_2556-ARBS
chr4,95333986,95334686,peakno_2557-ARBS
chr4,95436988,95437688,peakno_2568-ARBS
chr4,95544344,95545044,overlapped_read_607-ARBS
chr4,95574073,95574773,peakno_2736-ARBS
chr4,95591248,95591948,peakno_2737-ARBS
chr4,95601218,95601918,overlapped_read_608-ARBS
chr4,95607092,95607792,peakno_2738-ARBS
chr4,95841738,95842438,peakno_2739-ARBS
chr4,95946739,95947439,peakno_2746-ARBS
chr4,96171786,96172486,peakno_2747-ARBS
chr4,96257847,96258547,peakno_2748-ARBS
chr4,96512312,96513012,peakno_2749-ARBS
chr4,96885449,96886149,peakno_2750-ARBS
chr4,97350744,97351444,peakno_2752-ARBS
chr4,97483029,97483729,peakno_2753-ARBS
chr4,97698108,97698808,peakno_2754-ARBS
chr4,98378241,98378941,peakno_2766-ARBS
chr4,98476093,98476793,peakno_2767-ARBS
chr4,98545227,98545927,peakno_2768-ARBS
chr4,100003173,100003873,peakno_2770-ARBS
chr4,100917508,100918208,peakno_2781-ARBS
chr4,100938962,100939662,peakno_2782-ARBS
chr4,101003988,101004688,peakno_2783-ARBS
chr4,101551176,101551876,peakno_2785-ARBS
chr4,102082130,102082830,peakno_2786-ARBS
chr4,102132303,102133003,overlapped_read_610-ARBS
chr4,102177308,102178008,peakno_2787-ARBS
chr4,103496849,103497549,peakno_2799-ARBS
chr4,106489936,106490636,peakno_2949-ARBS
chr4,106820530,106821230,peakno_2950-ARBS
chr4,106831902,106832602,peakno_2951-ARBS
chr4,106833625,106834325,peakno_2952-ARBS
chr4,108979660,108980360,peakno_2953-ARBS
chr4,109213257,109213957,peakno_2954-ARBS
chr4,110915132,110915832,peakno_2955-ARBS
chr4,114537462,114538162,peakno_2956-ARBS
chr4,115483566,115484266,peakno_2957-ARBS
chr4,119667468,119668168,overlapped_read_611-ARBS
chr4,122519950,122520650,peakno_3027-ARBS
chr4,123252150,123252850,peakno_3028-ARBS
chr4,123587811,123588511,peakno_3029-ARBS
chr4,123621170,123621870,peakno_3030-ARBS
chr4,125885402,125886102,peakno_3031-ARBS
chr4,129581284,129581984,overlapped_read_123-ARBS
chr4,129765736,129766436,peakno_3032-ARBS
chr4,135549959,135550659,peakno_3033-ARBS
chr4,138822065,138822765,peakno_3034-ARBS
chr4,139251570,139252270,peakno_3035-ARBS
chr4,139833106,139833806,peakno_833-ARBS
chr4,140047886,140048586,peakno_3122-ARBS
chr4,140617502,140618202,peakno_3125-ARBS
chr4,141017522,141018222,peakno_3126-ARBS
chr4,141149944,141150644,peakno_1755-ARBS
chr4,141371341,141372041,peakno_3128-ARBS
chr4,141382284,141382984,peakno_3129-ARBS
chr4,141884854,141885554,peakno_3130-ARBS
chr4,142075080,142075780,overlapped_read_124-ARBS
chr4,143521964,143522664,peakno_3131-ARBS
chr4,143834064,143834764,overlapped_read_125-ARBS
chr4,144279888,144280588,peakno_3134-ARBS
chr4,144702414,144703114,peakno_3135-ARBS
chr4,144703128,144703828,peakno_3136-ARBS
chr4,146600546,146601246,onlynormal_read_62-ARBS
chr4,146952020,146952720,peakno_3140-ARBS
chr4,147897089,147897789,peakno_3144-ARBS
chr4,147950256,147950956,peakno_3145-ARBS
chr4,148038392,148039092,peakno_3146-ARBS
chr4,148750510,148751210,peakno_3149-ARBS
chr4,148837304,148838004,peakno_3150-ARBS
chr4,149424684,149425384,peakno_3153-ARBS
chr4,149605666,149606366,peakno_3154-ARBS
chr4,149613108,149613808,peakno_3155-ARBS
chr4,149859328,149860028,peakno_54-ARBS
chr4,151646550,151647250,peakno_55-ARBS
chr4,152074572,152075272,peakno_59-ARBS
chr4,152086778,152087478,peakno_60-ARBS
chr4,152348277,152348977,peakno_61-ARBS
chr4,153561498,153562198,peakno_64-ARBS
chr4,153743384,153744084,overlapped_read_127-ARBS
chr4,153923143,153923843,peakno_67-ARBS
chr4,153959784,153960484,peakno_68-ARBS
chr4,154190576,154191276,overlapped_read_131-ARBS
chr4,154533920,154534620,peakno_70-ARBS
chr4,156326168,156326868,peakno_74-ARBS
chr4,156366342,156367042,peakno_75-ARBS
chr4,156614206,156614906,peakno_79-ARBS
chr4,159717388,159718088,peakno_81-ARBS
chr4,159747838,159748538,peakno_82-ARBS
chr4,159934726,159935426,peakno_1197-ARBS
chr4,161144774,161145474,peakno_1199-ARBS
chr4,163423133,163423833,peakno_1201-ARBS
chr4,164030860,164031560,peakno_1202-ARBS
chr4,164396818,164397518,peakno_1203-ARBS
chr4,166306555,166307255,peakno_1205-ARBS
chr4,166547818,166548518,peakno_1216-ARBS
chr4,168148718,168149418,overlapped_read_134-ARBS
chr4,168186215,168186915,peakno_1217-ARBS
chr4,169610806,169611506,peakno_1218-ARBS
chr4,169935922,169936622,peakno_1666-ARBS
chr4,170098298,170098998,peakno_1219-ARBS
chr4,170230502,170231202,peakno_1222-ARBS
chr4,170280932,170281632,peakno_1228-ARBS
chr4,171001549,171002249,peakno_1230-ARBS
chr4,173883488,173884188,peakno_1527-ARBS
chr4,173958210,173958910,peakno_1528-ARBS
chr4,173959506,173960206,peakno_1529-ARBS
chr4,174134196,174134896,peakno_1530-ARBS
chr4,175317576,175318276,peakno_1543-ARBS
chr4,176629737,176630437,peakno_1544-ARBS
chr4,178488805,178489505,peakno_1558-ARBS
chr4,179068168,179068868,peakno_1562-ARBS
chr4,182878035,182878735,peakno_1651-ARBS
chr4,184509098,184509798,overlapped_read_158-ARBS
chr4,185077212,185077912,onlynormal_read_66-ARBS
chr4,185714090,185714790,peakno_1670-ARBS
chr4,185834539,185835239,peakno_1680-ARBS
chr4,185858474,185859174,peakno_1685-ARBS
chr4,186189131,186189831,peakno_1686-ARBS
chr4,186271199,186271899,peakno_1017-ARBS
chr4,186642876,186643576,peakno_1018-ARBS
chr4,187004754,187005454,peakno_1023-ARBS
chr4,188130920,188131620,peakno_1025-ARBS
chr4,164028239,164028939,NegativeControl-AR_motif_8910
chr4,9174354,9175054,NegativeControl-AR_motif_7481
chr4,114626401,114627101,NegativeControl-AR_motif_8440
chr4,110993623,110994323,NegativeControl-AR_motif_8410
chr4,56156967,56157667,NegativeControl-AR_motif_7905
chr4,99226300,99227000,NegativeControl-AR_motif_8283
chr4,98372366,98373066,NegativeControl-AR_motif_8277
chr4,107585077,107585777,NegativeControl-AR_motif_8375
chr4,77777972,77778672,NegativeControl-AR_motif_8090
chr4,178849450,178850150,NegativeControl-AR_motif_9058
chr4,117101178,117101878,NegativeControl-AR_motif_8460
chr4,92288440,92289140,NegativeControl-AR_motif_8231
chr4,145322162,145322862,NegativeControl-AR_motif_8718
chr4,110567585,110568285,NegativeControl-AR_motif_8403
chr4,157937481,157938181,NegativeControl-AR_motif_8865
chr4,123701629,123702329,NegativeControl-AR_motif_8526
chr4,6562484,6563184,NegativeControl-AR_motif_7428
chr4,32224741,32225441,NegativeControl-AR_motif_7708
chr4,47433109,47433809,NegativeControl-AR_motif_7840
chr4,128288677,128289377,NegativeControl-AR_motif_8572
chr4,20335293,20335993,NegativeControl-AR_motif_7602
chr4,95856905,95857605,NegativeControl-AR_motif_8260
chr4,44819722,44820422,NegativeControl-AR_motif_7818
chr4,169324267,169324967,NegativeControl-AR_motif_8955
chr4,131548266,131548966,NegativeControl-AR_motif_8597
chr4,185285090,185285790,NegativeControl-AR_motif_9122
chr4,71493625,71494325,NegativeControl-AR_motif_8031
chr4,5546356,5547056,NegativeControl-AR_motif_7419
chr4,169938280,169938980,NegativeControl-AR_motif_8963
chr4,4566516,4567216,NegativeControl-AR_motif_7406
chr4,4638694,4639394,NegativeControl-AR_motif_7408
chr4,127138288,127138988,NegativeControl-AR_motif_8556
chr4,156458341,156459041,NegativeControl-AR_motif_8849
chr4,153009665,153010365,NegativeControl-AR_motif_8804
chr4,170961855,170962555,NegativeControl-AR_motif_8976
chr4,148167572,148168272,NegativeControl-AR_motif_8746
chr4,8441926,8442626,NegativeControl-AR_motif_7465
chr4,18197040,18197740,NegativeControl-AR_motif_7588
chr4,12338596,12339296,NegativeControl-AR_motif_7517
chr4,176265870,176266570,NegativeControl-AR_motif_9030
chr4,120174663,120175363,NegativeControl-AR_motif_8491
chr4,62290579,62291279,NegativeControl-AR_motif_7959
chr4,27548935,27549635,NegativeControl-AR_motif_7676
chr4,79983230,79983930,NegativeControl-AR_motif_8115
chr4,13869959,13870659,NegativeControl-AR_motif_7532
chr4,141352552,141353252,NegativeControl-AR_motif_8683
chr4,26940,27640,NegativeControl-AR_motif_7350
chr4,166023305,166024005,NegativeControl-AR_motif_8935
chr4,22225561,22226261,NegativeControl-AR_motif_7625
chr4,110715723,110716423,NegativeControl-AR_motif_8407
chr4,104647510,104648210,NegativeControl-AR_motif_8341
chr4,153057122,153057822,NegativeControl-AR_motif_8806
chr4,139531560,139532260,NegativeControl-AR_motif_8663
chr4,178823985,178824685,NegativeControl-AR_motif_9057
chr4,181889596,181890296,NegativeControl-AR_motif_9085
chr4,7612024,7612724,NegativeControl-AR_motif_7444
chr4,42778528,42779228,NegativeControl-AR_motif_7800
chr4,25006552,25007252,NegativeControl-AR_motif_7653
chr4,63280056,63280756,NegativeControl-AR_motif_7967
chr4,123591188,123591888,NegativeControl-AR_motif_8523
chr4,36897622,36898322,NegativeControl-AR_motif_7747
chr4,152695029,152695729,NegativeControl-AR_motif_8795
chr4,52817451,52818151,NegativeControl-AR_motif_7866
chr4,146713030,146713730,NegativeControl-AR_motif_8729
chr4,15839872,15840572,NegativeControl-AR_motif_7559
chr4,144139224,144139924,NegativeControl-AR_motif_8707
chr4,58884977,58885677,NegativeControl-AR_motif_7934
chr4,20267826,20268526,NegativeControl-AR_motif_7601
chr4,190834643,190835343,NegativeControl-AR_motif_9180
chr4,175781852,175782552,NegativeControl-AR_motif_9024
chr4,12922097,12922797,NegativeControl-AR_motif_7520
chr4,140787002,140787702,NegativeControl-AR_motif_8676
chr4,150407886,150408586,NegativeControl-AR_motif_8767
chr4,81130815,81131515,NegativeControl-AR_motif_8123
chr4,170362375,170363075,NegativeControl-AR_motif_8968
chr4,66067940,66068640,NegativeControl-AR_motif_7986
chr4,106927796,106928496,NegativeControl-AR_motif_8368
chr4,4109715,4110415,NegativeControl-AR_motif_7403
chr4,22945614,22946314,NegativeControl-AR_motif_7635
chr4,97423022,97423722,NegativeControl-AR_motif_8274
chr4,102998602,102999302,NegativeControl-AR_motif_8323
chr4,81328954,81329654,NegativeControl-AR_motif_8127
chr4,152803930,152804630,NegativeControl-AR_motif_8799
chr4,41377834,41378534,NegativeControl-AR_motif_7784
chr4,53053709,53054409,NegativeControl-AR_motif_7870
chr4,161260556,161261256,NegativeControl-AR_motif_8892
chr4,152771549,152772249,NegativeControl-AR_motif_8796
chr4,170418486,170419186,NegativeControl-AR_motif_8970
chr4,77471019,77471719,NegativeControl-AR_motif_8087
chr4,55823367,55824067,NegativeControl-AR_motif_7898
chr4,104733639,104734339,NegativeControl-AR_motif_8344
chr4,15435253,15435953,NegativeControl-AR_motif_7556
chr4,150748539,150749239,NegativeControl-AR_motif_8773
chr4,62792318,62793018,NegativeControl-AR_motif_7963
chr4,149231588,149232288,NegativeControl-AR_motif_8760
chr4,171957169,171957869,NegativeControl-AR_motif_8984
chr4,112567141,112567841,NegativeControl-AR_motif_8422
chr4,22832726,22833426,NegativeControl-AR_motif_7631
chr4,148055508,148056208,NegativeControl-AR_motif_8740
chr4,124221293,124221993,NegativeControl-AR_motif_8534
chr4,168700002,168700702,NegativeControl-AR_motif_8950
chr4,84576872,84577572,NegativeControl-AR_motif_8155
chr4,46981819,46982519,NegativeControl-AR_motif_7836
chr4,121361999,121362699,NegativeControl-AR_motif_8503
chr4,167223341,167224041,NegativeControl-AR_motif_8944
chr4,21210772,21211472,NegativeControl-AR_motif_7614
chr4,48184433,48185133,NegativeControl-AR_motif_7855
chr4,100338519,100339219,NegativeControl-AR_motif_8299
chr4,187172061,187172761,NegativeControl-AR_motif_9138
chr4,148159241,148159941,NegativeControl-AR_motif_8745
chr4,179535507,179536207,NegativeControl-AR_motif_9063
chr4,146357154,146357854,NegativeControl-AR_motif_8726
chr4,151455331,151456031,NegativeControl-AR_motif_8779
chr4,99532640,99533340,NegativeControl-AR_motif_8292
chr4,156097709,156098409,NegativeControl-AR_motif_8844
chr4,155078803,155079503,NegativeControl-AR_motif_8832
chr4,122312834,122313534,NegativeControl-AR_motif_8509
chr4,53350665,53351365,NegativeControl-AR_motif_7872
chr4,119524351,119525051,NegativeControl-AR_motif_8485
chr4,76875529,76876229,NegativeControl-AR_motif_8083
chr4,180150668,180151368,NegativeControl-AR_motif_9072
chr4,173312071,173312771,NegativeControl-AR_motif_8998
chr4,5194117,5194817,NegativeControl-AR_motif_7417
chr4,180753463,180754163,NegativeControl-AR_motif_9076
chr4,25783442,25784142,NegativeControl-AR_motif_7659
chr4,163708547,163709247,NegativeControl-AR_motif_8906
chr4,137568335,137569035,NegativeControl-AR_motif_8653
chr4,179794560,179795260,NegativeControl-AR_motif_9068
chr4,112574086,112574786,NegativeControl-AR_motif_8423
chr4,176234846,176235546,NegativeControl-AR_motif_9029
chr4,101345036,101345736,NegativeControl-AR_motif_8309
chr4,125922305,125923005,NegativeControl-AR_motif_8545
chr4,79080054,79080754,NegativeControl-AR_motif_8103
chr4,22852041,22852741,NegativeControl-AR_motif_7633
chr4,187222237,187222937,NegativeControl-AR_motif_9140
chr4,61961978,61962678,NegativeControl-AR_motif_7957
chr4,30494269,30494969,NegativeControl-AR_motif_7697
chr4,9001375,9002075,NegativeControl-AR_motif_7478
chr4,119815013,119815713,NegativeControl-AR_motif_8487
chr4,173483788,173484488,NegativeControl-AR_motif_8999
chr4,56552581,56553281,NegativeControl-AR_motif_7913
chr4,118016850,118017550,NegativeControl-AR_motif_8471
chr4,130925656,130926356,NegativeControl-AR_motif_8592
chr4,14670747,14671447,NegativeControl-AR_motif_7544
chr4,7185693,7186393,NegativeControl-AR_motif_7438
chr4,190581421,190582121,NegativeControl-AR_motif_9178
chr4,135869171,135869871,NegativeControl-AR_motif_8638
chr4,82137119,82137819,NegativeControl-AR_motif_8134
chr4,94363357,94364057,NegativeControl-AR_motif_8245
chr4,55060563,55061263,NegativeControl-AR_motif_7895
chr4,110612139,110612839,NegativeControl-AR_motif_8404
chr4,87764546,87765246,NegativeControl-AR_motif_8185
chr4,144508915,144509615,NegativeControl-AR_motif_8708
chr4,136462421,136463121,NegativeControl-AR_motif_8642
chr4,127535947,127536647,NegativeControl-AR_motif_8564
chr4,76258499,76259199,NegativeControl-AR_motif_8075
chr4,182641948,182642648,NegativeControl-AR_motif_9094
chr4,148090315,148091015,NegativeControl-AR_motif_8741
chr4,92432953,92433653,NegativeControl-AR_motif_8233
chr4,129515899,129516599,NegativeControl-AR_motif_8580
chr4,84718772,84719472,NegativeControl-AR_motif_8159
chr4,135333154,135333854,NegativeControl-AR_motif_8633
chr4,131357665,131358365,NegativeControl-AR_motif_8596
chr4,173125230,173125930,NegativeControl-AR_motif_8996
chr4,127697756,127698456,NegativeControl-AR_motif_8567
chr4,135630242,135630942,NegativeControl-AR_motif_8637
chr4,8310285,8310985,NegativeControl-AR_motif_7461
chr4,166020900,166021600,NegativeControl-AR_motif_8934
chr4,147362076,147362776,NegativeControl-AR_motif_8738
chr4,147172928,147173628,NegativeControl-AR_motif_8736
chr4,90602242,90602942,LNcaP_pos_19-PositiveControl
chr4,173903219,173903919,LNcaP_pos_20-PositiveControl
chr4,63297066,63297766,LNcaP_pos_40-PositiveControl
chr4,123719137,123719837,LNcaP_pos_58-PositiveControl
chr4,84838670,84839370,LNcaP_pos_65-PositiveControl
chr4,191036953,191037653,LNcaP_pos_102-PositiveControl
chr4,78263479,78264179,LNcaP_pos_105-PositiveControl
chr4,97664450,97665150,LNcaP_pos_106-PositiveControl
chr4,119318256,119318956,LNcaP_pos_127-PositiveControl
chr4,78253940,78254640,LNcaP_pos_139-PositiveControl
chr4,49496740,49497440,LNcaP_pos_145-PositiveControl
chr4,125834475,125835175,LNcaP_pos_159-PositiveControl
chr4,31235926,31236626,LNcaP_pos_169-PositiveControl
chr4,8065120,8065820,LNcaP_pos_182-PositiveControl
chr4,159092178,159092878,LNcaP_pos_184-PositiveControl
chr4,24870430,24871130,LNcaP_pos_186-PositiveControl
chr4,2010419,2011119,LNcaP_pos_205-PositiveControl
chr4,165457780,165458480,LNcaP_pos_213-PositiveControl
chr4,84091962,84092662,LNcaP_pos_231-PositiveControl
chr4,181619758,181620458,LNcaP_pos_236-PositiveControl
chr4,186717472,186718172,LNcaP_pos_247-PositiveControl
chr4,88740295,88740995,LNcaP_pos_288-PositiveControl
chr4,35521554,35522254,LNcaP_pos_293-PositiveControl
chr4,168818208,168818908,LNcaP_pos_294-PositiveControl
chr4,5774787,5775487,LNcaP_pos_330-PositiveControl
chr4,112898548,112899248,LNcaP_pos_344-PositiveControl
chr4,123524292,123524992,LNcaP_pos_354-PositiveControl
chr4,12422820,12423520,LNcaP_pos_362-PositiveControl
chr4,75278962,75279662,LNcaP_pos_371-PositiveControl
chr4,86242092,86242792,LNcaP_pos_372-PositiveControl
chr4,144162880,144163580,LNcaP_pos_398-PositiveControl
chr4,133044977,133045677,LNcaP_pos_409-PositiveControl
chr4,155798083,155798783,LNcaP_pos_424-PositiveControl
chr4,157692344,157693044,LNcaP_pos_431-PositiveControl
chr4,116345794,116346494,LNcaP_pos_449-PositiveControl
chr4,116890828,116891528,LNcaP_pos_472-PositiveControl
chr4,104675868,104676568,LNcaP_pos_491-PositiveControl
chr5,149753,150453,peakno_1041-ARBS
chr5,3741213,3741913,peakno_1056-ARBS
chr5,5209022,5209722,peakno_1430-ARBS
chr5,7763754,7764454,onlynormal_read_69-ARBS
chr5,11561264,11561964,peakno_1459-ARBS
chr5,11992482,11993182,peakno_1471-ARBS
chr5,13731228,13731928,peakno_1472-ARBS
chr5,13944732,13945432,peakno_848-ARBS
chr5,14008844,14009544,peakno_849-ARBS
chr5,14523582,14524282,peakno_1488-ARBS
chr5,14528963,14529663,peakno_1489-ARBS
chr5,14588916,14589616,overlapped_read_170-ARBS
chr5,14716884,14717584,peakno_1711-ARBS
chr5,14721938,14722638,overlapped_read_171-ARBS
chr5,14983565,14984265,peakno_1504-ARBS
chr5,15904077,15904777,peakno_363-ARBS
chr5,16547449,16548149,overlapped_read_172-ARBS
chr5,16776478,16777178,overlapped_read_173-ARBS
chr5,16846112,16846812,peakno_368-ARBS
chr5,17077754,17078454,peakno_369-ARBS
chr5,19497202,19497902,peakno_378-ARBS
chr5,23727200,23727900,peakno_385-ARBS
chr5,23876238,23876938,peakno_386-ARBS
chr5,28880808,28881508,peakno_392-ARBS
chr5,29485292,29485992,peakno_393-ARBS
chr5,29804062,29804762,peakno_394-ARBS
chr5,30605618,30606318,peakno_397-ARBS
chr5,30638906,30639606,peakno_398-ARBS
chr5,31683351,31684051,peakno_399-ARBS
chr5,32145481,32146181,peakno_1888-ARBS
chr5,32174766,32175466,peakno_567-ARBS
chr5,32193585,32194285,peakno_568-ARBS
chr5,32331300,32332000,peakno_817-ARBS
chr5,33487178,33487878,overlapped_read_186-ARBS
chr5,34510860,34511560,peakno_665-ARBS
chr5,35890108,35890808,peakno_668-ARBS
chr5,36285837,36286537,peakno_675-ARBS
chr5,37254604,37255304,peakno_676-ARBS
chr5,37501078,37501778,peakno_677-ARBS
chr5,38115441,38116141,peakno_682-ARBS
chr5,38167482,38168182,peakno_683-ARBS
chr5,38561504,38562204,peakno_684-ARBS
chr5,38614041,38614741,peakno_689-ARBS
chr5,38666853,38667553,overlapped_read_189-ARBS
chr5,38692701,38693401,peakno_690-ARBS
chr5,38782944,38783644,peakno_691-ARBS
chr5,38796012,38796712,onlynormal_read_79-ARBS
chr5,39633164,39633864,peakno_694-ARBS
chr5,39905256,39905956,peakno_695-ARBS
chr5,40306928,40307628,peakno_697-ARBS
chr5,40376151,40376851,peakno_698-ARBS
chr5,40382014,40382714,peakno_699-ARBS
chr5,40521329,40522029,peakno_700-ARBS
chr5,40685094,40685794,peakno_701-ARBS
chr5,41193681,41194381,onlynormal_read_80-ARBS
chr5,41761629,41762329,peakno_1078-ARBS
chr5,41771504,41772204,peakno_1079-ARBS
chr5,42108448,42109148,peakno_1080-ARBS
chr5,42426526,42427226,peakno_1081-ARBS
chr5,42461494,42462194,peakno_1082-ARBS
chr5,54865082,54865782,peakno_1093-ARBS
chr5,54931753,54932453,peakno_1094-ARBS
chr5,55217204,55217904,peakno_1095-ARBS
chr5,55353920,55354620,overlapped_read_193-ARBS
chr5,56129690,56130390,peakno_1096-ARBS
chr5,56748620,56749320,peakno_1097-ARBS
chr5,58105772,58106472,peakno_1358-ARBS
chr5,58423336,58424036,onlynormal_read_82-ARBS
chr5,58527136,58527836,peakno_1359-ARBS
chr5,58613080,58613780,onlynormal_read_83-ARBS
chr5,58676390,58677090,overlapped_read_195-ARBS
chr5,58887706,58888406,peakno_1365-ARBS
chr5,59599615,59600315,peakno_1367-ARBS
chr5,59682707,59683407,peakno_1368-ARBS
chr5,59743154,59743854,peakno_1369-ARBS
chr5,60122932,60123632,peakno_1373-ARBS
chr5,61296294,61296994,peakno_1377-ARBS
chr5,61427994,61428694,peakno_1378-ARBS
chr5,63032966,63033666,peakno_1381-ARBS
chr5,63219658,63220358,peakno_1382-ARBS
chr5,63915328,63916028,peakno_1383-ARBS
chr5,66450305,66451005,peakno_1385-ARBS
chr5,66564012,66564712,peakno_1682-ARBS
chr5,66931718,66932418,peakno_1801-ARBS
chr5,66989766,66990466,peakno_1951-ARBS
chr5,66994311,66995011,peakno_1802-ARBS
chr5,67111493,67112193,peakno_1803-ARBS
chr5,67294378,67295078,overlapped_read_216-ARBS
chr5,67389132,67389832,overlapped_read_217-ARBS
chr5,67466768,67467468,overlapped_read_218-ARBS
chr5,67497564,67498264,peakno_1805-ARBS
chr5,67713995,67714695,onlynormal_read_91-ARBS
chr5,68572341,68573041,peakno_1806-ARBS
chr5,70927809,70928509,peakno_1807-ARBS
chr5,71010611,71011311,peakno_1808-ARBS
chr5,71044094,71044794,onlynormal_read_92-ARBS
chr5,71269904,71270604,overlapped_read_221-ARBS
chr5,71306018,71306718,overlapped_read_222-ARBS
chr5,72810917,72811617,peakno_1817-ARBS
chr5,72837170,72837870,peakno_1818-ARBS
chr5,72840224,72840924,peakno_1819-ARBS
chr5,72848383,72849083,peakno_1820-ARBS
chr5,73400219,73400919,peakno_1822-ARBS
chr5,73623824,73624524,peakno_1823-ARBS
chr5,74656885,74657585,peakno_1827-ARBS
chr5,75791948,75792648,overlapped_read_224-ARBS
chr5,75843168,75843868,overlapped_read_225-ARBS
chr5,76434530,76435230,overlapped_read_227-ARBS
chr5,77390789,77391489,peakno_2259-ARBS
chr5,78469356,78470056,peakno_2264-ARBS
chr5,79477300,79478000,peakno_2278-ARBS
chr5,79542834,79543534,overlapped_read_228-ARBS
chr5,79920828,79921528,overlapped_read_229-ARBS
chr5,80058890,80059590,peakno_2294-ARBS
chr5,81306376,81307076,peakno_2297-ARBS
chr5,82049766,82050466,peakno_1896-ARBS
chr5,86981830,86982530,peakno_2318-ARBS
chr5,87551854,87552554,peakno_2329-ARBS
chr5,93697372,93698072,peakno_2514-ARBS
chr5,94497706,94498406,peakno_2517-ARBS
chr5,94977392,94978092,peakno_2518-ARBS
chr5,95055902,95056602,peakno_2531-ARBS
chr5,95192823,95193523,overlapped_read_231-ARBS
chr5,95325221,95325921,onlynormal_read_96-ARBS
chr5,101961071,101961771,peakno_2550-ARBS
chr5,113668246,113668946,peakno_1709-ARBS
chr5,113713443,113714143,peakno_2751-ARBS
chr5,113901392,113902092,peakno_2755-ARBS
chr5,114038172,114038872,peakno_2764-ARBS
chr5,114512031,114512731,peakno_2765-ARBS
chr5,114893959,114894659,overlapped_read_251-ARBS
chr5,115966661,115967361,peakno_2769-ARBS
chr5,117216529,117217229,peakno_2771-ARBS
chr5,117714506,117715206,overlapped_read_252-ARBS
chr5,117866842,117867542,peakno_2772-ARBS
chr5,118664280,118664980,peakno_2784-ARBS
chr5,118753478,118754178,peakno_2788-ARBS
chr5,118837174,118837874,peakno_2789-ARBS
chr5,119343179,119343879,peakno_2798-ARBS
chr5,119388702,119389402,overlapped_read_253-ARBS
chr5,121339748,121340448,peakno_2268-ARBS
chr5,122733024,122733724,peakno_2271-ARBS
chr5,123991468,123992168,peakno_2272-ARBS
chr5,124511614,124512314,peakno_2287-ARBS
chr5,124820705,124821405,overlapped_read_254-ARBS
chr5,125391643,125392343,peakno_2291-ARBS
chr5,125839304,125840004,peakno_2301-ARBS
chr5,125844484,125845184,overlapped_read_255-ARBS
chr5,126310102,126310802,peakno_2302-ARBS
chr5,126984918,126985618,peakno_838-ARBS
chr5,127089848,127090548,peakno_2319-ARBS
chr5,127162930,127163630,peakno_2325-ARBS
chr5,127652637,127653337,peakno_2338-ARBS
chr5,130243705,130244405,peakno_2524-ARBS
chr5,130586337,130587037,peakno_2526-ARBS
chr5,130596466,130597166,peakno_2527-ARBS
chr5,131007776,131008476,peakno_2540-ARBS
chr5,132625552,132626252,peakno_2547-ARBS
chr5,133089648,133090348,peakno_2564-ARBS
chr5,133220342,133221042,peakno_2565-ARBS
chr5,133328932,133329632,peakno_1760-ARBS
chr5,133635053,133635753,peakno_2566-ARBS
chr5,133961942,133962642,peakno_2583-ARBS
chr5,135286710,135287410,peakno_2596-ARBS
chr5,135711454,135712154,peakno_2597-ARBS
chr5,136528013,136528713,overlapped_read_256-ARBS
chr5,136545170,136545870,peakno_2600-ARBS
chr5,136550328,136551028,peakno_2609-ARBS
chr5,136590272,136590972,overlapped_read_257-ARBS
chr5,136639733,136640433,peakno_2611-ARBS
chr5,136651503,136652203,overlapped_read_258-ARBS
chr5,136850810,136851510,peakno_2623-ARBS
chr5,137534219,137534919,peakno_2627-ARBS
chr5,141571786,141572486,peakno_2823-ARBS
chr5,142940692,142941392,overlapped_read_266-ARBS
chr5,143861258,143861958,peakno_2843-ARBS
chr5,144150690,144151390,peakno_2845-ARBS
chr5,146892069,146892769,peakno_2858-ARBS
chr5,147136012,147136712,peakno_2859-ARBS
chr5,147214796,147215496,peakno_2860-ARBS
chr5,147290864,147291564,peakno_2863-ARBS
chr5,147483592,147484292,peakno_2864-ARBS
chr5,147521082,147521782,peakno_2865-ARBS
chr5,147764478,147765178,peakno_2875-ARBS
chr5,147777752,147778452,peakno_2876-ARBS
chr5,148192794,148193494,peakno_2882-ARBS
chr5,148221006,148221706,overlapped_read_267-ARBS
chr5,148243944,148244644,peakno_2889-ARBS
chr5,148284793,148285493,peakno_841-ARBS
chr5,148398550,148399250,peakno_2890-ARBS
chr5,148869135,148869835,peakno_2895-ARBS
chr5,148980373,148981073,overlapped_read_268-ARBS
chr5,148993420,148994120,peakno_2896-ARBS
chr5,149013609,149014309,peakno_242-ARBS
chr5,149375834,149376534,peakno_246-ARBS
chr5,150788044,150788744,peakno_248-ARBS
chr5,150793218,150793918,peakno_249-ARBS
chr5,150793960,150794660,peakno_250-ARBS
chr5,150842716,150843416,peakno_251-ARBS
chr5,150849284,150849984,peakno_254-ARBS
chr5,154213480,154214180,peakno_255-ARBS
chr5,154925464,154926164,peakno_259-ARBS
chr5,155005561,155006261,overlapped_read_269-ARBS
chr5,155057732,155058432,peakno_260-ARBS
chr5,155134662,155135362,peakno_261-ARBS
chr5,155959698,155960398,peakno_262-ARBS
chr5,156097472,156098172,peakno_265-ARBS
chr5,156105371,156106071,peakno_266-ARBS
chr5,156351568,156352268,peakno_267-ARBS
chr5,156399098,156399798,peakno_268-ARBS
chr5,158613137,158613837,overlapped_read_270-ARBS
chr5,159283610,159284310,peakno_273-ARBS
chr5,160297024,160297724,peakno_275-ARBS
chr5,162867794,162868494,peakno_453-ARBS
chr5,163618230,163618930,peakno_454-ARBS
chr5,164037188,164037888,peakno_455-ARBS
chr5,165235138,165235838,peakno_457-ARBS
chr5,165303318,165304018,peakno_458-ARBS
chr5,165489562,165490262,peakno_460-ARBS
chr5,167780234,167780934,overlapped_read_271-ARBS
chr5,168459008,168459708,peakno_461-ARBS
chr5,169360758,169361458,peakno_1931-ARBS
chr5,171810094,171810794,peakno_463-ARBS
chr5,171960329,171961029,peakno_1724-ARBS
chr5,171992372,171993072,onlynormal_read_115-ARBS
chr5,172222192,172222892,onlynormal_read_116-ARBS
chr5,172295942,172296642,onlynormal_read_121-ARBS
chr5,172426624,172427324,peakno_1684-ARBS
chr5,172438445,172439145,overlapped_read_278-ARBS
chr5,172469484,172470184,peakno_467-ARBS
chr5,172846749,172847449,overlapped_read_279-ARBS
chr5,173353018,173353718,peakno_640-ARBS
chr5,173380381,173381081,peakno_1912-ARBS
chr5,177731719,177732419,peakno_643-ARBS
chr5,177752944,177753644,onlynormal_read_124-ARBS
chr5,177758458,177759158,overlapped_read_283-ARBS
chr5,179110712,179111412,peakno_645-ARBS
chr5,161847605,161848305,NegativeControl-AR_motif_10945
chr5,173575251,173575951,NegativeControl-AR_motif_11068
chr5,168043051,168043751,NegativeControl-AR_motif_10998
chr5,2725708,2726408,NegativeControl-AR_motif_9239
chr5,35994585,35995285,NegativeControl-AR_motif_9589
chr5,137179498,137180198,NegativeControl-AR_motif_10625
chr5,105081601,105082301,NegativeControl-AR_motif_10303
chr5,78297459,78298159,NegativeControl-AR_motif_10043
chr5,32836790,32837490,NegativeControl-AR_motif_9552
chr5,162777293,162777993,NegativeControl-AR_motif_10953
chr5,154086650,154087350,NegativeControl-AR_motif_10854
chr5,135089482,135090182,NegativeControl-AR_motif_10591
chr5,73280186,73280886,NegativeControl-AR_motif_9981
chr5,72817226,72817926,NegativeControl-AR_motif_9971
chr5,115984990,115985690,NegativeControl-AR_motif_10400
chr5,33547702,33548402,NegativeControl-AR_motif_9560
chr5,58856446,58857146,NegativeControl-AR_motif_9802
chr5,88871339,88872039,NegativeControl-AR_motif_10147
chr5,145805971,145806671,NegativeControl-AR_motif_10734
chr5,111142351,111143051,NegativeControl-AR_motif_10351
chr5,99852472,99853172,NegativeControl-AR_motif_10253
chr5,23203591,23204291,NegativeControl-AR_motif_9462
chr5,43948509,43949209,NegativeControl-AR_motif_9664
chr5,17081428,17082128,NegativeControl-AR_motif_9409
chr5,14351854,14352554,NegativeControl-AR_motif_9375
chr5,114398313,114399013,NegativeControl-AR_motif_10380
chr5,481719,482419,NegativeControl-AR_motif_9192
chr5,71605830,71606530,NegativeControl-AR_motif_9952
chr5,137841095,137841795,NegativeControl-AR_motif_10635
chr5,16715834,16716534,NegativeControl-AR_motif_9403
chr5,114887656,114888356,NegativeControl-AR_motif_10386
chr5,155250287,155250987,NegativeControl-AR_motif_10867
chr5,132222246,132222946,NegativeControl-AR_motif_10555
chr5,154275341,154276041,NegativeControl-AR_motif_10857
chr5,27206465,27207165,NegativeControl-AR_motif_9494
chr5,70431810,70432510,NegativeControl-AR_motif_9932
chr5,76635232,76635932,NegativeControl-AR_motif_10023
chr5,114340088,114340788,NegativeControl-AR_motif_10379
chr5,45593147,45593847,NegativeControl-AR_motif_9681
chr5,79431439,79432139,NegativeControl-AR_motif_10053
chr5,27927376,27928076,NegativeControl-AR_motif_9500
chr5,60907542,60908242,NegativeControl-AR_motif_9825
chr5,126865586,126866286,NegativeControl-AR_motif_10500
chr5,132761533,132762233,NegativeControl-AR_motif_10565
chr5,43413386,43414086,NegativeControl-AR_motif_9658
chr5,135343778,135344478,NegativeControl-AR_motif_10592
chr5,2764908,2765608,NegativeControl-AR_motif_9241
chr5,102831078,102831778,NegativeControl-AR_motif_10286
chr5,24631377,24632077,NegativeControl-AR_motif_9474
chr5,71265135,71265835,NegativeControl-AR_motif_9947
chr5,118909746,118910446,NegativeControl-AR_motif_10422
chr5,58384181,58384881,NegativeControl-AR_motif_9799
chr5,153888494,153889194,NegativeControl-AR_motif_10849
chr5,25644873,25645573,NegativeControl-AR_motif_9483
chr5,148539927,148540627,NegativeControl-AR_motif_10766
chr5,42583729,42584429,NegativeControl-AR_motif_9647
chr5,32539557,32540257,NegativeControl-AR_motif_9547
chr5,57206876,57207576,NegativeControl-AR_motif_9780
chr5,156022318,156023018,NegativeControl-AR_motif_10878
chr5,34318751,34319451,NegativeControl-AR_motif_9570
chr5,171992410,171993110,NegativeControl-AR_motif_11045
chr5,41450855,41451555,NegativeControl-AR_motif_9640
chr5,39758068,39758768,NegativeControl-AR_motif_9622
chr5,69563341,69564041,NegativeControl-AR_motif_9921
chr5,150282013,150282713,NegativeControl-AR_motif_10804
chr5,15131679,15132379,NegativeControl-AR_motif_9393
chr5,157849615,157850315,NegativeControl-AR_motif_10900
chr5,87749254,87749954,NegativeControl-AR_motif_10132
chr5,97211139,97211839,NegativeControl-AR_motif_10220
chr5,158455515,158456215,NegativeControl-AR_motif_10904
chr5,21967416,21968116,NegativeControl-AR_motif_9451
chr5,28575494,28576194,NegativeControl-AR_motif_9506
chr5,77312257,77312957,NegativeControl-AR_motif_10030
chr5,143133400,143134100,NegativeControl-AR_motif_10709
chr5,21547606,21548306,NegativeControl-AR_motif_9448
chr5,136388325,136389025,NegativeControl-AR_motif_10611
chr5,153753285,153753985,NegativeControl-AR_motif_10848
chr5,110648392,110649092,NegativeControl-AR_motif_10346
chr5,75238924,75239624,NegativeControl-AR_motif_9998
chr5,136162501,136163201,NegativeControl-AR_motif_10607
chr5,149282995,149283695,NegativeControl-AR_motif_10781
chr5,168870534,168871234,NegativeControl-AR_motif_11007
chr5,107262124,107262824,NegativeControl-AR_motif_10319
chr5,50546446,50547146,NegativeControl-AR_motif_9700
chr5,140181815,140182515,NegativeControl-AR_motif_10660
chr5,54194835,54195535,NegativeControl-AR_motif_9735
chr5,159397333,159398033,NegativeControl-AR_motif_10919
chr5,64052896,64053596,NegativeControl-AR_motif_9863
chr5,14239984,14240684,NegativeControl-AR_motif_9372
chr5,72583913,72584613,NegativeControl-AR_motif_9968
chr5,75254664,75255364,NegativeControl-AR_motif_9999
chr5,67288717,67289417,NegativeControl-AR_motif_9896
chr5,161628651,161629351,NegativeControl-AR_motif_10943
chr5,69470992,69471692,NegativeControl-AR_motif_9920
chr5,12389771,12390471,NegativeControl-AR_motif_9352
chr5,155442084,155442784,NegativeControl-AR_motif_10871
chr5,66553146,66553846,NegativeControl-AR_motif_9885
chr5,154252578,154253278,NegativeControl-AR_motif_10856
chr5,136256815,136257515,NegativeControl-AR_motif_10608
chr5,7465320,7466020,NegativeControl-AR_motif_9303
chr5,160498226,160498926,NegativeControl-AR_motif_10932
chr5,63217057,63217757,NegativeControl-AR_motif_9851
chr5,7737676,7738376,NegativeControl-AR_motif_9306
chr5,1832405,1833105,NegativeControl-AR_motif_9224
chr5,146814548,146815248,NegativeControl-AR_motif_10745
chr5,117825225,117825925,NegativeControl-AR_motif_10415
chr5,37311689,37312389,NegativeControl-AR_motif_9602
chr5,73584239,73584939,NegativeControl-AR_motif_9985
chr5,153214326,153215026,NegativeControl-AR_motif_10841
chr5,66647053,66647753,NegativeControl-AR_motif_9887
chr5,76477596,76478296,NegativeControl-AR_motif_10017
chr5,102153700,102154400,NegativeControl-AR_motif_10280
chr5,125379161,125379861,NegativeControl-AR_motif_10488
chr5,63787583,63788283,NegativeControl-AR_motif_9856
chr5,40843013,40843713,NegativeControl-AR_motif_9636
chr5,134351731,134352431,NegativeControl-AR_motif_10583
chr5,1222610,1223310,NegativeControl-AR_motif_9208
chr5,2165483,2166183,NegativeControl-AR_motif_9234
chr5,6454269,6454969,NegativeControl-AR_motif_9283
chr5,31864706,31865406,NegativeControl-AR_motif_9540
chr5,179975831,179976531,NegativeControl-AR_motif_11147
chr5,152011900,152012600,NegativeControl-AR_motif_10825
chr5,58180664,58181364,NegativeControl-AR_motif_9797
chr5,143504351,143505051,NegativeControl-AR_motif_10713
chr5,174039720,174040420,NegativeControl-AR_motif_11074
chr5,136311796,136312496,NegativeControl-AR_motif_10609
chr5,76595554,76596254,NegativeControl-AR_motif_10019
chr5,63883072,63883772,NegativeControl-AR_motif_9859
chr5,75442555,75443255,NegativeControl-AR_motif_10000
chr5,124930510,124931210,NegativeControl-AR_motif_10480
chr5,17762330,17763030,NegativeControl-AR_motif_9416
chr5,155117650,155118350,NegativeControl-AR_motif_10865
chr5,38697823,38698523,NegativeControl-AR_motif_9614
chr5,22739678,22740378,NegativeControl-AR_motif_9458
chr5,139559524,139560224,NegativeControl-AR_motif_10653
chr5,127943161,127943861,NegativeControl-AR_motif_10511
chr5,76426743,76427443,NegativeControl-AR_motif_10015
chr5,131286798,131287498,NegativeControl-AR_motif_10546
chr5,22800199,22800899,NegativeControl-AR_motif_9459
chr5,14779727,14780427,NegativeControl-AR_motif_9389
chr5,159961600,159962300,NegativeControl-AR_motif_10925
chr5,102325215,102325915,NegativeControl-AR_motif_10282
chr5,33844983,33845683,NegativeControl-AR_motif_9563
chr5,95296323,95297023,NegativeControl-AR_motif_10202
chr5,175659949,175660649,NegativeControl-AR_motif_11092
chr5,104970516,104971216,NegativeControl-AR_motif_10302
chr5,35211095,35211795,NegativeControl-AR_motif_9580
chr5,178259965,178260665,NegativeControl-AR_motif_11128
chr5,119877734,119878434,NegativeControl-AR_motif_10431
chr5,111192675,111193375,NegativeControl-AR_motif_10353
chr5,167565354,167566054,NegativeControl-AR_motif_10993
chr5,111184658,111185358,NegativeControl-AR_motif_10352
chr5,9657440,9658140,NegativeControl-AR_motif_9319
chr5,6519437,6520137,NegativeControl-AR_motif_9284
chr5,143126314,143127014,NegativeControl-AR_motif_10708
chr5,91624796,91625496,NegativeControl-AR_motif_10171
chr5,76469420,76470120,NegativeControl-AR_motif_10016
chr5,9720730,9721430,NegativeControl-AR_motif_9320
chr5,72548108,72548808,NegativeControl-AR_motif_9965
chr5,57130844,57131544,LNcaP_pos_25-PositiveControl
chr5,37847774,37848474,LNcaP_pos_38-PositiveControl
chr5,152191395,152192095,LNcaP_pos_71-PositiveControl
chr5,56365183,56365883,LNcaP_pos_77-PositiveControl
chr5,27471959,27472659,LNcaP_pos_99-PositiveControl
chr5,173755604,173756304,LNcaP_pos_137-PositiveControl
chr5,133968106,133968806,LNcaP_pos_149-PositiveControl
chr5,163546632,163547332,LNcaP_pos_152-PositiveControl
chr5,138567724,138568424,LNcaP_pos_170-PositiveControl
chr5,18745962,18746662,LNcaP_pos_190-PositiveControl
chr5,52856254,52856954,LNcaP_pos_206-PositiveControl
chr5,18792234,18792934,LNcaP_pos_219-PositiveControl
chr5,179245689,179246389,LNcaP_pos_234-PositiveControl
chr5,153320415,153321115,LNcaP_pos_263-PositiveControl
chr5,162864620,162865320,LNcaP_pos_264-PositiveControl
chr5,84616232,84616932,LNcaP_pos_303-PositiveControl
chr5,41122450,41123150,LNcaP_pos_315-PositiveControl
chr5,143712912,143713612,LNcaP_pos_334-PositiveControl
chr5,36442178,36442878,LNcaP_pos_341-PositiveControl
chr5,158729082,158729782,LNcaP_pos_357-PositiveControl
chr5,154257447,154258147,LNcaP_pos_378-PositiveControl
chr5,123981980,123982680,LNcaP_pos_403-PositiveControl
chr5,113010708,113011408,LNcaP_pos_440-PositiveControl
chr5,5704910,5705610,LNcaP_pos_464-PositiveControl
chr5,34915466,34916166,LNcaP_pos_468-PositiveControl
chr6,1679732,1680432,peakno_652-ARBS
chr6,1832804,1833504,peakno_737-ARBS
chr6,3310776,3311476,peakno_743-ARBS
chr6,3494699,3495399,peakno_744-ARBS
chr6,3669938,3670638,peakno_746-ARBS
chr6,3825918,3826618,peakno_747-ARBS
chr6,3913485,3914185,overlapped_read_287-ARBS
chr6,4130620,4131320,peakno_748-ARBS
chr6,4235413,4236113,overlapped_read_288-ARBS
chr6,4320930,4321630,peakno_750-ARBS
chr6,4738644,4739344,peakno_751-ARBS
chr6,5167576,5168276,peakno_1016-ARBS
chr6,6748950,6749650,peakno_1021-ARBS
chr6,7236710,7237410,peakno_1022-ARBS
chr6,7557994,7558694,peakno_1930-ARBS
chr6,7685581,7686281,peakno_1913-ARBS
chr6,7687998,7688698,peakno_1024-ARBS
chr6,7981838,7982538,peakno_1030-ARBS
chr6,8057893,8058593,peakno_1031-ARBS
chr6,8559106,8559806,overlapped_read_289-ARBS
chr6,9399962,9400662,peakno_1033-ARBS
chr6,9463409,9464109,peakno_1034-ARBS
chr6,10310886,10311586,overlapped_read_290-ARBS
chr6,10511198,10511898,peakno_1037-ARBS
chr6,10613147,10613847,peakno_1043-ARBS
chr6,11288104,11288804,overlapped_read_291-ARBS
chr6,11318808,11319508,peakno_847-ARBS
chr6,11365103,11365803,onlynormal_read_126-ARBS
chr6,11735329,11736029,peakno_1054-ARBS
chr6,12337926,12338626,peakno_1057-ARBS
chr6,12354530,12355230,onlynormal_read_127-ARBS
chr6,12492512,12493212,peakno_1058-ARBS
chr6,14093042,14093742,overlapped_read_293-ARBS
chr6,14598445,14599145,overlapped_read_294-ARBS
chr6,14758606,14759306,peakno_1441-ARBS
chr6,14792015,14792715,peakno_876-ARBS
chr6,14889632,14890332,peakno_1442-ARBS
chr6,15453712,15454412,overlapped_read_295-ARBS
chr6,16768176,16768876,peakno_1467-ARBS
chr6,16849616,16850316,onlynormal_read_130-ARBS
chr6,17159376,17160076,peakno_1468-ARBS
chr6,17202680,17203380,peakno_1475-ARBS
chr6,19779383,19780083,peakno_1502-ARBS
chr6,19892374,19893074,peakno_1503-ARBS
chr6,21325290,21325990,peakno_362-ARBS
chr6,21462476,21463176,peakno_365-ARBS
chr6,21513942,21514642,peakno_889-ARBS
chr6,21557088,21557788,peakno_366-ARBS
chr6,21829196,21829896,onlynormal_read_136-ARBS
chr6,22521022,22521722,overlapped_read_318-ARBS
chr6,22599340,22600040,peakno_370-ARBS
chr6,22699538,22700238,peakno_371-ARBS
chr6,22764583,22765283,peakno_372-ARBS
chr6,22821768,22822468,overlapped_read_319-ARBS
chr6,22940116,22940816,peakno_1950-ARBS
chr6,23404108,23404808,peakno_376-ARBS
chr6,23692357,23693057,peakno_377-ARBS
chr6,24734250,24734950,overlapped_read_322-ARBS
chr6,24961092,24961792,overlapped_read_323-ARBS
chr6,25226260,25226960,peakno_384-ARBS
chr6,25447353,25448053,overlapped_read_324-ARBS
chr6,25804901,25805601,peakno_388-ARBS
chr6,27074138,27074838,peakno_389-ARBS
chr6,28348742,28349442,peakno_390-ARBS
chr6,28426097,28426797,peakno_391-ARBS
chr6,29777984,29778684,peakno_395-ARBS
chr6,29887926,29888626,peakno_396-ARBS
chr6,32932606,32933306,peakno_657-ARBS
chr6,33681426,33682126,peakno_659-ARBS
chr6,33689189,33689889,peakno_660-ARBS
chr6,33699506,33700206,peakno_661-ARBS
chr6,33795880,33796580,peakno_662-ARBS
chr6,34192150,34192850,peakno_664-ARBS
chr6,34563260,34563960,peakno_667-ARBS
chr6,35558343,35559043,peakno_672-ARBS
chr6,35569450,35570150,overlapped_read_327-ARBS
chr6,35607740,35608440,peakno_673-ARBS
chr6,35690057,35690757,overlapped_read_328-ARBS
chr6,35695604,35696304,overlapped_read_329-ARBS
chr6,35699514,35700214,peakno_674-ARBS
chr6,36316956,36317656,overlapped_read_330-ARBS
chr6,36423020,36423720,peakno_679-ARBS
chr6,36646974,36647674,peakno_680-ARBS
chr6,37077826,37078526,peakno_681-ARBS
chr6,37230218,37230918,peakno_688-ARBS
chr6,38828802,38829502,peakno_693-ARBS
chr6,40364201,40364901,peakno_696-ARBS
chr6,41695928,41696628,peakno_3072-ARBS
chr6,41827000,41827700,peakno_3074-ARBS
chr6,42013274,42013974,peakno_3075-ARBS
chr6,42891146,42891846,overlapped_read_336-ARBS
chr6,43667245,43667945,peakno_3079-ARBS
chr6,43709356,43710056,peakno_3080-ARBS
chr6,44526345,44527045,peakno_3086-ARBS
chr6,44530943,44531643,peakno_3087-ARBS
chr6,45795616,45796316,overlapped_read_353-ARBS
chr6,45991948,45992648,peakno_3095-ARBS
chr6,46029742,46030442,peakno_3096-ARBS
chr6,46104657,46105357,peakno_3097-ARBS
chr6,46185188,46185888,onlynormal_read_143-ARBS
chr6,46789208,46789908,peakno_3101-ARBS
chr6,47451694,47452394,peakno_1783-ARBS
chr6,48240446,48241146,peakno_3109-ARBS
chr6,49476838,49477538,peakno_872-ARBS
chr6,49632356,49633056,peakno_3115-ARBS
chr6,49874260,49874960,peakno_1789-ARBS
chr6,51217076,51217776,peakno_1-ARBS
chr6,51567524,51568224,peakno_3-ARBS
chr6,51602238,51602938,peakno_4-ARBS
chr6,51877722,51878422,peakno_5-ARBS
chr6,52590372,52591072,peakno_8-ARBS
chr6,52610461,52611161,peakno_9-ARBS
chr6,53005074,53005774,overlapped_read_354-ARBS
chr6,53298308,53299008,peakno_13-ARBS
chr6,53560174,53560874,peakno_14-ARBS
chr6,53569298,53569998,peakno_20-ARBS
chr6,55409180,55409880,peakno_882-ARBS
chr6,56379048,56379748,peakno_28-ARBS
chr6,56386060,56386760,peakno_834-ARBS
chr6,56992360,56993060,peakno_34-ARBS
chr6,57243354,57244054,peakno_35-ARBS
chr6,64202268,64202968,peakno_40-ARBS
chr6,64516118,64516818,peakno_41-ARBS
chr6,68001848,68002548,peakno_48-ARBS
chr6,68060522,68061222,overlapped_read_356-ARBS
chr6,68386742,68387442,peakno_131-ARBS
chr6,70304094,70304794,peakno_135-ARBS
chr6,71108559,71109259,onlynormal_read_144-ARBS
chr6,71374410,71375110,peakno_136-ARBS
chr6,71525969,71526669,peakno_139-ARBS
chr6,72103322,72104022,peakno_883-ARBS
chr6,72172636,72173336,peakno_140-ARBS
chr6,73197690,73198390,peakno_146-ARBS
chr6,75463440,75464140,peakno_147-ARBS
chr6,75679369,75680069,peakno_1758-ARBS
chr6,75686472,75687172,peakno_152-ARBS
chr6,76456873,76457573,peakno_153-ARBS
chr6,76579960,76580660,peakno_1165-ARBS
chr6,77126377,77127077,peakno_1166-ARBS
chr6,79382984,79383684,peakno_1167-ARBS
chr6,80528790,80529490,peakno_1172-ARBS
chr6,82723102,82723802,peakno_1180-ARBS
chr6,83580099,83580799,peakno_1181-ARBS
chr6,89732258,89732958,overlapped_read_360-ARBS
chr6,89745239,89745939,onlynormal_read_148-ARBS
chr6,90216584,90217284,peakno_1436-ARBS
chr6,90650832,90651532,overlapped_read_361-ARBS
chr6,91078526,91079226,overlapped_read_362-ARBS
chr6,92216064,92216764,peakno_1461-ARBS
chr6,93390960,93391660,peakno_1476-ARBS
chr6,93515820,93516520,peakno_1477-ARBS
chr6,93686663,93687363,peakno_1478-ARBS
chr6,93875542,93876242,peakno_1479-ARBS
chr6,94051960,94052660,peakno_1484-ARBS
chr6,94649945,94650645,overlapped_read_381-ARBS
chr6,94754640,94755340,peakno_1494-ARBS
chr6,99318839,99319539,peakno_1499-ARBS
chr6,105749924,105750624,peakno_1902-ARBS
chr6,105774078,105774778,peakno_1903-ARBS
chr6,106126209,106126909,peakno_1904-ARBS
chr6,106517195,106517895,peakno_1917-ARBS
chr6,106545362,106546062,peakno_1918-ARBS
chr6,106694878,106695578,peakno_1919-ARBS
chr6,106879082,106879782,peakno_1920-ARBS
chr6,107568254,107568954,overlapped_read_384-ARBS
chr6,108910296,108910996,overlapped_read_385-ARBS
chr6,108913949,108914649,peakno_1955-ARBS
chr6,110125653,110126353,peakno_1965-ARBS
chr6,110849384,110850084,peakno_1880-ARBS
chr6,110975202,110975902,peakno_2141-ARBS
chr6,110986562,110987262,peakno_2142-ARBS
chr6,111084785,111085485,peakno_2143-ARBS
chr6,111251832,111252532,peakno_2144-ARBS
chr6,111273343,111274043,peakno_2145-ARBS
chr6,114007032,114007732,peakno_2153-ARBS
chr6,116380584,116381284,overlapped_read_387-ARBS
chr6,116432511,116433211,peakno_2158-ARBS
chr6,116565335,116566035,peakno_2162-ARBS
chr6,117243901,117244601,peakno_2164-ARBS
chr6,120877510,120878210,peakno_2167-ARBS
chr6,121305788,121306488,peakno_2168-ARBS
chr6,121631837,121632537,peakno_2169-ARBS
chr6,122295252,122295952,peakno_2267-ARBS
chr6,125064038,125064738,peakno_2269-ARBS
chr6,126039075,126039775,peakno_2270-ARBS
chr6,127784106,127784806,peakno_2275-ARBS
chr6,131029262,131029962,peakno_2305-ARBS
chr6,131455398,131456098,peakno_2306-ARBS
chr6,131579402,131580102,peakno_2307-ARBS
chr6,131869488,131870188,peakno_2323-ARBS
chr6,131973107,131973807,peakno_1961-ARBS
chr6,132341262,132341962,onlynormal_read_165-ARBS
chr6,132513871,132514571,onlynormal_read_166-ARBS
chr6,132607720,132608420,peakno_2327-ARBS
chr6,134341192,134341892,peakno_2522-ARBS
chr6,134487772,134488472,peakno_2523-ARBS
chr6,134942824,134943524,overlapped_read_672-ARBS
chr6,134951375,134952075,peakno_2525-ARBS
chr6,135331354,135332054,peakno_2528-ARBS
chr6,135648306,135649006,peakno_2544-ARBS
chr6,136257022,136257722,peakno_2545-ARBS
chr6,137003232,137003932,peakno_2560-ARBS
chr6,137368035,137368735,peakno_2580-ARBS
chr6,137494992,137495692,peakno_2581-ARBS
chr6,137692668,137693368,peakno_2585-ARBS
chr6,137969708,137970408,peakno_2599-ARBS
chr6,138125688,138126388,overlapped_read_673-ARBS
chr6,138194324,138195024,overlapped_read_674-ARBS
chr6,138552514,138553214,peakno_2612-ARBS
chr6,138580015,138580715,overlapped_read_675-ARBS
chr6,138658046,138658746,peakno_2613-ARBS
chr6,138665221,138665921,peakno_2614-ARBS
chr6,138708688,138709388,peakno_2615-ARBS
chr6,138813886,138814586,peakno_2626-ARBS
chr6,139806658,139807358,peakno_2812-ARBS
chr6,139857964,139858664,peakno_2813-ARBS
chr6,140323336,140324036,peakno_2814-ARBS
chr6,141052920,141053620,peakno_820-ARBS
chr6,141574218,141574918,peakno_2830-ARBS
chr6,141724818,141725518,peakno_2831-ARBS
chr6,142628949,142629649,peakno_2841-ARBS
chr6,142671308,142672008,peakno_2842-ARBS
chr6,143963440,143964140,onlynormal_read_277-ARBS
chr6,144076252,144076952,overlapped_read_680-ARBS
chr6,144600725,144601425,peakno_2857-ARBS
chr6,144618796,144619496,peakno_2861-ARBS
chr6,144732488,144733188,peakno_2862-ARBS
chr6,145214707,145215407,peakno_2879-ARBS
chr6,145510906,145511606,peakno_2880-ARBS
chr6,145525797,145526497,peakno_2881-ARBS
chr6,146207239,146207939,peakno_2891-ARBS
chr6,146289714,146290414,peakno_2892-ARBS
chr6,146490176,146490876,peakno_2893-ARBS
chr6,146507394,146508094,peakno_2894-ARBS
chr6,147347780,147348480,peakno_1757-ARBS
chr6,147500844,147501544,overlapped_read_683-ARBS
chr6,148455796,148456496,peakno_243-ARBS
chr6,148578841,148579541,peakno_244-ARBS
chr6,148579772,148580472,peakno_245-ARBS
chr6,148950672,148951372,peakno_247-ARBS
chr6,149708752,149709452,peakno_257-ARBS
chr6,150848078,150848778,onlynormal_read_279-ARBS
chr6,151293914,151294614,peakno_263-ARBS
chr6,151348218,151348918,peakno_264-ARBS
chr6,151553902,151554602,overlapped_read_684-ARBS
chr6,156758527,156759227,peakno_1580-ARBS
chr6,158017999,158018699,peakno_826-ARBS
chr6,158573401,158574101,peakno_1585-ARBS
chr6,159220218,159220918,peakno_1588-ARBS
chr6,159337474,159338174,onlynormal_read_298-ARBS
chr6,160137012,160137712,overlapped_read_706-ARBS
chr6,160506075,160506775,peakno_1591-ARBS
chr6,160562092,160562792,peakno_1592-ARBS
chr6,160593639,160594339,peakno_1594-ARBS
chr6,160796073,160796773,peakno_1595-ARBS
chr6,161375162,161375862,peakno_1596-ARBS
chr6,163915106,163915806,peakno_1605-ARBS
chr6,166060305,166061005,peakno_2040-ARBS
chr6,166491940,166492640,peakno_2041-ARBS
chr6,167288350,167289050,peakno_2042-ARBS
chr6,168151501,168152201,peakno_2049-ARBS
chr6,168366982,168367682,peakno_2052-ARBS
chr6,168815239,168815939,peakno_2055-ARBS
chr6,169234776,169235476,overlapped_read_9-ARBS
chr6,169258884,169259584,peakno_2062-ARBS
chr6,170430666,170431366,onlynormal_read_5-ARBS
chr6,170560018,170560718,onlynormal_read_6-ARBS
chr6,21829199,21829899,NegativeControl-AR_motif_11404
chr6,21420504,21421204,NegativeControl-AR_motif_11397
chr6,71532860,71533560,NegativeControl-AR_motif_11897
chr6,125534202,125534902,NegativeControl-AR_motif_12369
chr6,128333943,128334643,NegativeControl-AR_motif_12401
chr6,99864379,99865079,NegativeControl-AR_motif_12134
chr6,17815665,17816365,NegativeControl-AR_motif_11357
chr6,16277717,16278417,NegativeControl-AR_motif_11340
chr6,46526522,46527222,NegativeControl-AR_motif_11708
chr6,7164744,7165444,NegativeControl-AR_motif_11245
chr6,80136062,80136762,NegativeControl-AR_motif_11970
chr6,155084620,155085320,NegativeControl-AR_motif_12712
chr6,29968037,29968737,NegativeControl-AR_motif_11490
chr6,90037502,90038202,NegativeControl-AR_motif_12060
chr6,105147151,105147851,NegativeControl-AR_motif_12191
chr6,85607733,85608433,NegativeControl-AR_motif_12025
chr6,35267941,35268641,NegativeControl-AR_motif_11555
chr6,12065937,12066637,NegativeControl-AR_motif_11300
chr6,78478943,78479643,NegativeControl-AR_motif_11959
chr6,99770007,99770707,NegativeControl-AR_motif_12132
chr6,82432346,82433046,NegativeControl-AR_motif_12003
chr6,38940806,38941506,NegativeControl-AR_motif_11606
chr6,82194516,82195216,NegativeControl-AR_motif_12001
chr6,150238468,150239168,NegativeControl-AR_motif_12656
chr6,81427016,81427716,NegativeControl-AR_motif_11986
chr6,76929938,76930638,NegativeControl-AR_motif_11943
chr6,160138489,160139189,NegativeControl-AR_motif_12777
chr6,133887672,133888372,NegativeControl-AR_motif_12478
chr6,52637316,52638016,NegativeControl-AR_motif_11762
chr6,36190835,36191535,NegativeControl-AR_motif_11571
chr6,84495528,84496228,NegativeControl-AR_motif_12018
chr6,30622119,30622819,NegativeControl-AR_motif_11499
chr6,39059832,39060532,NegativeControl-AR_motif_11608
chr6,19049701,19050401,NegativeControl-AR_motif_11367
chr6,53221227,53221927,NegativeControl-AR_motif_11772
chr6,89240639,89241339,NegativeControl-AR_motif_12053
chr6,56831747,56832447,NegativeControl-AR_motif_11805
chr6,164586806,164587506,NegativeControl-AR_motif_12852
chr6,152864373,152865073,NegativeControl-AR_motif_12689
chr6,164067101,164067801,NegativeControl-AR_motif_12844
chr6,117547111,117547811,NegativeControl-AR_motif_12296
chr6,134082046,134082746,NegativeControl-AR_motif_12479
chr6,54930576,54931276,NegativeControl-AR_motif_11791
chr6,92945543,92946243,NegativeControl-AR_motif_12080
chr6,170053780,170054480,NegativeControl-AR_motif_12933
chr6,148891918,148892618,NegativeControl-AR_motif_12641
chr6,162800980,162801680,NegativeControl-AR_motif_12820
chr6,6844239,6844939,NegativeControl-AR_motif_11238
chr6,100449124,100449824,NegativeControl-AR_motif_12142
chr6,79752769,79753469,NegativeControl-AR_motif_11968
chr6,38521327,38522027,NegativeControl-AR_motif_11602
chr6,38803686,38804386,NegativeControl-AR_motif_11604
chr6,155939373,155940073,NegativeControl-AR_motif_12721
chr6,26380380,26381080,NegativeControl-AR_motif_11457
chr6,53241202,53241902,NegativeControl-AR_motif_11773
chr6,167791671,167792371,NegativeControl-AR_motif_12902
chr6,165634979,165635679,NegativeControl-AR_motif_12861
chr6,159226770,159227470,NegativeControl-AR_motif_12764
chr6,81809702,81810402,NegativeControl-AR_motif_11997
chr6,22687209,22687909,NegativeControl-AR_motif_11414
chr6,433638,434338,NegativeControl-AR_motif_11160
chr6,112449536,112450236,NegativeControl-AR_motif_12259
chr6,150394997,150395697,NegativeControl-AR_motif_12657
chr6,46969762,46970462,NegativeControl-AR_motif_11717
chr6,19427487,19428187,NegativeControl-AR_motif_11374
chr6,33626465,33627165,NegativeControl-AR_motif_11537
chr6,159234793,159235493,NegativeControl-AR_motif_12765
chr6,79859360,79860060,NegativeControl-AR_motif_11969
chr6,8814664,8815364,NegativeControl-AR_motif_11272
chr6,58357680,58358380,NegativeControl-AR_motif_11821
chr6,78464531,78465231,NegativeControl-AR_motif_11958
chr6,68903199,68903899,NegativeControl-AR_motif_11873
chr6,114067572,114068272,NegativeControl-AR_motif_12270
chr6,160241748,160242448,NegativeControl-AR_motif_12778
chr6,167127842,167128542,NegativeControl-AR_motif_12886
chr6,6524871,6525571,NegativeControl-AR_motif_11232
chr6,125528548,125529248,NegativeControl-AR_motif_12368
chr6,53522986,53523686,NegativeControl-AR_motif_11775
chr6,158964244,158964944,NegativeControl-AR_motif_12759
chr6,132348616,132349316,NegativeControl-AR_motif_12460
chr6,107394334,107395034,NegativeControl-AR_motif_12212
chr6,162298243,162298943,NegativeControl-AR_motif_12809
chr6,74543697,74544397,NegativeControl-AR_motif_11923
chr6,160520466,160521166,NegativeControl-AR_motif_12783
chr6,102641499,102642199,NegativeControl-AR_motif_12165
chr6,130180080,130180780,NegativeControl-AR_motif_12430
chr6,26013685,26014385,NegativeControl-AR_motif_11453
chr6,166385373,166386073,NegativeControl-AR_motif_12877
chr6,125691531,125692231,NegativeControl-AR_motif_12375
chr6,97091482,97092182,NegativeControl-AR_motif_12111
chr6,166375681,166376381,NegativeControl-AR_motif_12875
chr6,91874395,91875095,NegativeControl-AR_motif_12073
chr6,18785419,18786119,NegativeControl-AR_motif_11363
chr6,122753476,122754176,NegativeControl-AR_motif_12340
chr6,17992736,17993436,NegativeControl-AR_motif_11358
chr6,73485442,73486142,NegativeControl-AR_motif_11919
chr6,147337276,147337976,NegativeControl-AR_motif_12623
chr6,44398981,44399681,NegativeControl-AR_motif_11683
chr6,58666006,58666706,NegativeControl-AR_motif_11826
chr6,132513955,132514655,NegativeControl-AR_motif_12465
chr6,102142777,102143477,NegativeControl-AR_motif_12152
chr6,100329202,100329902,NegativeControl-AR_motif_12140
chr6,111391381,111392081,NegativeControl-AR_motif_12247
chr6,153968309,153969009,NegativeControl-AR_motif_12703
chr6,29854303,29855003,NegativeControl-AR_motif_11487
chr6,52684854,52685554,NegativeControl-AR_motif_11766
chr6,135174340,135175040,NegativeControl-AR_motif_12493
chr6,157692253,157692953,NegativeControl-AR_motif_12737
chr6,158268837,158269537,NegativeControl-AR_motif_12745
chr6,50766171,50766871,NegativeControl-AR_motif_11748
chr6,10896234,10896934,NegativeControl-AR_motif_11285
chr6,133248778,133249478,NegativeControl-AR_motif_12472
chr6,150209556,150210256,NegativeControl-AR_motif_12655
chr6,102616648,102617348,NegativeControl-AR_motif_12163
chr6,48719514,48720214,NegativeControl-AR_motif_11729
chr6,62610968,62611668,NegativeControl-AR_motif_11835
chr6,4336526,4337226,NegativeControl-AR_motif_11203
chr6,44583157,44583857,NegativeControl-AR_motif_11686
chr6,65270183,65270883,NegativeControl-AR_motif_11850
chr6,158386833,158387533,NegativeControl-AR_motif_12749
chr6,108876447,108877147,NegativeControl-AR_motif_12219
chr6,89888991,89889691,NegativeControl-AR_motif_12059
chr6,50820598,50821298,NegativeControl-AR_motif_11750
chr6,30306968,30307668,NegativeControl-AR_motif_11496
chr6,131506170,131506870,NegativeControl-AR_motif_12444
chr6,25654968,25655668,NegativeControl-AR_motif_11444
chr6,150874832,150875532,NegativeControl-AR_motif_12668
chr6,166217019,166217719,NegativeControl-AR_motif_12872
chr6,2957797,2958497,NegativeControl-AR_motif_11188
chr6,100380507,100381207,NegativeControl-AR_motif_12141
chr6,42741514,42742214,NegativeControl-AR_motif_11655
chr6,114357750,114358450,NegativeControl-AR_motif_12273
chr6,56103689,56104389,NegativeControl-AR_motif_11799
chr6,43636336,43637036,NegativeControl-AR_motif_11672
chr6,152067987,152068687,NegativeControl-AR_motif_12679
chr6,152561540,152562240,NegativeControl-AR_motif_12686
chr6,66794091,66794791,NegativeControl-AR_motif_11857
chr6,143615557,143616257,NegativeControl-AR_motif_12579
chr6,54159923,54160623,NegativeControl-AR_motif_11787
chr6,82117375,82118075,NegativeControl-AR_motif_11999
chr6,151796538,151797238,NegativeControl-AR_motif_12677
chr6,6705014,6705714,NegativeControl-AR_motif_11236
chr6,125009169,125009869,NegativeControl-AR_motif_12361
chr6,30557626,30558326,NegativeControl-AR_motif_11498
chr6,46185199,46185899,NegativeControl-AR_motif_11703
chr6,112539715,112540415,NegativeControl-AR_motif_12260
chr6,45012715,45013415,NegativeControl-AR_motif_11691
chr6,162478405,162479105,NegativeControl-AR_motif_12813
chr6,69960009,69960709,NegativeControl-AR_motif_11880
chr6,134752178,134752878,NegativeControl-AR_motif_12484
chr6,24235087,24235787,NegativeControl-AR_motif_11429
chr6,82498228,82498928,NegativeControl-AR_motif_12006
chr6,48235666,48236366,NegativeControl-AR_motif_11725
chr6,50890608,50891308,NegativeControl-AR_motif_11751
chr6,29137662,29138362,NegativeControl-AR_motif_11478
chr6,149067236,149067936,NegativeControl-AR_motif_12642
chr6,58685033,58685733,NegativeControl-AR_motif_11827
chr6,152394795,152395495,NegativeControl-AR_motif_12683
chr6,106465474,106466174,NegativeControl-AR_motif_12202
chr6,40426740,40427440,NegativeControl-AR_motif_11625
chr6,1471904,1472604,NegativeControl-AR_motif_11173
chr6,23598563,23599263,NegativeControl-AR_motif_11424
chr6,7189308,7190008,NegativeControl-AR_motif_11246
chr6,27951979,27952679,NegativeControl-AR_motif_11467
chr6,4277663,4278363,NegativeControl-AR_motif_11202
chr6,30520151,30520851,NegativeControl-AR_motif_11497
chr6,81425977,81426677,NegativeControl-AR_motif_11985
chr6,25949004,25949704,NegativeControl-AR_motif_11450
chr6,25860189,25860889,NegativeControl-AR_motif_11446
chr6,8294916,8295616,NegativeControl-AR_motif_11267
chr6,14611880,14612580,NegativeControl-AR_motif_11321
chr6,51569591,51570291,NegativeControl-AR_motif_11754
chr6,85056869,85057569,NegativeControl-AR_motif_12021
chr6,13434932,13435632,NegativeControl-AR_motif_11310
chr6,105040529,105041229,NegativeControl-AR_motif_12187
chr6,21142151,21142851,NegativeControl-AR_motif_11395
chr6,36310813,36311513,NegativeControl-AR_motif_11573
chr6,126099699,126100399,NegativeControl-AR_motif_12380
chr6,162582651,162583351,NegativeControl-AR_motif_12816
chr6,152542790,152543490,LNcaP_pos_6-PositiveControl
chr6,36643911,36644611,LNcaP_pos_11-PositiveControl
chr6,26686886,26687586,LNcaP_pos_15-PositiveControl
chr6,40151636,40152336,LNcaP_pos_29-PositiveControl
chr6,100284181,100284881,LNcaP_pos_46-PositiveControl
chr6,48078590,48079290,LNcaP_pos_48-PositiveControl
chr6,115391834,115392534,LNcaP_pos_52-PositiveControl
chr6,109218404,109219104,LNcaP_pos_54-PositiveControl
chr6,132324500,132325200,LNcaP_pos_68-PositiveControl
chr6,36634690,36635390,LNcaP_pos_79-PositiveControl
chr6,41182511,41183211,LNcaP_pos_114-PositiveControl
chr6,58777656,58778356,LNcaP_pos_115-PositiveControl
chr6,80022758,80023458,LNcaP_pos_125-PositiveControl
chr6,4487573,4488273,LNcaP_pos_147-PositiveControl
chr6,22442938,22443638,LNcaP_pos_156-PositiveControl
chr6,72077290,72077990,LNcaP_pos_163-PositiveControl
chr6,75981736,75982436,LNcaP_pos_198-PositiveControl
chr6,101328650,101329350,LNcaP_pos_204-PositiveControl
chr6,37212435,37213135,LNcaP_pos_223-PositiveControl
chr6,81245730,81246430,LNcaP_pos_243-PositiveControl
chr6,85545862,85546562,LNcaP_pos_244-PositiveControl
chr6,65460602,65461302,LNcaP_pos_253-PositiveControl
chr6,28321716,28322416,LNcaP_pos_308-PositiveControl
chr6,26705191,26705891,LNcaP_pos_314-PositiveControl
chr6,88834834,88835534,LNcaP_pos_327-PositiveControl
chr6,139752278,139752978,LNcaP_pos_340-PositiveControl
chr6,107780417,107781117,LNcaP_pos_399-PositiveControl
chr6,112308400,112309100,LNcaP_pos_401-PositiveControl
chr6,153167760,153168460,LNcaP_pos_435-PositiveControl
chr6,36650102,36650802,LNcaP_pos_478-PositiveControl
chr6,10718740,10719440,LNcaP_pos_482-PositiveControl
chr6,149699948,149700648,LNcaP_pos_487-PositiveControl
chr7,475540,476240,peakno_2067-ARBS
chr7,1136664,1137364,peakno_2069-ARBS
chr7,2900078,2900778,overlapped_read_10-ARBS
chr7,3541078,3541778,peakno_2407-ARBS
chr7,3559662,3560362,peakno_2408-ARBS
chr7,3750138,3750838,peakno_2419-ARBS
chr7,5457967,5458667,peakno_2420-ARBS
chr7,6060232,6060932,peakno_2421-ARBS
chr7,6068103,6068803,peakno_2422-ARBS
chr7,6343293,6343993,peakno_2425-ARBS
chr7,7592876,7593576,peakno_2427-ARBS
chr7,7726380,7727080,overlapped_read_11-ARBS
chr7,7899338,7900038,peakno_2437-ARBS
chr7,10084305,10085005,peakno_2451-ARBS
chr7,10305302,10306002,peakno_2453-ARBS
chr7,11069074,11069774,peakno_2454-ARBS
chr7,11268046,11268746,overlapped_read_12-ARBS
chr7,11489760,11490460,peakno_2455-ARBS
chr7,11682376,11683076,peakno_2471-ARBS
chr7,12755230,12755930,peakno_2481-ARBS
chr7,12981000,12981700,peakno_2482-ARBS
chr7,13681154,13681854,peakno_2483-ARBS
chr7,13938770,13939470,peakno_2496-ARBS
chr7,14808822,14809522,peakno_2498-ARBS
chr7,16639276,16639976,peakno_2652-ARBS
chr7,17029440,17030140,overlapped_read_32-ARBS
chr7,17315742,17316442,onlynormal_read_23-ARBS
chr7,17598339,17599039,peakno_2664-ARBS
chr7,18592601,18593301,peakno_2668-ARBS
chr7,18896693,18897393,peakno_2669-ARBS
chr7,19740460,19741160,peakno_2673-ARBS
chr7,20633400,20634100,overlapped_read_33-ARBS
chr7,20646648,20647348,peakno_2682-ARBS
chr7,20957108,20957808,peakno_2683-ARBS
chr7,20972103,20972803,peakno_2684-ARBS
chr7,20998720,20999420,peakno_2685-ARBS
chr7,21678958,21679658,peakno_2697-ARBS
chr7,21986590,21987290,peakno_2698-ARBS
chr7,23374092,23374792,peakno_2700-ARBS
chr7,24021254,24021954,peakno_2705-ARBS
chr7,24167366,24168066,peakno_2717-ARBS
chr7,24191882,24192582,peakno_2718-ARBS
chr7,24219048,24219748,peakno_818-ARBS
chr7,25396196,25396896,overlapped_read_34-ARBS
chr7,25445225,25445925,peakno_2899-ARBS
chr7,25659682,25660382,overlapped_read_36-ARBS
chr7,26062109,26062809,peakno_2900-ARBS
chr7,26452820,26453520,peakno_2901-ARBS
chr7,26791871,26792571,peakno_1715-ARBS
chr7,27033895,27034595,peakno_2905-ARBS
chr7,27386292,27386992,peakno_2909-ARBS
chr7,27975970,27976670,overlapped_read_37-ARBS
chr7,28076451,28077151,onlynormal_read_183-ARBS
chr7,29270174,29270874,peakno_2912-ARBS
chr7,29331018,29331718,peakno_1695-ARBS
chr7,29376496,29377196,peakno_2918-ARBS
chr7,29388762,29389462,peakno_832-ARBS
chr7,29417150,29417850,peakno_2919-ARBS
chr7,30790390,30791090,onlynormal_read_25-ARBS
chr7,31010026,31010726,peakno_2929-ARBS
chr7,33551322,33552022,peakno_2936-ARBS
chr7,33620630,33621330,peakno_2937-ARBS
chr7,34237868,34238568,overlapped_read_44-ARBS
chr7,34285982,34286682,peakno_2995-ARBS
chr7,36168128,36168828,onlynormal_read_26-ARBS
chr7,36985603,36986303,peakno_2996-ARBS
chr7,38280578,38281278,peakno_2999-ARBS
chr7,38284850,38285550,peakno_3000-ARBS
chr7,40279158,40279858,peakno_878-ARBS
chr7,41160640,41161340,peakno_3010-ARBS
chr7,42908213,42908913,overlapped_read_63-ARBS
chr7,46643258,46643958,overlapped_read_64-ARBS
chr7,47615382,47616082,peakno_3073-ARBS
chr7,47797325,47798025,onlynormal_read_35-ARBS
chr7,49202128,49202828,peakno_890-ARBS
chr7,50550498,50551198,peakno_3083-ARBS
chr7,50569826,50570526,onlynormal_read_36-ARBS
chr7,50576240,50576940,peakno_3084-ARBS
chr7,50618258,50618958,peakno_3085-ARBS
chr7,50724874,50725574,overlapped_read_65-ARBS
chr7,50953644,50954344,peakno_3089-ARBS
chr7,51331195,51331895,peakno_3093-ARBS
chr7,51417817,51418517,peakno_3094-ARBS
chr7,51674251,51674951,overlapped_read_66-ARBS
chr7,51681464,51682164,overlapped_read_67-ARBS
chr7,55086862,55087562,onlynormal_read_37-ARBS
chr7,55245230,55245930,peakno_3107-ARBS
chr7,55499574,55500274,peakno_3108-ARBS
chr7,63958531,63959231,peakno_3112-ARBS
chr7,65225195,65225895,peakno_3113-ARBS
chr7,66935206,66935906,overlapped_read_69-ARBS
chr7,66969130,66969830,peakno_2-ARBS
chr7,68195756,68196456,peakno_6-ARBS
chr7,69061000,69061700,peakno_11-ARBS
chr7,69208019,69208719,peakno_12-ARBS
chr7,69313084,69313784,peakno_16-ARBS
chr7,69326072,69326772,overlapped_read_70-ARBS
chr7,69928386,69929086,peakno_17-ARBS
chr7,70044132,70044832,peakno_18-ARBS
chr7,70685044,70685744,peakno_21-ARBS
chr7,72933197,72933897,peakno_1910-ARBS
chr7,73163998,73164698,peakno_26-ARBS
chr7,73172750,73173450,peakno_27-ARBS
chr7,73512399,73513099,onlynormal_read_39-ARBS
chr7,73613572,73614272,peakno_31-ARBS
chr7,73795738,73796438,peakno_32-ARBS
chr7,73892236,73892936,onlynormal_read_40-ARBS
chr7,75737874,75738574,peakno_860-ARBS
chr7,75878524,75879224,peakno_38-ARBS
chr7,77314450,77315150,peakno_46-ARBS
chr7,77421188,77421888,onlynormal_read_41-ARBS
chr7,78338858,78339558,peakno_130-ARBS
chr7,79723790,79724490,peakno_1787-ARBS
chr7,79839583,79840283,peakno_132-ARBS
chr7,79869370,79870070,peakno_133-ARBS
chr7,79882317,79883017,peakno_1741-ARBS
chr7,79907128,79907828,peakno_134-ARBS
chr7,79982445,79983145,peakno_137-ARBS
chr7,80389474,80390174,peakno_138-ARBS
chr7,80513778,80514478,peakno_143-ARBS
chr7,80669646,80670346,peakno_144-ARBS
chr7,81120743,81121443,peakno_145-ARBS
chr7,81828114,81828814,peakno_149-ARBS
chr7,81929178,81929878,peakno_150-ARBS
chr7,82140696,82141396,peakno_151-ARBS
chr7,82169292,82169992,peakno_159-ARBS
chr7,82177372,82178072,peakno_160-ARBS
chr7,82896255,82896955,overlapped_read_71-ARBS
chr7,84888188,84888888,peakno_1171-ARBS
chr7,86973572,86974272,overlapped_read_72-ARBS
chr7,87910612,87911312,peakno_1696-ARBS
chr7,87932666,87933366,peakno_1173-ARBS
chr7,89314330,89315030,peakno_1183-ARBS
chr7,89696300,89697000,peakno_1419-ARBS
chr7,89856496,89857196,peakno_1420-ARBS
chr7,89860492,89861192,peakno_1421-ARBS
chr7,90335423,90336123,overlapped_read_73-ARBS
chr7,90346836,90347536,peakno_1431-ARBS
chr7,91257881,91258581,overlapped_read_86-ARBS
chr7,91283770,91284470,peakno_1432-ARBS
chr7,92431548,92432248,peakno_1434-ARBS
chr7,92563188,92563888,peakno_1435-ARBS
chr7,92832605,92833305,peakno_1447-ARBS
chr7,95179232,95179932,overlapped_read_87-ARBS
chr7,95219644,95220344,peakno_1460-ARBS
chr7,95237994,95238694,overlapped_read_88-ARBS
chr7,95257989,95258689,onlynormal_read_184-ARBS
chr7,95288984,95289684,peakno_1464-ARBS
chr7,95584936,95585636,peakno_1465-ARBS
chr7,96423634,96424334,peakno_1482-ARBS
chr7,96429896,96430596,peakno_1483-ARBS
chr7,96578922,96579622,peakno_1495-ARBS
chr7,97715433,97716133,peakno_1496-ARBS
chr7,98199116,98199816,overlapped_read_89-ARBS
chr7,98621506,98622206,peakno_1224-ARBS
chr7,98726020,98726720,peakno_1225-ARBS
chr7,99424705,99425405,overlapped_read_90-ARBS
chr7,99547222,99547922,peakno_1236-ARBS
chr7,99605890,99606590,peakno_1237-ARBS
chr7,100539888,100540588,peakno_1238-ARBS
chr7,100626640,100627340,overlapped_read_91-ARBS
chr7,100743300,100744000,onlynormal_read_51-ARBS
chr7,100995432,100996132,peakno_1239-ARBS
chr7,101026059,101026759,overlapped_read_92-ARBS
chr7,101131867,101132567,peakno_1257-ARBS
chr7,101526232,101526932,peakno_1258-ARBS
chr7,101718696,101719396,peakno_1259-ARBS
chr7,102629436,102630136,peakno_1273-ARBS
chr7,103127696,103128396,peakno_1274-ARBS
chr7,103570072,103570772,peakno_1278-ARBS
chr7,103782452,103783152,peakno_1279-ARBS
chr7,104431350,104432050,peakno_1292-ARBS
chr7,105331992,105332692,peakno_1298-ARBS
chr7,105603244,105603944,overlapped_read_93-ARBS
chr7,105836897,105837597,overlapped_read_94-ARBS
chr7,105846134,105846834,peakno_1312-ARBS
chr7,105857343,105858043,overlapped_read_95-ARBS
chr7,105953816,105954516,peakno_1313-ARBS
chr7,106803132,106803832,peakno_1408-ARBS
chr7,107167538,107168238,peakno_1409-ARBS
chr7,107257670,107258370,peakno_1422-ARBS
chr7,107426195,107426895,peakno_1423-ARBS
chr7,107440003,107440703,peakno_1424-ARBS
chr7,107452282,107452982,peakno_1425-ARBS
chr7,107491286,107491986,peakno_1426-ARBS
chr7,108040084,108040784,peakno_892-ARBS
chr7,108240748,108241448,peakno_895-ARBS
chr7,108251486,108252186,peakno_896-ARBS
chr7,108254420,108255120,peakno_897-ARBS
chr7,109795312,109796012,peakno_325-ARBS
chr7,110902494,110903194,peakno_328-ARBS
chr7,111169850,111170550,peakno_330-ARBS
chr7,111405836,111406536,peakno_331-ARBS
chr7,111443207,111443907,peakno_332-ARBS
chr7,111800586,111801286,peakno_337-ARBS
chr7,112062786,112063486,peakno_1700-ARBS
chr7,112128802,112129502,peakno_338-ARBS
chr7,112201921,112202621,peakno_341-ARBS
chr7,112212466,112213166,peakno_1775-ARBS
chr7,112597816,112598516,peakno_342-ARBS
chr7,113006690,113007390,peakno_343-ARBS
chr7,113054489,113055189,peakno_344-ARBS
chr7,115317886,115318586,peakno_349-ARBS
chr7,115957128,115957828,peakno_352-ARBS
chr7,116675948,116676648,peakno_353-ARBS
chr7,116763482,116764182,peakno_354-ARBS
chr7,120349927,120350627,peakno_524-ARBS
chr7,120482016,120482716,peakno_525-ARBS
chr7,120688853,120689553,peakno_526-ARBS
chr7,120709283,120709983,peakno_527-ARBS
chr7,120853056,120853756,peakno_823-ARBS
chr7,121222186,121222886,peakno_532-ARBS
chr7,122348650,122349350,overlapped_read_105-ARBS
chr7,122448186,122448886,peakno_537-ARBS
chr7,123048021,123048721,peakno_1945-ARBS
chr7,123596840,123597540,peakno_540-ARBS
chr7,125124666,125125366,peakno_544-ARBS
chr7,128425682,128426382,peakno_549-ARBS
chr7,129538522,129539222,peakno_550-ARBS
chr7,130008470,130009170,overlapped_read_106-ARBS
chr7,130896109,130896809,overlapped_read_107-ARBS
chr7,130969330,130970030,overlapped_read_108-ARBS
chr7,131042007,131042707,peakno_552-ARBS
chr7,131085596,131086296,peakno_559-ARBS
chr7,131618728,131619428,peakno_1887-ARBS
chr7,131785116,131785816,peakno_560-ARBS
chr7,131935702,131936402,peakno_854-ARBS
chr7,132629348,132630048,peakno_921-ARBS
chr7,133067788,133068488,peakno_922-ARBS
chr7,133946213,133946913,peakno_929-ARBS
chr7,133977629,133978329,peakno_930-ARBS
chr7,134152657,134153357,peakno_931-ARBS
chr7,134483976,134484676,peakno_932-ARBS
chr7,135708182,135708882,peakno_1756-ARBS
chr7,135717951,135718651,peakno_939-ARBS
chr7,135730625,135731325,overlapped_read_109-ARBS
chr7,136856676,136857376,peakno_944-ARBS
chr7,137266152,137266852,peakno_945-ARBS
chr7,137632978,137633678,peakno_946-ARBS
chr7,137692418,137693118,peakno_947-ARBS
chr7,137781078,137781778,peakno_948-ARBS
chr7,138254212,138254912,peakno_955-ARBS
chr7,138795719,138796419,peakno_956-ARBS
chr7,139002596,139003296,peakno_957-ARBS
chr7,139357422,139358122,peakno_958-ARBS
chr7,139424656,139425356,peakno_959-ARBS
chr7,139553254,139553954,peakno_960-ARBS
chr7,140184618,140185318,peakno_961-ARBS
chr7,142592268,142592968,peakno_971-ARBS
chr7,142941271,142941971,peakno_980-ARBS
chr7,142941976,142942676,peakno_981-ARBS
chr7,142998080,142998780,peakno_1073-ARBS
chr7,143116887,143117587,peakno_1074-ARBS
chr7,144087454,144088154,overlapped_read_110-ARBS
chr7,144329446,144330146,peakno_1075-ARBS
chr7,146286860,146287560,peakno_1145-ARBS
chr7,147825974,147826674,peakno_1147-ARBS
chr7,149322986,149323686,peakno_1151-ARBS
chr7,150625889,150626589,peakno_1327-ARBS
chr7,151377724,151378424,onlynormal_read_57-ARBS
chr7,151440494,151441194,onlynormal_read_58-ARBS
chr7,151620424,151621124,peakno_1333-ARBS
chr7,155440304,155441004,peakno_1340-ARBS
chr7,156407204,156407904,peakno_1348-ARBS
chr7,156696056,156696756,peakno_1351-ARBS
chr7,158525686,158526386,peakno_1354-ARBS
chr7,25709999,25710699,NegativeControl-AR_motif_13214
chr7,70368778,70369478,NegativeControl-AR_motif_13633
chr7,154164880,154165580,NegativeControl-AR_motif_14526
chr7,9555331,9556031,NegativeControl-AR_motif_13059
chr7,5491810,5492510,NegativeControl-AR_motif_13016
chr7,33565151,33565851,NegativeControl-AR_motif_13300
chr7,97338190,97338890,NegativeControl-AR_motif_13906
chr7,46388031,46388731,NegativeControl-AR_motif_13429
chr7,36632589,36633289,NegativeControl-AR_motif_13327
chr7,7278855,7279555,NegativeControl-AR_motif_13032
chr7,148778404,148779104,NegativeControl-AR_motif_14458
chr7,113035169,113035869,NegativeControl-AR_motif_14094
chr7,140884847,140885547,NegativeControl-AR_motif_14384
chr7,83251714,83252414,NegativeControl-AR_motif_13751
chr7,20431909,20432609,NegativeControl-AR_motif_13151
chr7,157619999,157620699,NegativeControl-AR_motif_14573
chr7,79219780,79220480,NegativeControl-AR_motif_13709
chr7,151127335,151128035,NegativeControl-AR_motif_14497
chr7,158208753,158209453,NegativeControl-AR_motif_14586
chr7,75678334,75679034,NegativeControl-AR_motif_13676
chr7,145838169,145838869,NegativeControl-AR_motif_14433
chr7,108723595,108724295,NegativeControl-AR_motif_14051
chr7,121856067,121856767,NegativeControl-AR_motif_14188
chr7,30405485,30406185,NegativeControl-AR_motif_13267
chr7,1438711,1439411,NegativeControl-AR_motif_12961
chr7,112441371,112442071,NegativeControl-AR_motif_14086
chr7,53795219,53795919,NegativeControl-AR_motif_13531
chr7,48887189,48887889,NegativeControl-AR_motif_13473
chr7,65719825,65720525,NegativeControl-AR_motif_13587
chr7,52083627,52084327,NegativeControl-AR_motif_13512
chr7,115412675,115413375,NegativeControl-AR_motif_14122
chr7,52282550,52283250,NegativeControl-AR_motif_13515
chr7,134971307,134972007,NegativeControl-AR_motif_14314
chr7,68626179,68626879,NegativeControl-AR_motif_13614
chr7,156546034,156546734,NegativeControl-AR_motif_14564
chr7,86953240,86953940,NegativeControl-AR_motif_13790
chr7,66967008,66967708,NegativeControl-AR_motif_13597
chr7,91886287,91886987,NegativeControl-AR_motif_13843
chr7,107926691,107927391,NegativeControl-AR_motif_14040
chr7,29415512,29416212,NegativeControl-AR_motif_13253
chr7,146750151,146750851,NegativeControl-AR_motif_14439
chr7,377107,377807,NegativeControl-AR_motif_12945
chr7,131261275,131261975,NegativeControl-AR_motif_14274
chr7,134363021,134363721,NegativeControl-AR_motif_14306
chr7,115528126,115528826,NegativeControl-AR_motif_14123
chr7,25771878,25772578,NegativeControl-AR_motif_13217
chr7,116964802,116965502,NegativeControl-AR_motif_14137
chr7,1505182,1505882,NegativeControl-AR_motif_12964
chr7,137296187,137296887,NegativeControl-AR_motif_14339
chr7,36981950,36982650,NegativeControl-AR_motif_13334
chr7,9969399,9970099,NegativeControl-AR_motif_13063
chr7,11520054,11520754,NegativeControl-AR_motif_13077
chr7,23237948,23238648,NegativeControl-AR_motif_13192
chr7,24541585,24542285,NegativeControl-AR_motif_13203
chr7,92278973,92279673,NegativeControl-AR_motif_13848
chr7,116337489,116338189,NegativeControl-AR_motif_14130
chr7,154544645,154545345,NegativeControl-AR_motif_14532
chr7,133853278,133853978,NegativeControl-AR_motif_14300
chr7,154116193,154116893,NegativeControl-AR_motif_14524
chr7,108932390,108933090,NegativeControl-AR_motif_14055
chr7,2158839,2159539,NegativeControl-AR_motif_12975
chr7,133310306,133311006,NegativeControl-AR_motif_14296
chr7,23470361,23471061,NegativeControl-AR_motif_13194
chr7,133888526,133889226,NegativeControl-AR_motif_14303
chr7,31114145,31114845,NegativeControl-AR_motif_13278
chr7,91632179,91632879,NegativeControl-AR_motif_13840
chr7,30491306,30492006,NegativeControl-AR_motif_13268
chr7,32928114,32928814,NegativeControl-AR_motif_13293
chr7,89765275,89765975,NegativeControl-AR_motif_13821
chr7,118995782,118996482,NegativeControl-AR_motif_14151
chr7,87321785,87322485,NegativeControl-AR_motif_13795
chr7,15699492,15700192,NegativeControl-AR_motif_13109
chr7,158238519,158239219,NegativeControl-AR_motif_14588
chr7,103736554,103737254,NegativeControl-AR_motif_13982
chr7,13451158,13451858,NegativeControl-AR_motif_13091
chr7,150826064,150826764,NegativeControl-AR_motif_14488
chr7,131585115,131585815,NegativeControl-AR_motif_14280
chr7,135453593,135454293,NegativeControl-AR_motif_14322
chr7,94927834,94928534,NegativeControl-AR_motif_13875
chr7,5122186,5122886,NegativeControl-AR_motif_13012
chr7,38752500,38753200,NegativeControl-AR_motif_13351
chr7,25203199,25203899,NegativeControl-AR_motif_13207
chr7,49582119,49582819,NegativeControl-AR_motif_13482
chr7,47284071,47284771,NegativeControl-AR_motif_13445
chr7,117541793,117542493,NegativeControl-AR_motif_14143
chr7,72645544,72646244,NegativeControl-AR_motif_13648
chr7,47797297,47797997,NegativeControl-AR_motif_13456
chr7,108328176,108328876,NegativeControl-AR_motif_14050
chr7,70967572,70968272,NegativeControl-AR_motif_13640
chr7,157666051,157666751,NegativeControl-AR_motif_14578
chr7,125487673,125488373,NegativeControl-AR_motif_14221
chr7,70346862,70347562,NegativeControl-AR_motif_13632
chr7,8567537,8568237,NegativeControl-AR_motif_13049
chr7,106674818,106675518,NegativeControl-AR_motif_14023
chr7,88954335,88955035,NegativeControl-AR_motif_13810
chr7,130073631,130074331,NegativeControl-AR_motif_14261
chr7,75870417,75871117,NegativeControl-AR_motif_13680
chr7,108886853,108887553,NegativeControl-AR_motif_14053
chr7,100786069,100786769,NegativeControl-AR_motif_13947
chr7,48652868,48653568,NegativeControl-AR_motif_13469
chr7,51893391,51894091,NegativeControl-AR_motif_13509
chr7,109341009,109341709,NegativeControl-AR_motif_14060
chr7,98898608,98899308,NegativeControl-AR_motif_13926
chr7,137670073,137670773,NegativeControl-AR_motif_14340
chr7,145316766,145317466,NegativeControl-AR_motif_14427
chr7,148836998,148837698,NegativeControl-AR_motif_14459
chr7,86898890,86899590,NegativeControl-AR_motif_13788
chr7,69162655,69163355,NegativeControl-AR_motif_13620
chr7,40595431,40596131,NegativeControl-AR_motif_13369
chr7,122060046,122060746,NegativeControl-AR_motif_14192
chr7,11610588,11611288,NegativeControl-AR_motif_13078
chr7,23140223,23140923,NegativeControl-AR_motif_13189
chr7,16661605,16662305,NegativeControl-AR_motif_13123
chr7,48800817,48801517,NegativeControl-AR_motif_13471
chr7,25714898,25715598,NegativeControl-AR_motif_13215
chr7,86400887,86401587,NegativeControl-AR_motif_13784
chr7,111683322,111684022,NegativeControl-AR_motif_14078
chr7,41524413,41525113,NegativeControl-AR_motif_13381
chr7,16855553,16856253,NegativeControl-AR_motif_13124
chr7,113549590,113550290,NegativeControl-AR_motif_14101
chr7,67134056,67134756,NegativeControl-AR_motif_13600
chr7,69630352,69631052,NegativeControl-AR_motif_13627
chr7,122958913,122959613,NegativeControl-AR_motif_14198
chr7,148225985,148226685,NegativeControl-AR_motif_14450
chr7,104724934,104725634,NegativeControl-AR_motif_13996
chr7,70652258,70652958,NegativeControl-AR_motif_13636
chr7,4175290,4175990,NegativeControl-AR_motif_13004
chr7,84206898,84207598,NegativeControl-AR_motif_13764
chr7,133224777,133225477,NegativeControl-AR_motif_14295
chr7,108191502,108192202,NegativeControl-AR_motif_14048
chr7,3509606,3510306,NegativeControl-AR_motif_12996
chr7,88674026,88674726,NegativeControl-AR_motif_13807
chr7,23792426,23793126,NegativeControl-AR_motif_13197
chr7,145397237,145397937,NegativeControl-AR_motif_14430
chr7,63413368,63414068,NegativeControl-AR_motif_13570
chr7,120693814,120694514,NegativeControl-AR_motif_14172
chr7,27782773,27783473,NegativeControl-AR_motif_13239
chr7,80894271,80894971,NegativeControl-AR_motif_13728
chr7,139037148,139037848,NegativeControl-AR_motif_14362
chr7,89212004,89212704,NegativeControl-AR_motif_13815
chr7,49603377,49604077,NegativeControl-AR_motif_13483
chr7,134925085,134925785,NegativeControl-AR_motif_14313
chr7,151047458,151048158,NegativeControl-AR_motif_14495
chr7,88219435,88220135,NegativeControl-AR_motif_13803
chr7,109961118,109961818,NegativeControl-AR_motif_14063
chr7,8532775,8533475,NegativeControl-AR_motif_13047
chr7,33704101,33704801,NegativeControl-AR_motif_13301
chr7,83820389,83821089,NegativeControl-AR_motif_13758
chr7,10127418,10128118,NegativeControl-AR_motif_13069
chr7,67173250,67173950,NegativeControl-AR_motif_13601
chr7,49520409,49521109,NegativeControl-AR_motif_13480
chr7,133453928,133454628,NegativeControl-AR_motif_14299
chr7,84600346,84601046,NegativeControl-AR_motif_13771
chr7,77415661,77416361,NegativeControl-AR_motif_13691
chr7,83281391,83282091,NegativeControl-AR_motif_13753
chr7,84118406,84119106,NegativeControl-AR_motif_13762
chr7,13480561,13481261,NegativeControl-AR_motif_13092
chr7,36684236,36684936,NegativeControl-AR_motif_13330
chr7,47238739,47239439,NegativeControl-AR_motif_13442
chr7,68306442,68307142,NegativeControl-AR_motif_13608
chr7,153412504,153413204,NegativeControl-AR_motif_14515
chr7,86545394,86546094,NegativeControl-AR_motif_13785
chr7,21245748,21246448,NegativeControl-AR_motif_13166
chr7,41661635,41662335,NegativeControl-AR_motif_13382
chr7,118357791,118358491,NegativeControl-AR_motif_14150
chr7,82402764,82403464,NegativeControl-AR_motif_13741
chr7,13906051,13906751,NegativeControl-AR_motif_13098
chr7,38342455,38343155,NegativeControl-AR_motif_13345
chr7,153733551,153734251,NegativeControl-AR_motif_14518
chr7,84880709,84881409,NegativeControl-AR_motif_13772
chr7,45440981,45441681,NegativeControl-AR_motif_13420
chr7,122911059,122911759,NegativeControl-AR_motif_14197
chr7,75240677,75241377,NegativeControl-AR_motif_13671
chr7,45083484,45084184,NegativeControl-AR_motif_13415
chr7,70920530,70921230,NegativeControl-AR_motif_13639
chr7,89110693,89111393,NegativeControl-AR_motif_13813
chr7,100141749,100142449,NegativeControl-AR_motif_13940
chr7,27999262,27999962,NegativeControl-AR_motif_13241
chr7,115225054,115225754,LNcaP_pos_41-PositiveControl
chr7,159103350,159104050,LNcaP_pos_49-PositiveControl
chr7,40756735,40757435,LNcaP_pos_73-PositiveControl
chr7,84218156,84218856,LNcaP_pos_78-PositiveControl
chr7,33327268,33327968,LNcaP_pos_88-PositiveControl
chr7,33391166,33391866,LNcaP_pos_92-PositiveControl
chr7,12596805,12597505,LNcaP_pos_95-PositiveControl
chr7,43616868,43617568,LNcaP_pos_96-PositiveControl
chr7,137849335,137850035,LNcaP_pos_98-PositiveControl
chr7,61969408,61970108,LNcaP_pos_112-PositiveControl
chr7,121151041,121151741,LNcaP_pos_155-PositiveControl
chr7,110174488,110175188,LNcaP_pos_160-PositiveControl
chr7,121145738,121146438,LNcaP_pos_161-PositiveControl
chr7,70301114,70301814,LNcaP_pos_177-PositiveControl
chr7,25010686,25011386,LNcaP_pos_183-PositiveControl
chr7,48577040,48577740,LNcaP_pos_246-PositiveControl
chr7,149091138,149091838,LNcaP_pos_257-PositiveControl
chr7,49054142,49054842,LNcaP_pos_271-PositiveControl
chr7,152686766,152687466,LNcaP_pos_298-PositiveControl
chr7,95320555,95321255,LNcaP_pos_302-PositiveControl
chr7,56949716,56950416,LNcaP_pos_304-PositiveControl
chr7,126229240,126229940,LNcaP_pos_311-PositiveControl
chr7,64019462,64020162,LNcaP_pos_347-PositiveControl
chr7,117036970,117037670,LNcaP_pos_348-PositiveControl
chr7,117270443,117271143,LNcaP_pos_359-PositiveControl
chr7,137873262,137873962,LNcaP_pos_367-PositiveControl
chr7,102618660,102619360,LNcaP_pos_383-PositiveControl
chr7,55433576,55434276,LNcaP_pos_441-PositiveControl
chr7,134278360,134279060,LNcaP_pos_475-PositiveControl
chr7,42971381,42972081,LNcaP_pos_497-PositiveControl
chr8,522664,523364,peakno_1355-ARBS
chr8,590052,590752,overlapped_read_111-ARBS
chr8,1815774,1816474,overlapped_read_112-ARBS
chr8,1894914,1895614,peakno_1584-ARBS
chr8,6291584,6292284,overlapped_read_113-ARBS
chr8,6456740,6457440,overlapped_read_114-ARBS
chr8,10345396,10346096,peakno_1601-ARBS
chr8,11721262,11721962,peakno_1602-ARBS
chr8,12623823,12624523,onlynormal_read_61-ARBS
chr8,12652624,12653324,peakno_1603-ARBS
chr8,15559512,15560212,peakno_1891-ARBS
chr8,17195326,17196026,peakno_1606-ARBS
chr8,17693892,17694592,peakno_1613-ARBS
chr8,17924126,17924826,peakno_827-ARBS
chr8,17930874,17931574,peakno_1614-ARBS
chr8,18037002,18037702,peakno_1615-ARBS
chr8,18420486,18421186,peakno_1621-ARBS
chr8,18812157,18812857,peakno_1622-ARBS
chr8,18867562,18868262,peakno_1623-ARBS
chr8,18979543,18980243,peakno_1624-ARBS
chr8,19056086,19056786,peakno_1625-ARBS
chr8,19253338,19254038,peakno_1631-ARBS
chr8,19315487,19316187,peakno_1632-ARBS
chr8,19479479,19480179,peakno_1633-ARBS
chr8,19535748,19536448,peakno_1634-ARBS
chr8,19551476,19552176,peakno_2045-ARBS
chr8,19622724,19623424,peakno_2046-ARBS
chr8,19624736,19625436,peakno_2047-ARBS
chr8,19745136,19745836,peakno_2048-ARBS
chr8,22240885,22241585,onlynormal_read_182-ARBS
chr8,22877344,22878044,peakno_2050-ARBS
chr8,23477890,23478590,peakno_2051-ARBS
chr8,23501016,23501716,peakno_2053-ARBS
chr8,23529267,23529967,peakno_2054-ARBS
chr8,24315247,24315947,peakno_2056-ARBS
chr8,25169539,25170239,peakno_2060-ARBS
chr8,25189486,25190186,peakno_2061-ARBS
chr8,25265466,25266166,overlapped_read_126-ARBS
chr8,25848035,25848735,peakno_2063-ARBS
chr8,25953604,25954304,peakno_2064-ARBS
chr8,26061722,26062422,peakno_2065-ARBS
chr8,26123275,26123975,peakno_2066-ARBS
chr8,27139818,27140518,overlapped_read_128-ARBS
chr8,27736350,27737050,peakno_2072-ARBS
chr8,28147514,28148214,overlapped_read_129-ARBS
chr8,28205560,28206260,overlapped_read_130-ARBS
chr8,28709822,28710522,peakno_2073-ARBS
chr8,29173929,29174629,peakno_2075-ARBS
chr8,29235152,29235852,peakno_2076-ARBS
chr8,29258850,29259550,peakno_2077-ARBS
chr8,29642179,29642879,peakno_2078-ARBS
chr8,29780965,29781665,peakno_2083-ARBS
chr8,30073114,30073814,onlynormal_read_63-ARBS
chr8,30348898,30349598,peakno_2084-ARBS
chr8,30533071,30533771,overlapped_read_132-ARBS
chr8,32498810,32499510,onlynormal_read_64-ARBS
chr8,33313167,33313867,peakno_2085-ARBS
chr8,35513296,35513996,peakno_2423-ARBS
chr8,35633584,35634284,peakno_2424-ARBS
chr8,37159952,37160652,peakno_2426-ARBS
chr8,38124392,38125092,peakno_2435-ARBS
chr8,38171746,38172446,overlapped_read_133-ARBS
chr8,38858542,38859242,peakno_2436-ARBS
chr8,38883018,38883718,overlapped_read_156-ARBS
chr8,39689389,39690089,overlapped_read_157-ARBS
chr8,40013628,40014328,peakno_2439-ARBS
chr8,40068062,40068762,peakno_2440-ARBS
chr8,41032960,41033660,peakno_2452-ARBS
chr8,41467389,41468089,overlapped_read_159-ARBS
chr8,41867591,41868291,peakno_2469-ARBS
chr8,42306791,42307491,peakno_2470-ARBS
chr8,42922246,42922946,overlapped_read_160-ARBS
chr8,48265938,48266638,overlapped_read_163-ARBS
chr8,48424906,48425606,onlynormal_read_67-ARBS
chr8,48438653,48439353,peakno_829-ARBS
chr8,48540023,48540723,overlapped_read_164-ARBS
chr8,48571910,48572610,overlapped_read_165-ARBS
chr8,48647459,48648159,overlapped_read_166-ARBS
chr8,49090486,49091186,peakno_2486-ARBS
chr8,49182178,49182878,onlynormal_read_68-ARBS
chr8,49215654,49216354,peakno_2495-ARBS
chr8,49561656,49562356,overlapped_read_167-ARBS
chr8,49650268,49650968,peakno_2497-ARBS
chr8,49745758,49746458,peakno_2501-ARBS
chr8,53106176,53106876,peakno_2653-ARBS
chr8,53666524,53667224,peakno_2654-ARBS
chr8,53702298,53702998,peakno_2667-ARBS
chr8,54605136,54605836,peakno_816-ARBS
chr8,54661138,54661838,peakno_2672-ARBS
chr8,55021733,55022433,peakno_870-ARBS
chr8,56686861,56687561,peakno_2681-ARBS
chr8,58757533,58758233,peakno_2699-ARBS
chr8,58767648,58768348,peakno_1909-ARBS
chr8,58869788,58870488,peakno_2703-ARBS
chr8,58904460,58905160,peakno_2704-ARBS
chr8,59198513,59199213,peakno_2706-ARBS
chr8,59548884,59549584,peakno_2722-ARBS
chr8,59575010,59575710,peakno_2723-ARBS
chr8,61812268,61812968,overlapped_read_168-ARBS
chr8,62695205,62695905,peakno_2903-ARBS
chr8,62946742,62947442,peakno_2904-ARBS
chr8,66217238,66217938,peakno_2916-ARBS
chr8,66675894,66676594,peakno_2917-ARBS
chr8,67443356,67444056,peakno_1906-ARBS
chr8,67458393,67459093,peakno_2923-ARBS
chr8,67471976,67472676,overlapped_read_169-ARBS
chr8,67626182,67626882,peakno_2928-ARBS
chr8,68641434,68642134,peakno_2930-ARBS
chr8,68722719,68723419,peakno_2934-ARBS
chr8,69060700,69061400,peakno_2935-ARBS
chr8,69766466,69767166,peakno_2943-ARBS
chr8,70500436,70501136,peakno_2945-ARBS
chr8,70676260,70676960,peakno_2946-ARBS
chr8,71863438,71864138,overlapped_read_174-ARBS
chr8,74224440,74225140,onlynormal_read_70-ARBS
chr8,75089668,75090368,peakno_2444-ARBS
chr8,75192952,75193652,peakno_2445-ARBS
chr8,75318152,75318852,peakno_2446-ARBS
chr8,75488462,75489162,peakno_2457-ARBS
chr8,75627598,75628298,peakno_2462-ARBS
chr8,80812654,80813354,peakno_2488-ARBS
chr8,80818059,80818759,peakno_2489-ARBS
chr8,80819000,80819700,peakno_2490-ARBS
chr8,80990234,80990934,peakno_2494-ARBS
chr8,81158870,81159570,overlapped_read_185-ARBS
chr8,81464262,81464962,peakno_2509-ARBS
chr8,81532430,81533130,peakno_2510-ARBS
chr8,81620464,81621164,peakno_2511-ARBS
chr8,81657793,81658493,overlapped_read_187-ARBS
chr8,81941866,81942566,peakno_2730-ARBS
chr8,82035370,82036070,overlapped_read_188-ARBS
chr8,82555953,82556653,peakno_2740-ARBS
chr8,85015674,85016374,peakno_2741-ARBS
chr8,85742504,85743204,peakno_2744-ARBS
chr8,86224894,86225594,peakno_2756-ARBS
chr8,87302114,87302814,peakno_2760-ARBS
chr8,87382268,87382968,peakno_2761-ARBS
chr8,90319806,90320506,peakno_2775-ARBS
chr8,90731793,90732493,peakno_2779-ARBS
chr8,90973489,90974189,onlynormal_read_78-ARBS
chr8,92007972,92008672,peakno_2780-ARBS
chr8,92111911,92112611,peakno_2790-ARBS
chr8,92119856,92120556,peakno_1679-ARBS
chr8,93976842,93977542,peakno_2807-ARBS
chr8,94080406,94081106,peakno_2808-ARBS
chr8,94127359,94128059,peakno_2809-ARBS
chr8,94667479,94668179,peakno_209-ARBS
chr8,96003418,96004118,peakno_1924-ARBS
chr8,96112813,96113513,peakno_213-ARBS
chr8,96329631,96330331,peakno_215-ARBS
chr8,97884678,97885378,peakno_219-ARBS
chr8,98096601,98097301,peakno_222-ARBS
chr8,98459662,98460362,peakno_223-ARBS
chr8,98529086,98529786,overlapped_read_190-ARBS
chr8,98745647,98746347,peakno_228-ARBS
chr8,99550334,99551034,peakno_853-ARBS
chr8,99580478,99581178,peakno_235-ARBS
chr8,99747911,99748611,peakno_236-ARBS
chr8,99794039,99794739,peakno_237-ARBS
chr8,100717894,100718594,overlapped_read_191-ARBS
chr8,100881781,100882481,peakno_408-ARBS
chr8,101029978,101030678,peakno_409-ARBS
chr8,101050864,101051564,overlapped_read_192-ARBS
chr8,101250636,101251336,peakno_413-ARBS
chr8,101693312,101694012,peakno_423-ARBS
chr8,101895808,101896508,peakno_424-ARBS
chr8,102290126,102290826,peakno_427-ARBS
chr8,102372937,102373637,peakno_428-ARBS
chr8,102419430,102420130,peakno_429-ARBS
chr8,102436038,102436738,overlapped_read_708-ARBS
chr8,102450414,102451114,peakno_435-ARBS
chr8,102507318,102508018,peakno_436-ARBS
chr8,102516747,102517447,overlapped_read_194-ARBS
chr8,102595938,102596638,peakno_437-ARBS
chr8,103254616,103255316,peakno_439-ARBS
chr8,107642543,107643243,peakno_449-ARBS
chr8,108350770,108351470,peakno_450-ARBS
chr8,108429855,108430555,peakno_603-ARBS
chr8,108626544,108627244,overlapped_read_215-ARBS
chr8,116816343,116817043,peakno_617-ARBS
chr8,117004375,117005075,peakno_844-ARBS
chr8,117010476,117011176,peakno_618-ARBS
chr8,117651918,117652618,peakno_619-ARBS
chr8,117679500,117680200,peakno_620-ARBS
chr8,118072500,118073200,peakno_623-ARBS
chr8,119800890,119801590,overlapped_read_219-ARBS
chr8,120989492,120990192,peakno_633-ARBS
chr8,123657018,123657718,peakno_809-ARBS
chr8,123740566,123741266,overlapped_read_223-ARBS
chr8,124036633,124037333,onlynormal_read_93-ARBS
chr8,124118956,124119656,peakno_811-ARBS
chr8,124417617,124418317,overlapped_read_226-ARBS
chr8,124453435,124454135,peakno_812-ARBS
chr8,124702066,124702766,onlynormal_read_94-ARBS
chr8,125213803,125214503,peakno_984-ARBS
chr8,125459878,125460578,peakno_989-ARBS
chr8,125681491,125682191,peakno_990-ARBS
chr8,125865444,125866144,peakno_993-ARBS
chr8,126285248,126285948,peakno_995-ARBS
chr8,126442070,126442770,peakno_996-ARBS
chr8,128030662,128031362,peakno_997-ARBS
chr8,128255773,128256473,peakno_1000-ARBS
chr8,128505857,128506557,peakno_1001-ARBS
chr8,128531272,128531972,peakno_1007-ARBS
chr8,128598198,128598898,peakno_1008-ARBS
chr8,128775653,128776353,peakno_1009-ARBS
chr8,128794644,128795344,peakno_1010-ARBS
chr8,129169402,129170102,overlapped_read_230-ARBS
chr8,130364870,130365570,onlynormal_read_95-ARBS
chr8,133058892,133059592,peakno_1242-ARBS
chr8,133911072,133911772,peakno_1260-ARBS
chr8,133932372,133933072,peakno_1261-ARBS
chr8,134228576,134229276,peakno_1262-ARBS
chr8,134338964,134339664,peakno_1276-ARBS
chr8,134467730,134468430,peakno_1277-ARBS
chr8,134576511,134577211,peakno_855-ARBS
chr8,134836814,134837514,peakno_1281-ARBS
chr8,135806133,135806833,peakno_1299-ARBS
chr8,135898607,135899307,peakno_1310-ARBS
chr8,136493834,136494534,overlapped_read_232-ARBS
chr8,136589102,136589802,peakno_1316-ARBS
chr8,137585316,137586016,peakno_1410-ARBS
chr8,141489592,141490292,overlapped_read_456-ARBS
chr8,141800671,141801371,peakno_893-ARBS
chr8,143758581,143759281,peakno_326-ARBS
chr8,144137042,144137742,overlapped_read_457-ARBS
chr8,32726608,32727308,NegativeControl-AR_motif_15074
chr8,91377534,91378234,NegativeControl-AR_motif_15598
chr8,75690916,75691616,NegativeControl-AR_motif_15464
chr8,41797126,41797826,NegativeControl-AR_motif_15158
chr8,39656487,39657187,NegativeControl-AR_motif_15134
chr8,27194678,27195378,NegativeControl-AR_motif_14998
chr8,101255385,101256085,NegativeControl-AR_motif_15707
chr8,140382341,140383041,NegativeControl-AR_motif_16157
chr8,144024370,144025070,NegativeControl-AR_motif_16216
chr8,126988098,126988798,NegativeControl-AR_motif_15985
chr8,34504205,34504905,NegativeControl-AR_motif_15088
chr8,70179717,70180417,NegativeControl-AR_motif_15404
chr8,70536829,70537529,NegativeControl-AR_motif_15410
chr8,107083833,107084533,NegativeControl-AR_motif_15772
chr8,118518123,118518823,NegativeControl-AR_motif_15890
chr8,55529772,55530472,NegativeControl-AR_motif_15265
chr8,58578746,58579446,NegativeControl-AR_motif_15294
chr8,33802184,33802884,NegativeControl-AR_motif_15082
chr8,126138796,126139496,NegativeControl-AR_motif_15980
chr8,13200490,13201190,NegativeControl-AR_motif_14805
chr8,34457348,34458048,NegativeControl-AR_motif_15087
chr8,13782094,13782794,NegativeControl-AR_motif_14818
chr8,141616199,141616899,NegativeControl-AR_motif_16172
chr8,58589572,58590272,NegativeControl-AR_motif_15295
chr8,31201003,31201703,NegativeControl-AR_motif_15054
chr8,12158038,12158738,NegativeControl-AR_motif_14792
chr8,10649651,10650351,NegativeControl-AR_motif_14768
chr8,126717001,126717701,NegativeControl-AR_motif_15984
chr8,39597642,39598342,NegativeControl-AR_motif_15133
chr8,67018692,67019392,NegativeControl-AR_motif_15370
chr8,108604800,108605500,NegativeControl-AR_motif_15792
chr8,50854588,50855288,NegativeControl-AR_motif_15222
chr8,96751700,96752400,NegativeControl-AR_motif_15661
chr8,106408274,106408974,NegativeControl-AR_motif_15769
chr8,79493047,79493747,NegativeControl-AR_motif_15495
chr8,133330176,133330876,NegativeControl-AR_motif_16060
chr8,119377661,119378361,NegativeControl-AR_motif_15898
chr8,30884909,30885609,NegativeControl-AR_motif_15051
chr8,133499117,133499817,NegativeControl-AR_motif_16064
chr8,27138024,27138724,NegativeControl-AR_motif_14995
chr8,121812035,121812735,NegativeControl-AR_motif_15929
chr8,49216427,49217127,NegativeControl-AR_motif_15202
chr8,39992256,39992956,NegativeControl-AR_motif_15139
chr8,95998207,95998907,NegativeControl-AR_motif_15654
chr8,1799370,1800070,NegativeControl-AR_motif_14625
chr8,136298252,136298952,NegativeControl-AR_motif_16111
chr8,11629730,11630430,NegativeControl-AR_motif_14786
chr8,20037235,20037935,NegativeControl-AR_motif_14885
chr8,82000108,82000808,NegativeControl-AR_motif_15518
chr8,7130212,7130912,NegativeControl-AR_motif_14697
chr8,35608948,35609648,NegativeControl-AR_motif_15096
chr8,32049430,32050130,NegativeControl-AR_motif_15066
chr8,85620142,85620842,NegativeControl-AR_motif_15544
chr8,145792142,145792842,NegativeControl-AR_motif_16245
chr8,79619670,79620370,NegativeControl-AR_motif_15498
chr8,124017492,124018192,NegativeControl-AR_motif_15958
chr8,32056004,32056704,NegativeControl-AR_motif_15067
chr8,22053221,22053921,NegativeControl-AR_motif_14919
chr8,19469564,19470264,NegativeControl-AR_motif_14880
chr8,13391628,13392328,NegativeControl-AR_motif_14808
chr8,134084228,134084928,NegativeControl-AR_motif_16077
chr8,4439229,4439929,NegativeControl-AR_motif_14662
chr8,109987477,109988177,NegativeControl-AR_motif_15815
chr8,116670596,116671296,NegativeControl-AR_motif_15868
chr8,93311429,93312129,NegativeControl-AR_motif_15616
chr8,89717545,89718245,NegativeControl-AR_motif_15569
chr8,131870007,131870707,NegativeControl-AR_motif_16047
chr8,142742868,142743568,NegativeControl-AR_motif_16193
chr8,101092686,101093386,NegativeControl-AR_motif_15704
chr8,20549089,20549789,NegativeControl-AR_motif_14891
chr8,73138838,73139538,NegativeControl-AR_motif_15432
chr8,18594893,18595593,NegativeControl-AR_motif_14864
chr8,21669875,21670575,NegativeControl-AR_motif_14912
chr8,109226728,109227428,NegativeControl-AR_motif_15806
chr8,7595363,7596063,NegativeControl-AR_motif_14726
chr8,47525442,47526142,NegativeControl-AR_motif_15184
chr8,56656069,56656769,NegativeControl-AR_motif_15278
chr8,142897241,142897941,NegativeControl-AR_motif_16195
chr8,60261034,60261734,NegativeControl-AR_motif_15311
chr8,37901515,37902215,NegativeControl-AR_motif_15113
chr8,137318740,137319440,NegativeControl-AR_motif_16121
chr8,31816744,31817444,NegativeControl-AR_motif_15060
chr8,73363543,73364243,NegativeControl-AR_motif_15434
chr8,66824381,66825081,NegativeControl-AR_motif_15369
chr8,61952298,61952998,NegativeControl-AR_motif_15338
chr8,10628282,10628982,NegativeControl-AR_motif_14767
chr8,58671551,58672251,NegativeControl-AR_motif_15296
chr8,120924694,120925394,NegativeControl-AR_motif_15917
chr8,129233510,129234210,NegativeControl-AR_motif_16013
chr8,36801546,36802246,NegativeControl-AR_motif_15104
chr8,125626995,125627695,NegativeControl-AR_motif_15973
chr8,145984507,145985207,NegativeControl-AR_motif_16248
chr8,106397677,106398377,NegativeControl-AR_motif_15768
chr8,55307995,55308695,NegativeControl-AR_motif_15260
chr8,17394866,17395566,NegativeControl-AR_motif_14846
chr8,76742245,76742945,NegativeControl-AR_motif_15470
chr8,72174382,72175082,NegativeControl-AR_motif_15421
chr8,28672299,28672999,NegativeControl-AR_motif_15021
chr8,135956041,135956741,NegativeControl-AR_motif_16105
chr8,144838342,144839042,NegativeControl-AR_motif_16228
chr8,130882647,130883347,NegativeControl-AR_motif_16031
chr8,93680365,93681065,NegativeControl-AR_motif_15620
chr8,135752427,135753127,NegativeControl-AR_motif_16098
chr8,69572153,69572853,NegativeControl-AR_motif_15399
chr8,95238963,95239663,NegativeControl-AR_motif_15645
chr8,8898812,8899512,NegativeControl-AR_motif_14752
chr8,74436257,74436957,NegativeControl-AR_motif_15447
chr8,102787948,102788648,NegativeControl-AR_motif_15729
chr8,141210673,141211373,NegativeControl-AR_motif_16164
chr8,135535076,135535776,NegativeControl-AR_motif_16096
chr8,140784900,140785600,NegativeControl-AR_motif_16160
chr8,143791795,143792495,NegativeControl-AR_motif_16209
chr8,7064984,7065684,NegativeControl-AR_motif_14689
chr8,118136644,118137344,NegativeControl-AR_motif_15887
chr8,127509015,127509715,NegativeControl-AR_motif_15992
chr8,24603060,24603760,NegativeControl-AR_motif_14952
chr8,7145456,7146156,NegativeControl-AR_motif_14701
chr8,6948434,6949134,NegativeControl-AR_motif_14688
chr8,21208192,21208892,NegativeControl-AR_motif_14903
chr8,39293086,39293786,NegativeControl-AR_motif_15129
chr8,123149200,123149900,NegativeControl-AR_motif_15945
chr8,107582915,107583615,NegativeControl-AR_motif_15778
chr8,27229177,27229877,NegativeControl-AR_motif_15000
chr8,63162000,63162700,NegativeControl-AR_motif_15345
chr8,72772860,72773560,NegativeControl-AR_motif_15426
chr8,80020848,80021548,NegativeControl-AR_motif_15502
chr8,106216094,106216794,NegativeControl-AR_motif_15765
chr8,49540559,49541259,NegativeControl-AR_motif_15208
chr8,72964477,72965177,NegativeControl-AR_motif_15430
chr8,7872720,7873420,NegativeControl-AR_motif_14739
chr8,55468480,55469180,NegativeControl-AR_motif_15263
chr8,12957081,12957781,NegativeControl-AR_motif_14804
chr8,39369344,39370044,NegativeControl-AR_motif_15130
chr8,89016758,89017458,NegativeControl-AR_motif_15563
chr8,145538959,145539659,NegativeControl-AR_motif_16241
chr8,94942581,94943281,NegativeControl-AR_motif_15639
chr8,73809762,73810462,NegativeControl-AR_motif_15437
chr8,55472545,55473245,NegativeControl-AR_motif_15264
chr8,136129231,136129931,NegativeControl-AR_motif_16108
chr8,83865727,83866427,NegativeControl-AR_motif_15534
chr8,94480219,94480919,NegativeControl-AR_motif_15631
chr8,50579394,50580094,NegativeControl-AR_motif_15219
chr8,142430831,142431531,NegativeControl-AR_motif_16184
chr8,108983587,108984287,NegativeControl-AR_motif_15802
chr8,142197340,142198040,NegativeControl-AR_motif_16180
chr8,24576215,24576915,NegativeControl-AR_motif_14951
chr8,5020052,5020752,NegativeControl-AR_motif_14670
chr8,83364901,83365601,NegativeControl-AR_motif_15533
chr8,119037915,119038615,NegativeControl-AR_motif_15894
chr8,85380169,85380869,NegativeControl-AR_motif_15542
chr8,58126639,58127339,NegativeControl-AR_motif_15291
chr8,6506334,6507034,LNcaP_pos_4-PositiveControl
chr8,127155268,127155968,LNcaP_pos_21-PositiveControl
chr8,143896928,143897628,LNcaP_pos_24-PositiveControl
chr8,80036210,80036910,LNcaP_pos_59-PositiveControl
chr8,103248744,103249444,LNcaP_pos_67-PositiveControl
chr8,50022820,50023520,LNcaP_pos_84-PositiveControl
chr8,52837500,52838200,LNcaP_pos_85-PositiveControl
chr8,579960,580660,LNcaP_pos_146-PositiveControl
chr8,53458640,53459340,LNcaP_pos_164-PositiveControl
chr8,5178774,5179474,LNcaP_pos_176-PositiveControl
chr8,36433518,36434218,LNcaP_pos_201-PositiveControl
chr8,80031822,80032522,LNcaP_pos_207-PositiveControl
chr8,22960437,22961137,LNcaP_pos_258-PositiveControl
chr8,164318,165018,LNcaP_pos_295-PositiveControl
chr8,6196360,6197060,LNcaP_pos_306-PositiveControl
chr8,124624518,124625218,LNcaP_pos_328-PositiveControl
chr8,95002922,95003622,LNcaP_pos_338-PositiveControl
chr8,116123578,116124278,LNcaP_pos_358-PositiveControl
chr8,29627862,29628562,LNcaP_pos_376-PositiveControl
chr8,145926989,145927689,LNcaP_pos_462-PositiveControl
chr8,145060268,145060968,LNcaP_pos_490-PositiveControl
chr8,96785144,96785844,LNcaP_pos_493-PositiveControl
chr9,494618,495318,peakno_333-ARBS
chr9,571020,571720,peakno_334-ARBS
chr9,656395,657095,peakno_335-ARBS
chr9,1856606,1857306,peakno_339-ARBS
chr9,2477516,2478216,peakno_345-ARBS
chr9,2500516,2501216,peakno_346-ARBS
chr9,2678350,2679050,peakno_347-ARBS
chr9,4144528,4145228,overlapped_read_460-ARBS
chr9,7704716,7705416,peakno_359-ARBS
chr9,14106508,14107208,peakno_528-ARBS
chr9,14179252,14179952,peakno_529-ARBS
chr9,14700416,14701116,peakno_533-ARBS
chr9,15211228,15211928,overlapped_read_463-ARBS
chr9,16267561,16268261,peakno_1759-ARBS
chr9,16512205,16512905,peakno_541-ARBS
chr9,17524250,17524950,peakno_542-ARBS
chr9,18393635,18394335,peakno_545-ARBS
chr9,19404478,19405178,peakno_548-ARBS
chr9,20297490,20298190,onlynormal_read_191-ARBS
chr9,21802048,21802748,peakno_553-ARBS
chr9,22088456,22089156,onlynormal_read_192-ARBS
chr9,22301112,22301812,peakno_554-ARBS
chr9,22455104,22455804,peakno_919-ARBS
chr9,22954788,22955488,peakno_920-ARBS
chr9,23227022,23227722,peakno_924-ARBS
chr9,23598840,23599540,peakno_925-ARBS
chr9,24132111,24132811,peakno_934-ARBS
chr9,24374060,24374760,peakno_935-ARBS
chr9,24381291,24381991,overlapped_read_435-ARBS
chr9,24547808,24548508,peakno_936-ARBS
chr9,26782665,26783365,peakno_942-ARBS
chr9,26791390,26792090,peakno_943-ARBS
chr9,26801586,26802286,peakno_953-ARBS
chr9,31510399,31511099,peakno_965-ARBS
chr9,33162794,33163494,onlynormal_read_194-ARBS
chr9,33328903,33329603,peakno_966-ARBS
chr9,33878518,33879218,peakno_968-ARBS
chr9,34084369,34085069,overlapped_read_464-ARBS
chr9,34185792,34186492,peakno_1710-ARBS
chr9,34674284,34674984,peakno_974-ARBS
chr9,34741522,34742222,peakno_975-ARBS
chr9,35244748,35245448,peakno_976-ARBS
chr9,35258528,35259228,peakno_977-ARBS
chr9,36099606,36100306,peakno_1071-ARBS
chr9,36252130,36252830,peakno_3159-ARBS
chr9,37782471,37783171,peakno_3163-ARBS
chr9,71527852,71528552,overlapped_read_505-ARBS
chr9,71638064,71638764,peakno_3181-ARBS
chr9,71962377,71963077,peakno_3182-ARBS
chr9,72117696,72118396,overlapped_read_506-ARBS
chr9,72293738,72294438,peakno_3189-ARBS
chr9,73034702,73035402,overlapped_read_508-ARBS
chr9,73089746,73090446,peakno_1772-ARBS
chr9,73095466,73096166,overlapped_read_509-ARBS
chr9,73216346,73217046,onlynormal_read_207-ARBS
chr9,73539092,73539792,peakno_3201-ARBS
chr9,73878202,73878902,peakno_3202-ARBS
chr9,74912168,74912868,peakno_3215-ARBS
chr9,75723990,75724690,peakno_3219-ARBS
chr9,75941927,75942627,overlapped_read_511-ARBS
chr9,76130032,76130732,peakno_3224-ARBS
chr9,76168065,76168765,peakno_3225-ARBS
chr9,76194712,76195412,peakno_3226-ARBS
chr9,78712231,78712931,peakno_88-ARBS
chr9,79201343,79202043,peakno_91-ARBS
chr9,79414258,79414958,peakno_92-ARBS
chr9,79892468,79893168,peakno_97-ARBS
chr9,80618508,80619208,peakno_104-ARBS
chr9,80986490,80987190,peakno_105-ARBS
chr9,81124866,81125566,peakno_106-ARBS
chr9,82104384,82105084,overlapped_read_513-ARBS
chr9,83258676,83259376,peakno_116-ARBS
chr9,83547732,83548432,peakno_117-ARBS
chr9,83644760,83645460,peakno_118-ARBS
chr9,84202666,84203366,peakno_1698-ARBS
chr9,84332444,84333144,peakno_120-ARBS
chr9,84429264,84429964,overlapped_read_517-ARBS
chr9,84461998,84462698,peakno_123-ARBS
chr9,85069670,85070370,peakno_124-ARBS
chr9,85175109,85175809,peakno_1234-ARBS
chr9,85195800,85196500,peakno_1235-ARBS
chr9,85212578,85213278,peakno_1245-ARBS
chr9,85683983,85684683,peakno_1246-ARBS
chr9,85747570,85748270,peakno_1247-ARBS
chr9,86601464,86602164,overlapped_read_518-ARBS
chr9,86750972,86751672,peakno_1250-ARBS
chr9,87365203,87365903,peakno_1265-ARBS
chr9,87512924,87513624,peakno_1266-ARBS
chr9,88206170,88206870,peakno_1270-ARBS
chr9,88651366,88652066,peakno_1271-ARBS
chr9,88660704,88661404,peakno_1272-ARBS
chr9,88984262,88984962,peakno_857-ARBS
chr9,89019972,89020672,peakno_1286-ARBS
chr9,89298983,89299683,peakno_836-ARBS
chr9,89735365,89736065,peakno_1304-ARBS
chr9,90184686,90185386,peakno_1309-ARBS
chr9,90195746,90196446,peakno_1317-ARBS
chr9,92236299,92236999,peakno_1324-ARBS
chr9,92279649,92280349,overlapped_read_519-ARBS
chr9,92282504,92283204,peakno_1416-ARBS
chr9,93317596,93318296,peakno_1688-ARBS
chr9,93371939,93372639,peakno_1689-ARBS
chr9,93561396,93562096,peakno_1690-ARBS
chr9,93683216,93683916,overlapped_read_548-ARBS
chr9,93805149,93805849,onlynormal_read_225-ARBS
chr9,93882474,93883174,peakno_1702-ARBS
chr9,93896793,93897493,peakno_1703-ARBS
chr9,94117624,94118324,peakno_1704-ARBS
chr9,96818579,96819279,overlapped_read_551-ARBS
chr9,96897367,96898067,overlapped_read_552-ARBS
chr9,98248302,98249002,peakno_1733-ARBS
chr9,98483276,98483976,peakno_1737-ARBS
chr9,98597582,98598282,peakno_1738-ARBS
chr9,98830678,98831378,peakno_1747-ARBS
chr9,98835638,98836338,onlynormal_read_226-ARBS
chr9,99365924,99366624,overlapped_read_554-ARBS
chr9,99416383,99417083,peakno_1748-ARBS
chr9,100824554,100825254,peakno_1761-ARBS
chr9,100834788,100835488,peakno_1762-ARBS
chr9,100883166,100883866,peakno_1763-ARBS
chr9,100897776,100898476,peakno_1785-ARBS
chr9,100937922,100938622,overlapped_read_555-ARBS
chr9,101904334,101905034,peakno_1780-ARBS
chr9,102811628,102812328,peakno_1781-ARBS
chr9,104576154,104576854,peakno_2011-ARBS
chr9,104967324,104968024,peakno_2016-ARBS
chr9,104968546,104969246,peakno_2094-ARBS
chr9,105700692,105701392,peakno_2104-ARBS
chr9,106028212,106028912,overlapped_read_557-ARBS
chr9,109402438,109403138,peakno_2110-ARBS
chr9,110195011,110195711,peakno_879-ARBS
chr9,110217741,110218441,peakno_1769-ARBS
chr9,110266786,110267486,peakno_837-ARBS
chr9,110588034,110588734,peakno_2120-ARBS
chr9,110904844,110905544,overlapped_read_558-ARBS
chr9,111034060,111034760,peakno_2127-ARBS
chr9,111551892,111552592,peakno_2128-ARBS
chr9,111822378,111823078,peakno_2129-ARBS
chr9,112003360,112004060,overlapped_read_559-ARBS
chr9,112013232,112013932,peakno_2133-ARBS
chr9,112063208,112063908,overlapped_read_560-ARBS
chr9,112665564,112666264,peakno_2137-ARBS
chr9,112840678,112841378,peakno_2138-ARBS
chr9,112951143,112951843,overlapped_read_561-ARBS
chr9,114205598,114206298,overlapped_read_562-ARBS
chr9,114367450,114368150,peakno_2210-ARBS
chr9,116354889,116355589,peakno_2214-ARBS
chr9,116474150,116474850,peakno_2215-ARBS
chr9,116672346,116673046,peakno_2216-ARBS
chr9,117349108,117349808,peakno_2218-ARBS
chr9,117381334,117382034,peakno_2219-ARBS
chr9,117670238,117670938,peakno_2220-ARBS
chr9,118257380,118258080,peakno_2225-ARBS
chr9,120056276,120056976,peakno_2229-ARBS
chr9,120253610,120254310,peakno_2236-ARBS
chr9,120330719,120331419,peakno_2237-ARBS
chr9,120502542,120503242,peakno_2238-ARBS
chr9,120647428,120648128,peakno_2239-ARBS
chr9,120820322,120821022,peakno_2243-ARBS
chr9,121789089,121789789,peakno_2244-ARBS
chr9,122630864,122631564,overlapped_read_597-ARBS
chr9,123052155,123052855,peakno_2254-ARBS
chr9,123678624,123679324,overlapped_read_598-ARBS
chr9,123783435,123784135,peakno_2433-ARBS
chr9,124212420,124213120,onlynormal_read_238-ARBS
chr9,125010729,125011429,overlapped_read_600-ARBS
chr9,126089834,126090534,peakno_2447-ARBS
chr9,126703758,126704458,peakno_2456-ARBS
chr9,127940026,127940726,peakno_2460-ARBS
chr9,128059076,128059776,peakno_2461-ARBS
chr9,129948310,129949010,onlynormal_read_240-ARBS
chr9,130336654,130337354,peakno_2473-ARBS
chr9,130340841,130341541,peakno_2474-ARBS
chr9,130584374,130585074,peakno_2475-ARBS
chr9,131624516,131625216,peakno_2487-ARBS
chr9,133054260,133054960,onlynormal_read_242-ARBS
chr9,133606624,133607324,peakno_2504-ARBS
chr9,133895028,133895728,onlynormal_read_243-ARBS
chr9,134818660,134819360,peakno_2508-ARBS
chr9,134953032,134953732,overlapped_read_604-ARBS
chr9,135099782,135100482,peakno_2728-ARBS
chr9,135266216,135266916,peakno_2729-ARBS
chr9,135578555,135579255,peakno_2731-ARBS
chr9,137266712,137267412,onlynormal_read_244-ARBS
chr9,68472046,68472746,NegativeControl-AR_motif_16771
chr9,93821646,93822346,NegativeControl-AR_motif_17069
chr9,115188854,115189554,NegativeControl-AR_motif_17288
chr9,91431412,91432112,NegativeControl-AR_motif_17032
chr9,136635558,136636258,NegativeControl-AR_motif_17573
chr9,138872596,138873296,NegativeControl-AR_motif_17614
chr9,18619749,18620449,NegativeControl-AR_motif_16433
chr9,109705291,109705991,NegativeControl-AR_motif_17229
chr9,137153803,137154503,NegativeControl-AR_motif_17583
chr9,120066912,120067612,NegativeControl-AR_motif_17364
chr9,17719121,17719821,NegativeControl-AR_motif_16421
chr9,88006144,88006844,NegativeControl-AR_motif_16993
chr9,73192439,73193139,NegativeControl-AR_motif_16815
chr9,127078961,127079661,NegativeControl-AR_motif_17463
chr9,120439739,120440439,NegativeControl-AR_motif_17370
chr9,4962450,4963150,NegativeControl-AR_motif_16314
chr9,131667266,131667966,NegativeControl-AR_motif_17506
chr9,43162969,43163669,NegativeControl-AR_motif_16695
chr9,93663426,93664126,NegativeControl-AR_motif_17063
chr9,79600291,79600991,NegativeControl-AR_motif_16891
chr9,76425681,76426381,NegativeControl-AR_motif_16847
chr9,136964846,136965546,NegativeControl-AR_motif_17579
chr9,125010733,125011433,NegativeControl-AR_motif_17431
chr9,102470764,102471464,NegativeControl-AR_motif_17167
chr9,138452170,138452870,NegativeControl-AR_motif_17605
chr9,120647424,120648124,NegativeControl-AR_motif_17373
chr9,113472275,113472975,NegativeControl-AR_motif_17262
chr9,115640093,115640793,NegativeControl-AR_motif_17295
chr9,92948402,92949102,NegativeControl-AR_motif_17051
chr9,91765026,91765726,NegativeControl-AR_motif_17037
chr9,115509320,115510020,NegativeControl-AR_motif_17292
chr9,120440916,120441616,NegativeControl-AR_motif_17371
chr9,124658690,124659390,NegativeControl-AR_motif_17428
chr9,119606104,119606804,NegativeControl-AR_motif_17357
chr9,135019889,135020589,NegativeControl-AR_motif_17544
chr9,120747522,120748222,NegativeControl-AR_motif_17374
chr9,108286220,108286920,NegativeControl-AR_motif_17221
chr9,135132514,135133214,NegativeControl-AR_motif_17547
chr9,104219030,104219730,NegativeControl-AR_motif_17179
chr9,124514523,124515223,NegativeControl-AR_motif_17422
chr9,9589204,9589904,NegativeControl-AR_motif_16350
chr9,18849154,18849854,NegativeControl-AR_motif_16436
chr9,31633294,31633994,NegativeControl-AR_motif_16558
chr9,138621438,138622138,NegativeControl-AR_motif_17611
chr9,78556364,78557064,NegativeControl-AR_motif_16876
chr9,42405220,42405920,NegativeControl-AR_motif_16685
chr9,116017043,116017743,NegativeControl-AR_motif_17304
chr9,138440331,138441031,NegativeControl-AR_motif_17604
chr9,95849611,95850311,NegativeControl-AR_motif_17093
chr9,94623595,94624295,NegativeControl-AR_motif_17079
chr9,10723838,10724538,NegativeControl-AR_motif_16355
chr9,445934,446634,NegativeControl-AR_motif_16256
chr9,39395502,39396202,NegativeControl-AR_motif_16650
chr9,119398914,119399614,NegativeControl-AR_motif_17355
chr9,82155062,82155762,NegativeControl-AR_motif_16916
chr9,7180021,7180721,NegativeControl-AR_motif_16332
chr9,86889379,86890079,NegativeControl-AR_motif_16978
chr9,138281247,138281947,NegativeControl-AR_motif_17600
chr9,111180496,111181196,NegativeControl-AR_motif_17240
chr9,20990562,20991262,NegativeControl-AR_motif_16458
chr9,7515903,7516603,NegativeControl-AR_motif_16335
chr9,92778634,92779334,NegativeControl-AR_motif_17050
chr9,116377434,116378134,NegativeControl-AR_motif_17312
chr9,94651113,94651813,NegativeControl-AR_motif_17081
chr9,95951448,95952148,NegativeControl-AR_motif_17097
chr9,42355710,42356410,NegativeControl-AR_motif_16684
chr9,111522971,111523671,NegativeControl-AR_motif_17245
chr9,90463927,90464627,NegativeControl-AR_motif_17023
chr9,122798815,122799515,NegativeControl-AR_motif_17397
chr9,102676838,102677538,NegativeControl-AR_motif_17169
chr9,95823983,95824683,NegativeControl-AR_motif_17092
chr9,86078802,86079502,NegativeControl-AR_motif_16967
chr9,68475402,68476102,NegativeControl-AR_motif_16772
chr9,96152554,96153254,NegativeControl-AR_motif_17101
chr9,31554151,31554851,NegativeControl-AR_motif_16557
chr9,112489777,112490477,NegativeControl-AR_motif_17253
chr9,86833867,86834567,NegativeControl-AR_motif_16975
chr9,96093703,96094403,NegativeControl-AR_motif_17099
chr9,16061966,16062666,NegativeControl-AR_motif_16405
chr9,126226215,126226915,NegativeControl-AR_motif_17450
chr9,122860027,122860727,NegativeControl-AR_motif_17398
chr9,77403550,77404250,NegativeControl-AR_motif_16860
chr9,24033405,24034105,NegativeControl-AR_motif_16488
chr9,129012859,129013559,NegativeControl-AR_motif_17474
chr9,110839351,110840051,NegativeControl-AR_motif_17236
chr9,38211238,38211938,NegativeControl-AR_motif_16635
chr9,41082463,41083163,NegativeControl-AR_motif_16665
chr9,75822242,75822942,NegativeControl-AR_motif_16842
chr9,125737335,125738035,NegativeControl-AR_motif_17446
chr9,71062975,71063675,NegativeControl-AR_motif_16789
chr9,2083180,2083880,NegativeControl-AR_motif_16273
chr9,3556308,3557008,NegativeControl-AR_motif_16293
chr9,77611875,77612575,NegativeControl-AR_motif_16864
chr9,79759813,79760513,NegativeControl-AR_motif_16894
chr9,129792343,129793043,NegativeControl-AR_motif_17485
chr9,28519152,28519852,NegativeControl-AR_motif_16527
chr9,42460712,42461412,NegativeControl-AR_motif_16687
chr9,131105697,131106397,NegativeControl-AR_motif_17502
chr9,25299391,25300091,NegativeControl-AR_motif_16498
chr9,35696681,35697381,NegativeControl-AR_motif_16611
chr9,138527154,138527854,NegativeControl-AR_motif_17608
chr9,25013238,25013938,NegativeControl-AR_motif_16497
chr9,117954760,117955460,NegativeControl-AR_motif_17329
chr9,104656032,104656732,NegativeControl-AR_motif_17183
chr9,117839936,117840636,NegativeControl-AR_motif_17326
chr9,30423168,30423868,NegativeControl-AR_motif_16541
chr9,81456270,81456970,NegativeControl-AR_motif_16907
chr9,141146883,141147583,NegativeControl-AR_motif_17647
chr9,84731779,84732479,NegativeControl-AR_motif_16952
chr9,130868246,130868946,NegativeControl-AR_motif_17501
chr9,130588330,130589030,NegativeControl-AR_motif_17497
chr9,80209485,80210185,NegativeControl-AR_motif_16897
chr9,124197558,124198258,NegativeControl-AR_motif_17416
chr9,28178262,28178962,NegativeControl-AR_motif_16523
chr9,89435901,89436601,NegativeControl-AR_motif_17012
chr9,44760042,44760742,NegativeControl-AR_motif_16714
chr9,72384788,72385488,NegativeControl-AR_motif_16801
chr9,82930689,82931389,NegativeControl-AR_motif_16929
chr9,37872010,37872710,NegativeControl-AR_motif_16631
chr9,35741532,35742232,NegativeControl-AR_motif_16612
chr9,32764492,32765192,NegativeControl-AR_motif_16573
chr9,41540584,41541284,NegativeControl-AR_motif_16672
chr9,118832719,118833419,NegativeControl-AR_motif_17342
chr9,1553960,1554660,NegativeControl-AR_motif_16269
chr9,118706256,118706956,LNcaP_pos_12-PositiveControl
chr9,135145136,135145836,LNcaP_pos_50-PositiveControl
chr9,84635947,84636647,LNcaP_pos_60-PositiveControl
chr9,139444698,139445398,LNcaP_pos_75-PositiveControl
chr9,21831886,21832586,LNcaP_pos_172-PositiveControl
chr9,138536322,138537022,LNcaP_pos_185-PositiveControl
chr9,137299010,137299710,LNcaP_pos_222-PositiveControl
chr9,139495918,139496618,LNcaP_pos_275-PositiveControl
chr9,91547490,91548190,LNcaP_pos_301-PositiveControl
chr9,87466661,87467361,LNcaP_pos_323-PositiveControl
chr9,136879081,136879781,LNcaP_pos_339-PositiveControl
chr9,94909372,94910072,LNcaP_pos_366-PositiveControl
chr9,95562366,95563066,LNcaP_pos_404-PositiveControl
chr9,38583582,38584282,LNcaP_pos_411-PositiveControl
chr9,76299118,76299818,LNcaP_pos_476-PositiveControl
chr9,111129760,111130460,LNcaP_pos_483-PositiveControl
chr9,11100528,11101228,LNcaP_pos_488-PositiveControl
chr9,136753314,136754014,LNcaP_pos_494-PositiveControl
chr9,7433802,7434502,LNcaP_pos_496-PositiveControl
chr10,963092,963792,peakno_2908-ARBS
chr10,1362800,1363500,peakno_2910-ARBS
chr10,1461994,1462694,peakno_2911-ARBS
chr10,1824802,1825502,peakno_2914-ARBS
chr10,3028328,3029028,peakno_2915-ARBS
chr10,3291380,3292080,overlapped_read_704-ARBS
chr10,3524386,3525086,onlynormal_read_297-ARBS
chr10,3894390,3895090,overlapped_read_705-ARBS
chr10,4100796,4101496,peakno_2927-ARBS
chr10,4682070,4682770,peakno_2933-ARBS
chr10,4893860,4894560,peakno_2940-ARBS
chr10,4944490,4945190,peakno_2941-ARBS
chr10,5545270,5545970,peakno_2942-ARBS
chr10,5615812,5616512,onlynormal_read_3-ARBS
chr10,5804350,5805050,peakno_2944-ARBS
chr10,5951995,5952695,peakno_2947-ARBS
chr10,6297274,6297974,overlapped_read_8-ARBS
chr10,7124298,7124998,peakno_2948-ARBS
chr10,7132272,7132972,peakno_2997-ARBS
chr10,7273646,7274346,peakno_2998-ARBS
chr10,7275380,7276080,peakno_1947-ARBS
chr10,7601115,7601815,peakno_3003-ARBS
chr10,8179518,8180218,peakno_3007-ARBS
chr10,8186312,8187012,peakno_3008-ARBS
chr10,12447266,12447966,peakno_3013-ARBS
chr10,12573179,12573879,onlynormal_read_4-ARBS
chr10,12731668,12732368,peakno_3017-ARBS
chr10,12762254,12762954,peakno_3018-ARBS
chr10,13441654,13442354,peakno_3019-ARBS
chr10,13533592,13534292,peakno_3020-ARBS
chr10,13550415,13551115,peakno_3021-ARBS
chr10,14033222,14033922,peakno_1753-ARBS
chr10,14613866,14614566,overlapped_read_31-ARBS
chr10,14708970,14709670,peakno_3024-ARBS
chr10,15643656,15644356,peakno_3025-ARBS
chr10,16352078,16352778,peakno_3026-ARBS
chr10,16584558,16585258,peakno_3081-ARBS
chr10,16813498,16814198,peakno_3082-ARBS
chr10,17485214,17485914,peakno_3088-ARBS
chr10,18484350,18485050,peakno_891-ARBS
chr10,21184454,21185154,peakno_3098-ARBS
chr10,21427645,21428345,peakno_3099-ARBS
chr10,22755595,22756295,peakno_3102-ARBS
chr10,22944214,22944914,peakno_3106-ARBS
chr10,24158408,24159108,peakno_3110-ARBS
chr10,24758728,24759428,peakno_3111-ARBS
chr10,25459358,25460058,peakno_3116-ARBS
chr10,27797189,27797889,peakno_3118-ARBS
chr10,28227776,28228476,peakno_3119-ARBS
chr10,29565306,29566006,peakno_10-ARBS
chr10,31093448,31094148,peakno_15-ARBS
chr10,33444818,33445518,peakno_29-ARBS
chr10,33482930,33483630,peakno_30-ARBS
chr10,34037852,34038552,peakno_36-ARBS
chr10,34088191,34088891,peakno_37-ARBS
chr10,34188396,34189096,overlapped_read_35-ARBS
chr10,34704106,34704806,peakno_42-ARBS
chr10,34758214,34758914,peakno_43-ARBS
chr10,34914915,34915615,peakno_44-ARBS
chr10,34922102,34922802,peakno_45-ARBS
chr10,35979278,35979978,peakno_49-ARBS
chr10,36072135,36072835,peakno_50-ARBS
chr10,38130159,38130859,peakno_52-ARBS
chr10,43689892,43690592,peakno_148-ARBS
chr10,45132021,45132721,peakno_154-ARBS
chr10,45168864,45169564,peakno_155-ARBS
chr10,45170432,45171132,peakno_156-ARBS
chr10,45192440,45193140,peakno_157-ARBS
chr10,45497011,45497711,peakno_158-ARBS
chr10,45558868,45559568,peakno_1168-ARBS
chr10,47101096,47101796,peakno_1169-ARBS
chr10,47131763,47132463,peakno_1170-ARBS
chr10,50712789,50713489,peakno_1714-ARBS
chr10,52339594,52340294,peakno_1182-ARBS
chr10,58143474,58144174,peakno_1184-ARBS
chr10,58717889,58718589,peakno_1185-ARBS
chr10,59519378,59520078,peakno_1186-ARBS
chr10,59608668,59609368,peakno_1187-ARBS
chr10,60228078,60228778,peakno_1188-ARBS
chr10,60758912,60759612,overlapped_read_304-ARBS
chr10,61059947,61060647,peakno_1433-ARBS
chr10,61345985,61346685,overlapped_read_305-ARBS
chr10,61479281,61479981,peakno_1444-ARBS
chr10,61751282,61751982,overlapped_read_306-ARBS
chr10,62042445,62043145,peakno_1445-ARBS
chr10,62135222,62135922,peakno_1446-ARBS
chr10,62147128,62147828,peakno_1448-ARBS
chr10,62576789,62577489,peakno_1449-ARBS
chr10,62726906,62727606,peakno_1450-ARBS
chr10,62884258,62884958,peakno_1451-ARBS
chr10,63054026,63054726,overlapped_read_308-ARBS
chr10,63492355,63493055,peakno_1462-ARBS
chr10,63697086,63697786,overlapped_read_309-ARBS
chr10,64323854,64324554,onlynormal_read_185-ARBS
chr10,64962256,64962956,peakno_1463-ARBS
chr10,65206191,65206891,peakno_1949-ARBS
chr10,65441848,65442548,peakno_1480-ARBS
chr10,65471766,65472466,peakno_1481-ARBS
chr10,65558743,65559443,overlapped_read_312-ARBS
chr10,69716219,69716919,peakno_1497-ARBS
chr10,70393712,70394412,peakno_1676-ARBS
chr10,71010368,71011068,peakno_1498-ARBS
chr10,71145574,71146274,peakno_1500-ARBS
chr10,73620057,73620757,onlynormal_read_135-ARBS
chr10,73771148,73771848,peakno_1501-ARBS
chr10,74008284,74008984,overlapped_read_316-ARBS
chr10,74877485,74878185,peakno_1509-ARBS
chr10,75335913,75336613,overlapped_read_317-ARBS
chr10,75346208,75346908,peakno_1510-ARBS
chr10,76352967,76353667,peakno_1511-ARBS
chr10,76443328,76444028,peakno_1512-ARBS
chr10,76635499,76636199,peakno_1513-ARBS
chr10,76712770,76713470,peakno_1514-ARBS
chr10,76720186,76720886,overlapped_read_338-ARBS
chr10,76781684,76782384,peakno_1515-ARBS
chr10,76887238,76887938,peakno_1516-ARBS
chr10,77532074,77532774,overlapped_read_341-ARBS
chr10,77811004,77811704,peakno_1898-ARBS
chr10,78153924,78154624,peakno_1899-ARBS
chr10,79047239,79047939,overlapped_read_343-ARBS
chr10,79065312,79066012,peakno_1915-ARBS
chr10,79316815,79317515,peakno_1916-ARBS
chr10,79769796,79770496,overlapped_read_344-ARBS
chr10,80185763,80186463,peakno_1921-ARBS
chr10,80241572,80242272,peakno_1922-ARBS
chr10,80349167,80349867,peakno_1923-ARBS
chr10,80456684,80457384,onlynormal_read_139-ARBS
chr10,80489466,80490166,overlapped_read_345-ARBS
chr10,81315478,81316178,peakno_1934-ARBS
chr10,82610059,82610759,peakno_1936-ARBS
chr10,82800522,82801222,peakno_1937-ARBS
chr10,83029614,83030314,peakno_1938-ARBS
chr10,86099758,86100458,peakno_1941-ARBS
chr10,88609216,88609916,peakno_1956-ARBS
chr10,88664302,88665002,overlapped_read_347-ARBS
chr10,94491005,94491705,peakno_1967-ARBS
chr10,94492872,94493572,peakno_1968-ARBS
chr10,95557506,95558206,peakno_1972-ARBS
chr10,95741825,95742525,peakno_1973-ARBS
chr10,95835614,95836314,peakno_1974-ARBS
chr10,97233976,97234676,peakno_1975-ARBS
chr10,98141312,98142012,peakno_2146-ARBS
chr10,98561064,98561764,onlynormal_read_142-ARBS
chr10,98623711,98624411,overlapped_read_352-ARBS
chr10,100277078,100277778,peakno_1960-ARBS
chr10,100736102,100736802,peakno_2147-ARBS
chr10,100839848,100840548,peakno_2148-ARBS
chr10,101098547,101099247,peakno_2149-ARBS
chr10,101571792,101572492,peakno_2150-ARBS
chr10,101704910,101705610,peakno_2151-ARBS
chr10,103124280,103124980,onlynormal_read_151-ARBS
chr10,103724664,103725364,peakno_2154-ARBS
chr10,104534999,104535699,peakno_2155-ARBS
chr10,105711448,105712148,peakno_2156-ARBS
chr10,105778065,105778765,peakno_2157-ARBS
chr10,106037378,106038078,peakno_2159-ARBS
chr10,106047969,106048669,peakno_2160-ARBS
chr10,110481478,110482178,overlapped_read_369-ARBS
chr10,111755859,111756559,peakno_2166-ARBS
chr10,111762664,111763364,peakno_1928-ARBS
chr10,112543795,112544495,overlapped_read_371-ARBS
chr10,112597048,112597748,overlapped_read_372-ARBS
chr10,112896792,112897492,peakno_2170-ARBS
chr10,113339247,113339947,peakno_1911-ARBS
chr10,113549411,113550111,peakno_2171-ARBS
chr10,113837684,113838384,peakno_2174-ARBS
chr10,114120249,114120949,peakno_2175-ARBS
chr10,114121871,114122571,peakno_2176-ARBS
chr10,114150990,114151690,peakno_2177-ARBS
chr10,115718767,115719467,peakno_2286-ARBS
chr10,116539419,116540119,peakno_2290-ARBS
chr10,117201474,117202174,peakno_2300-ARBS
chr10,119555724,119556424,onlynormal_read_155-ARBS
chr10,119564048,119564748,onlynormal_read_156-ARBS
chr10,120012749,120013449,peakno_2308-ARBS
chr10,120340706,120341406,peakno_2324-ARBS
chr10,121044202,121044902,onlynormal_read_157-ARBS
chr10,121702273,121702973,peakno_2328-ARBS
chr10,121812194,121812894,peakno_2337-ARBS
chr10,122012722,122013422,peakno_1727-ARBS
chr10,122151975,122152675,peakno_2340-ARBS
chr10,122677115,122677815,peakno_2341-ARBS
chr10,123348929,123349629,peakno_2343-ARBS
chr10,123822564,123823264,onlynormal_read_158-ARBS
chr10,123880405,123881105,overlapped_read_379-ARBS
chr10,124779440,124780140,peakno_2538-ARBS
chr10,126053146,126053846,peakno_2539-ARBS
chr10,126248799,126249499,onlynormal_read_159-ARBS
chr10,127280206,127280906,peakno_2546-ARBS
chr10,127321947,127322647,peakno_2561-ARBS
chr10,127383341,127384041,peakno_2562-ARBS
chr10,127415784,127416484,peakno_2563-ARBS
chr10,128247356,128248056,peakno_2582-ARBS
chr10,128842296,128842996,peakno_2586-ARBS
chr10,128955996,128956696,peakno_2595-ARBS
chr10,129907842,129908542,overlapped_read_393-ARBS
chr10,131377292,131377992,peakno_1893-ARBS
chr10,132943088,132943788,peakno_2628-ARBS
chr10,134295554,134296254,overlapped_read_394-ARBS
chr10,87783931,87784631,NegativeControl-AR_motif_18552
chr10,108431669,108432369,NegativeControl-AR_motif_18763
chr10,95387054,95387754,NegativeControl-AR_motif_18642
chr10,59548527,59549227,NegativeControl-AR_motif_18252
chr10,12632773,12633473,NegativeControl-AR_motif_17810
chr10,93491178,93491878,NegativeControl-AR_motif_18624
chr10,87293983,87294683,NegativeControl-AR_motif_18548
chr10,2320310,2321010,NegativeControl-AR_motif_17674
chr10,125499867,125500567,NegativeControl-AR_motif_18979
chr10,114382743,114383443,NegativeControl-AR_motif_18844
chr10,93399746,93400446,NegativeControl-AR_motif_18620
chr10,2298397,2299097,NegativeControl-AR_motif_17673
chr10,83166240,83166940,NegativeControl-AR_motif_18510
chr10,125312224,125312924,NegativeControl-AR_motif_18974
chr10,52921089,52921789,NegativeControl-AR_motif_18201
chr10,134559794,134560494,NegativeControl-AR_motif_19112
chr10,89789847,89790547,NegativeControl-AR_motif_18581
chr10,53165282,53165982,NegativeControl-AR_motif_18203
chr10,32605658,32606358,NegativeControl-AR_motif_18024
chr10,98737859,98738559,NegativeControl-AR_motif_18677
chr10,71939642,71940342,NegativeControl-AR_motif_18381
chr10,117141552,117142252,NegativeControl-AR_motif_18884
chr10,53104070,53104770,NegativeControl-AR_motif_18202
chr10,86255793,86256493,NegativeControl-AR_motif_18536
chr10,102304029,102304729,NegativeControl-AR_motif_18705
chr10,10041614,10042314,NegativeControl-AR_motif_17773
chr10,14069432,14070132,NegativeControl-AR_motif_17835
chr10,67887179,67887879,NegativeControl-AR_motif_18336
chr10,64271846,64272546,NegativeControl-AR_motif_18309
chr10,127007352,127008052,NegativeControl-AR_motif_19000
chr10,50055876,50056576,NegativeControl-AR_motif_18175
chr10,111112412,111113112,NegativeControl-AR_motif_18798
chr10,113786363,113787063,NegativeControl-AR_motif_18834
chr10,65520259,65520959,NegativeControl-AR_motif_18320
chr10,105751458,105752158,NegativeControl-AR_motif_18734
chr10,54677041,54677741,NegativeControl-AR_motif_18214
chr10,19500542,19501242,NegativeControl-AR_motif_17889
chr10,108442209,108442909,NegativeControl-AR_motif_18764
chr10,58790444,58791144,NegativeControl-AR_motif_18246
chr10,115439642,115440342,NegativeControl-AR_motif_18862
chr10,23068514,23069214,NegativeControl-AR_motif_17930
chr10,89144063,89144763,NegativeControl-AR_motif_18572
chr10,10154124,10154824,NegativeControl-AR_motif_17774
chr10,76790220,76790920,NegativeControl-AR_motif_18431
chr10,117181945,117182645,NegativeControl-AR_motif_18886
chr10,61942471,61943171,NegativeControl-AR_motif_18275
chr10,86561275,86561975,NegativeControl-AR_motif_18539
chr10,132975420,132976120,NegativeControl-AR_motif_19078
chr10,10465591,10466291,NegativeControl-AR_motif_17780
chr10,127728537,127729237,NegativeControl-AR_motif_19008
chr10,19676002,19676702,NegativeControl-AR_motif_17891
chr10,55497923,55498623,NegativeControl-AR_motif_18223
chr10,27356610,27357310,NegativeControl-AR_motif_17977
chr10,61296232,61296932,NegativeControl-AR_motif_18263
chr10,8543427,8544127,NegativeControl-AR_motif_17755
chr10,79892342,79893042,NegativeControl-AR_motif_18469
chr10,20423866,20424566,NegativeControl-AR_motif_17900
chr10,33814774,33815474,NegativeControl-AR_motif_18032
chr10,10726174,10726874,NegativeControl-AR_motif_17786
chr10,26547906,26548606,NegativeControl-AR_motif_17959
chr10,61803237,61803937,NegativeControl-AR_motif_18273
chr10,35868313,35869013,NegativeControl-AR_motif_18052
chr10,36697117,36697817,NegativeControl-AR_motif_18065
chr10,115975500,115976200,NegativeControl-AR_motif_18868
chr10,73343890,73344590,NegativeControl-AR_motif_18395
chr10,109853004,109853704,NegativeControl-AR_motif_18781
chr10,59880965,59881665,NegativeControl-AR_motif_18256
chr10,35081176,35081876,NegativeControl-AR_motif_18046
chr10,35390383,35391083,NegativeControl-AR_motif_18049
chr10,50043951,50044651,NegativeControl-AR_motif_18173
chr10,127418668,127419368,NegativeControl-AR_motif_19004
chr10,1321889,1322589,NegativeControl-AR_motif_17658
chr10,81316648,81317348,NegativeControl-AR_motif_18488
chr10,8211428,8212128,NegativeControl-AR_motif_17751
chr10,7440118,7440818,NegativeControl-AR_motif_17742
chr10,61327758,61328458,NegativeControl-AR_motif_18265
chr10,50011157,50011857,NegativeControl-AR_motif_18171
chr10,21842654,21843354,NegativeControl-AR_motif_17917
chr10,18114531,18115231,NegativeControl-AR_motif_17879
chr10,44687206,44687906,NegativeControl-AR_motif_18113
chr10,123014332,123015032,NegativeControl-AR_motif_18946
chr10,123656049,123656749,NegativeControl-AR_motif_18958
chr10,30039186,30039886,NegativeControl-AR_motif_17999
chr10,131072935,131073635,NegativeControl-AR_motif_19048
chr10,3044938,3045638,NegativeControl-AR_motif_17684
chr10,112785675,112786375,NegativeControl-AR_motif_18822
chr10,64498661,64499361,NegativeControl-AR_motif_18312
chr10,10665715,10666415,NegativeControl-AR_motif_17785
chr10,87032387,87033087,NegativeControl-AR_motif_18545
chr10,109197384,109198084,NegativeControl-AR_motif_18772
chr10,79411186,79411886,NegativeControl-AR_motif_18463
chr10,108095083,108095783,NegativeControl-AR_motif_18761
chr10,131484752,131485452,NegativeControl-AR_motif_19054
chr10,134033665,134034365,NegativeControl-AR_motif_19096
chr10,2210144,2210844,NegativeControl-AR_motif_17671
chr10,129310916,129311616,NegativeControl-AR_motif_19030
chr10,50361703,50362403,NegativeControl-AR_motif_18178
chr10,64201560,64202260,NegativeControl-AR_motif_18307
chr10,83631992,83632692,NegativeControl-AR_motif_18515
chr10,128306592,128307292,NegativeControl-AR_motif_19012
chr10,113982054,113982754,NegativeControl-AR_motif_18838
chr10,20762587,20763287,NegativeControl-AR_motif_17904
chr10,12607240,12607940,NegativeControl-AR_motif_17808
chr10,110005331,110006031,NegativeControl-AR_motif_18783
chr10,59917871,59918571,NegativeControl-AR_motif_18257
chr10,61363435,61364135,NegativeControl-AR_motif_18267
chr10,111145356,111146056,NegativeControl-AR_motif_18799
chr10,73331196,73331896,NegativeControl-AR_motif_18393
chr10,81996120,81996820,NegativeControl-AR_motif_18497
chr10,109311756,109312456,NegativeControl-AR_motif_18774
chr10,1398560,1399260,NegativeControl-AR_motif_17663
chr10,96127960,96128660,NegativeControl-AR_motif_18656
chr10,71768577,71769277,NegativeControl-AR_motif_18377
chr10,46643468,46644168,NegativeControl-AR_motif_18128
chr10,95408433,95409133,NegativeControl-AR_motif_18643
chr10,10427186,10427886,NegativeControl-AR_motif_17779
chr10,59647445,59648145,NegativeControl-AR_motif_18253
chr10,48287055,48287755,NegativeControl-AR_motif_18142
chr10,79450084,79450784,NegativeControl-AR_motif_18464
chr10,87331203,87331903,NegativeControl-AR_motif_18550
chr10,9432411,9433111,NegativeControl-AR_motif_17767
chr10,110842752,110843452,NegativeControl-AR_motif_18792
chr10,114217652,114218352,NegativeControl-AR_motif_18843
chr10,126817781,126818481,NegativeControl-AR_motif_18994
chr10,18722537,18723237,NegativeControl-AR_motif_17885
chr10,134477654,134478354,NegativeControl-AR_motif_19110
chr10,132584761,132585461,NegativeControl-AR_motif_19066
chr10,81373486,81374186,NegativeControl-AR_motif_18489
chr10,134558178,134558878,NegativeControl-AR_motif_19111
chr10,113664090,113664790,NegativeControl-AR_motif_18830
chr10,38898205,38898905,NegativeControl-AR_motif_18085
chr10,19850502,19851202,NegativeControl-AR_motif_17894
chr10,101052951,101053651,NegativeControl-AR_motif_18697
chr10,35074581,35075281,NegativeControl-AR_motif_18045
chr10,55379280,55379980,LNcaP_pos_18-PositiveControl
chr10,129661264,129661964,LNcaP_pos_26-PositiveControl
chr10,83203855,83204555,LNcaP_pos_93-PositiveControl
chr10,79419008,79419708,LNcaP_pos_121-PositiveControl
chr10,96751126,96751826,LNcaP_pos_144-PositiveControl
chr10,133829091,133829791,LNcaP_pos_174-PositiveControl
chr10,132892734,132893434,LNcaP_pos_250-PositiveControl
chr10,30876366,30877066,LNcaP_pos_251-PositiveControl
chr10,38296736,38297436,LNcaP_pos_261-PositiveControl
chr10,85743246,85743946,LNcaP_pos_287-PositiveControl
chr10,133879217,133879917,LNcaP_pos_329-PositiveControl
chr10,45933664,45934364,LNcaP_pos_333-PositiveControl
chr10,43136158,43136858,LNcaP_pos_369-PositiveControl
chr10,125298114,125298814,LNcaP_pos_373-PositiveControl
chr10,85899012,85899712,LNcaP_pos_388-PositiveControl
chr10,38586200,38586900,LNcaP_pos_391-PositiveControl
chr10,122263592,122264292,LNcaP_pos_408-PositiveControl
chr10,86284624,86285324,LNcaP_pos_410-PositiveControl
chr10,99309472,99310172,LNcaP_pos_417-PositiveControl
chr10,109345104,109345804,LNcaP_pos_427-PositiveControl
chr10,16238718,16239418,LNcaP_pos_432-PositiveControl
chr10,134017079,134017779,LNcaP_pos_444-PositiveControl
chr10,109799430,109800130,LNcaP_pos_473-PositiveControl
chr10,42385254,42385954,LNcaP_pos_486-PositiveControl
chr11,689417,690117,peakno_2637-ARBS
chr11,2243564,2244264,onlynormal_read_167-ARBS
chr11,3719119,3719819,peakno_923-ARBS
chr11,3836942,3837642,onlynormal_read_168-ARBS
chr11,4772250,4772950,peakno_933-ARBS
chr11,6273314,6274014,peakno_940-ARBS
chr11,7559785,7560485,overlapped_read_395-ARBS
chr11,7576708,7577408,peakno_941-ARBS
chr11,7643828,7644528,peakno_949-ARBS
chr11,7654682,7655382,peakno_950-ARBS
chr11,7656768,7657468,peakno_951-ARBS
chr11,9078438,9079138,peakno_952-ARBS
chr11,9548935,9549635,overlapped_read_398-ARBS
chr11,9590272,9590972,overlapped_read_399-ARBS
chr11,9862026,9862726,peakno_962-ARBS
chr11,10087760,10088460,peakno_963-ARBS
chr11,10108576,10109276,peakno_964-ARBS
chr11,10313158,10313858,peakno_884-ARBS
chr11,10608220,10608920,onlynormal_read_169-ARBS
chr11,11605565,11606265,peakno_972-ARBS
chr11,12091767,12092467,overlapped_read_400-ARBS
chr11,12269726,12270426,peakno_973-ARBS
chr11,12555868,12556568,peakno_1069-ARBS
chr11,12874976,12875676,peakno_1070-ARBS
chr11,14309662,14310362,peakno_1146-ARBS
chr11,14709712,14710412,peakno_1148-ARBS
chr11,15335226,15335926,peakno_1149-ARBS
chr11,15515327,15516027,peakno_1150-ARBS
chr11,15553908,15554608,peakno_1152-ARBS
chr11,15624292,15624992,peakno_1153-ARBS
chr11,15639945,15640645,peakno_1154-ARBS
chr11,15690067,15690767,peakno_1155-ARBS
chr11,15991940,15992640,peakno_1328-ARBS
chr11,16247562,16248262,peakno_1329-ARBS
chr11,16768317,16769017,peakno_1330-ARBS
chr11,17397734,17398434,peakno_1334-ARBS
chr11,17427068,17427768,overlapped_read_403-ARBS
chr11,18084515,18085215,peakno_1336-ARBS
chr11,18092575,18093275,peakno_1337-ARBS
chr11,19628988,19629688,overlapped_read_404-ARBS
chr11,19649416,19650116,onlynormal_read_171-ARBS
chr11,19701540,19702240,onlynormal_read_172-ARBS
chr11,20091814,20092514,peakno_1341-ARBS
chr11,20532266,20532966,peakno_1342-ARBS
chr11,21390088,21390788,peakno_1349-ARBS
chr11,23046322,23047022,peakno_1352-ARBS
chr11,26039670,26040370,peakno_1586-ARBS
chr11,26868780,26869480,overlapped_read_406-ARBS
chr11,26931994,26932694,peakno_1587-ARBS
chr11,27223094,27223794,peakno_866-ARBS
chr11,27226682,27227382,peakno_1589-ARBS
chr11,27737548,27738248,peakno_1593-ARBS
chr11,30391546,30392246,peakno_1597-ARBS
chr11,31012000,31012700,peakno_1598-ARBS
chr11,34190228,34190928,peakno_1607-ARBS
chr11,34689513,34690213,peakno_1616-ARBS
chr11,34692459,34693159,peakno_1617-ARBS
chr11,34932402,34933102,peakno_1618-ARBS
chr11,35083000,35083700,overlapped_read_415-ARBS
chr11,35179971,35180671,peakno_1626-ARBS
chr11,35276930,35277630,peakno_1627-ARBS
chr11,35325824,35326524,peakno_1628-ARBS
chr11,35359060,35359760,peakno_1776-ARBS
chr11,35412368,35413068,peakno_1629-ARBS
chr11,35448249,35448949,peakno_1630-ARBS
chr11,35929452,35930152,overlapped_read_416-ARBS
chr11,36153350,36154050,peakno_1635-ARBS
chr11,36486102,36486802,peakno_1636-ARBS
chr11,36489306,36490006,peakno_1637-ARBS
chr11,36651858,36652558,peakno_1638-ARBS
chr11,36704294,36704994,peakno_1639-ARBS
chr11,41304856,41305556,peakno_2057-ARBS
chr11,41315956,41316656,peakno_2058-ARBS
chr11,42011452,42012152,peakno_2059-ARBS
chr11,43890096,43890796,peakno_2070-ARBS
chr11,44230394,44231094,peakno_2071-ARBS
chr11,45084488,45085188,peakno_2074-ARBS
chr11,46295004,46295704,peakno_1881-ARBS
chr11,46758010,46758710,peakno_2079-ARBS
chr11,48063333,48064033,overlapped_read_417-ARBS
chr11,48077172,48077872,overlapped_read_418-ARBS
chr11,57270239,57270939,overlapped_read_419-ARBS
chr11,58693610,58694310,peakno_2438-ARBS
chr11,58792424,58793124,peakno_2448-ARBS
chr11,60138156,60138856,peakno_2449-ARBS
chr11,60392456,60393156,peakno_2450-ARBS
chr11,60633998,60634698,peakno_2466-ARBS
chr11,60648204,60648904,peakno_2467-ARBS
chr11,60925952,60926652,peakno_2468-ARBS
chr11,61462822,61463522,overlapped_read_420-ARBS
chr11,62275632,62276332,peakno_2484-ARBS
chr11,62355086,62355786,overlapped_read_421-ARBS
chr11,63013344,63014044,peakno_2485-ARBS
chr11,63056922,63057622,peakno_2499-ARBS
chr11,64145613,64146313,peakno_2500-ARBS
chr11,65239440,65240140,overlapped_read_422-ARBS
chr11,65953747,65954447,peakno_2502-ARBS
chr11,65956609,65957309,peakno_2512-ARBS
chr11,66556774,66557474,peakno_1948-ARBS
chr11,67833254,67833954,peakno_2665-ARBS
chr11,67848936,67849636,peakno_2666-ARBS
chr11,67849875,67850575,peakno_2670-ARBS
chr11,67905488,67906188,peakno_2671-ARBS
chr11,68247514,68248214,peakno_2680-ARBS
chr11,68419035,68419735,overlapped_read_423-ARBS
chr11,68873522,68874222,peakno_865-ARBS
chr11,70814188,70814888,peakno_831-ARBS
chr11,70823968,70824668,overlapped_read_448-ARBS
chr11,73707330,73708030,peakno_2686-ARBS
chr11,73790823,73791523,peakno_2701-ARBS
chr11,74088582,74089282,peakno_2702-ARBS
chr11,74517152,74517852,peakno_2719-ARBS
chr11,74694784,74695484,peakno_2720-ARBS
chr11,75353290,75353990,peakno_2721-ARBS
chr11,75429664,75430364,peakno_2724-ARBS
chr11,76512683,76513383,peakno_2725-ARBS
chr11,76747224,76747924,peakno_2732-ARBS
chr11,76771945,76772645,peakno_2733-ARBS
chr11,77277804,77278504,peakno_2734-ARBS
chr11,77811098,77811798,peakno_2735-ARBS
chr11,80469044,80469744,peakno_2906-ARBS
chr11,80493508,80494208,overlapped_read_449-ARBS
chr11,80610324,80611024,peakno_2907-ARBS
chr11,82393281,82393981,peakno_2913-ARBS
chr11,82762678,82763378,onlynormal_read_188-ARBS
chr11,82837816,82838516,overlapped_read_450-ARBS
chr11,82850232,82850932,peakno_2920-ARBS
chr11,83099798,83100498,peakno_2921-ARBS
chr11,83121758,83122458,peakno_2922-ARBS
chr11,84240383,84241083,peakno_2924-ARBS
chr11,84319566,84320266,peakno_2925-ARBS
chr11,84577756,84578456,peakno_2926-ARBS
chr11,85772502,85773202,peakno_2931-ARBS
chr11,85773562,85774262,peakno_2932-ARBS
chr11,86711016,86711716,peakno_2938-ARBS
chr11,86716240,86716940,peakno_2939-ARBS
chr11,92970052,92970752,peakno_1725-ARBS
chr11,94441638,94442338,peakno_3001-ARBS
chr11,94565940,94566640,peakno_3002-ARBS
chr11,94578678,94579378,peakno_3004-ARBS
chr11,94820211,94820911,peakno_3005-ARBS
chr11,95081838,95082538,peakno_3006-ARBS
chr11,95380327,95381027,overlapped_read_452-ARBS
chr11,96050724,96051424,peakno_3009-ARBS
chr11,99651142,99651842,peakno_3011-ARBS
chr11,100503540,100504240,peakno_3012-ARBS
chr11,101896863,101897563,peakno_3014-ARBS
chr11,102048718,102049418,overlapped_read_438-ARBS
chr11,102183190,102183890,peakno_3015-ARBS
chr11,102235601,102236301,peakno_3016-ARBS
chr11,102384440,102385140,peakno_3022-ARBS
chr11,105371307,105372007,peakno_3023-ARBS
chr11,107696474,107697174,peakno_3076-ARBS
chr11,107701306,107702006,peakno_1694-ARBS
chr11,107963966,107964666,peakno_3077-ARBS
chr11,108105826,108106526,peakno_3078-ARBS
chr11,108477326,108478026,overlapped_read_453-ARBS
chr11,111008460,111009160,peakno_3090-ARBS
chr11,111176080,111176780,peakno_3091-ARBS
chr11,111205272,111205972,peakno_3092-ARBS
chr11,113210524,113211224,peakno_3100-ARBS
chr11,113907120,113907820,overlapped_read_488-ARBS
chr11,113981516,113982216,peakno_3103-ARBS
chr11,114000509,114001209,peakno_3104-ARBS
chr11,114019944,114020644,peakno_3105-ARBS
chr11,114030572,114031272,overlapped_read_489-ARBS
chr11,114033419,114034119,overlapped_read_490-ARBS
chr11,114034498,114035198,overlapped_read_491-ARBS
chr11,114049803,114050503,overlapped_read_492-ARBS
chr11,114068582,114069282,overlapped_read_493-ARBS
chr11,114294375,114295075,peakno_3114-ARBS
chr11,115090980,115091680,peakno_3117-ARBS
chr11,115791737,115792437,peakno_3120-ARBS
chr11,116678822,116679522,peakno_3121-ARBS
chr11,117046738,117047438,peakno_7-ARBS
chr11,120911596,120912296,overlapped_read_494-ARBS
chr11,120989312,120990012,peakno_19-ARBS
chr11,121128558,121129258,peakno_22-ARBS
chr11,121170890,121171590,peakno_23-ARBS
chr11,121171600,121172300,peakno_24-ARBS
chr11,121346870,121347570,peakno_25-ARBS
chr11,125762802,125763502,peakno_33-ARBS
chr11,125961744,125962444,overlapped_read_495-ARBS
chr11,126084360,126085060,peakno_39-ARBS
chr11,126101573,126102273,overlapped_read_496-ARBS
chr11,127635977,127636677,peakno_47-ARBS
chr11,128323450,128324150,peakno_51-ARBS
chr11,128883744,128884444,peakno_53-ARBS
chr11,129408048,129408748,peakno_410-ARBS
chr11,129511976,129512676,peakno_411-ARBS
chr11,129512850,129513550,overlapped_read_497-ARBS
chr11,129721745,129722445,peakno_843-ARBS
chr11,129895125,129895825,overlapped_read_498-ARBS
chr11,130051138,130051838,peakno_874-ARBS
chr11,130508402,130509102,peakno_414-ARBS
chr11,130575663,130576363,peakno_415-ARBS
chr11,131285480,131286180,overlapped_read_499-ARBS
chr11,133253326,133254026,overlapped_read_500-ARBS
chr11,134225394,134226094,peakno_430-ARBS
chr11,134367333,134368033,peakno_431-ARBS
chr11,134397108,134397808,overlapped_read_501-ARBS
chr11,79367914,79368614,NegativeControl-AR_motif_19979
chr11,128527946,128528646,NegativeControl-AR_motif_20553
chr11,117004256,117004956,NegativeControl-AR_motif_20396
chr11,95977774,95978474,NegativeControl-AR_motif_20176
chr11,862623,863323,NegativeControl-AR_motif_19138
chr11,100998415,100999115,NegativeControl-AR_motif_20221
chr11,81172350,81173050,NegativeControl-AR_motif_20003
chr11,58162524,58163224,NegativeControl-AR_motif_19728
chr11,120771720,120772420,NegativeControl-AR_motif_20452
chr11,91267204,91267904,NegativeControl-AR_motif_20117
chr11,117073696,117074396,NegativeControl-AR_motif_20399
chr11,117795811,117796511,NegativeControl-AR_motif_20415
chr11,88672093,88672793,NegativeControl-AR_motif_20084
chr11,87452622,87453322,NegativeControl-AR_motif_20070
chr11,70685230,70685930,NegativeControl-AR_motif_19881
chr11,59348939,59349639,NegativeControl-AR_motif_19745
chr11,28776394,28777094,NegativeControl-AR_motif_19473
chr11,81307860,81308560,NegativeControl-AR_motif_20007
chr11,127438550,127439250,NegativeControl-AR_motif_20537
chr11,69691569,69692269,NegativeControl-AR_motif_19866
chr11,69535816,69536516,NegativeControl-AR_motif_19864
chr11,5862373,5863073,NegativeControl-AR_motif_19219
chr11,61003377,61004077,NegativeControl-AR_motif_19767
chr11,42363321,42364021,NegativeControl-AR_motif_19614
chr11,4583115,4583815,NegativeControl-AR_motif_19204
chr11,58780055,58780755,NegativeControl-AR_motif_19738
chr11,88340795,88341495,NegativeControl-AR_motif_20079
chr11,132846362,132847062,NegativeControl-AR_motif_20613
chr11,127796269,127796969,NegativeControl-AR_motif_20544
chr11,58602145,58602845,NegativeControl-AR_motif_19734
chr11,17542541,17543241,NegativeControl-AR_motif_19356
chr11,132300915,132301615,NegativeControl-AR_motif_20604
chr11,38807055,38807755,NegativeControl-AR_motif_19582
chr11,58475763,58476463,NegativeControl-AR_motif_19732
chr11,111176221,111176921,NegativeControl-AR_motif_20331
chr11,102134283,102134983,NegativeControl-AR_motif_20235
chr11,29981795,29982495,NegativeControl-AR_motif_19487
chr11,133135112,133135812,NegativeControl-AR_motif_20619
chr11,1088577,1089277,NegativeControl-AR_motif_19141
chr11,58785234,58785934,NegativeControl-AR_motif_19739
chr11,103541074,103541774,NegativeControl-AR_motif_20257
chr11,113234069,113234769,NegativeControl-AR_motif_20353
chr11,125888629,125889329,NegativeControl-AR_motif_20518
chr11,90347910,90348610,NegativeControl-AR_motif_20108
chr11,125230382,125231082,NegativeControl-AR_motif_20514
chr11,125291766,125292466,NegativeControl-AR_motif_20515
chr11,134249636,134250336,NegativeControl-AR_motif_20642
chr11,23614432,23615132,NegativeControl-AR_motif_19419
chr11,12433822,12434522,NegativeControl-AR_motif_19300
chr11,17299741,17300441,NegativeControl-AR_motif_19351
chr11,49826758,49827458,NegativeControl-AR_motif_19686
chr11,108652425,108653125,NegativeControl-AR_motif_20301
chr11,110768660,110769360,NegativeControl-AR_motif_20327
chr11,126336891,126337591,NegativeControl-AR_motif_20521
chr11,25552604,25553304,NegativeControl-AR_motif_19439
chr11,114438323,114439023,NegativeControl-AR_motif_20368
chr11,512253,512953,NegativeControl-AR_motif_19134
chr11,73532716,73533416,NegativeControl-AR_motif_19914
chr11,65690748,65691448,NegativeControl-AR_motif_19811
chr11,133696659,133697359,NegativeControl-AR_motif_20629
chr11,3145396,3146096,NegativeControl-AR_motif_19184
chr11,10376811,10377511,NegativeControl-AR_motif_19271
chr11,111607887,111608587,NegativeControl-AR_motif_20336
chr11,28349403,28350103,NegativeControl-AR_motif_19462
chr11,110990553,110991253,NegativeControl-AR_motif_20329
chr11,2417285,2417985,NegativeControl-AR_motif_19165
chr11,35140816,35141516,NegativeControl-AR_motif_19543
chr11,122238657,122239357,NegativeControl-AR_motif_20472
chr11,77905746,77906446,NegativeControl-AR_motif_19967
chr11,82345030,82345730,NegativeControl-AR_motif_20014
chr11,59791679,59792379,NegativeControl-AR_motif_19749
chr11,120483936,120484636,NegativeControl-AR_motif_20447
chr11,86841809,86842509,NegativeControl-AR_motif_20062
chr11,99389555,99390255,NegativeControl-AR_motif_20200
chr11,811492,812192,NegativeControl-AR_motif_19137
chr11,30934837,30935537,NegativeControl-AR_motif_19500
chr11,71587195,71587895,NegativeControl-AR_motif_19890
chr11,120327531,120328231,NegativeControl-AR_motif_20443
chr11,134935893,134936593,NegativeControl-AR_motif_20648
chr11,95999854,96000554,NegativeControl-AR_motif_20177
chr11,76808413,76809113,NegativeControl-AR_motif_19956
chr11,109394006,109394706,NegativeControl-AR_motif_20311
chr11,109270636,109271336,NegativeControl-AR_motif_20310
chr11,21284290,21284990,NegativeControl-AR_motif_19398
chr11,32376662,32377362,NegativeControl-AR_motif_19512
chr11,103412705,103413405,NegativeControl-AR_motif_20253
chr11,117309913,117310613,NegativeControl-AR_motif_20400
chr11,132449244,132449944,NegativeControl-AR_motif_20607
chr11,23843767,23844467,NegativeControl-AR_motif_19422
chr11,20781027,20781727,NegativeControl-AR_motif_19391
chr11,2759160,2759860,NegativeControl-AR_motif_19172
chr11,19510594,19511294,NegativeControl-AR_motif_19376
chr11,16918025,16918725,NegativeControl-AR_motif_19346
chr11,81618618,81619318,NegativeControl-AR_motif_20009
chr11,23029166,23029866,NegativeControl-AR_motif_19413
chr11,133895080,133895780,NegativeControl-AR_motif_20633
chr11,23624762,23625462,NegativeControl-AR_motif_19420
chr11,122619414,122620114,NegativeControl-AR_motif_20478
chr11,100940662,100941362,NegativeControl-AR_motif_20220
chr11,66304106,66304806,NegativeControl-AR_motif_19821
chr11,46598999,46599699,NegativeControl-AR_motif_19664
chr11,4147320,4148020,NegativeControl-AR_motif_19201
chr11,2621814,2622514,NegativeControl-AR_motif_19169
chr11,78225221,78225921,NegativeControl-AR_motif_19970
chr11,86218907,86219607,NegativeControl-AR_motif_20053
chr11,30420715,30421415,NegativeControl-AR_motif_19492
chr11,112969140,112969840,NegativeControl-AR_motif_20348
chr11,85453191,85453891,NegativeControl-AR_motif_20045
chr11,48186825,48187525,NegativeControl-AR_motif_19671
chr11,88568703,88569403,NegativeControl-AR_motif_20082
chr11,61683714,61684414,NegativeControl-AR_motif_19776
chr11,70319060,70319760,NegativeControl-AR_motif_19877
chr11,101286746,101287446,NegativeControl-AR_motif_20225
chr11,28280596,28281296,NegativeControl-AR_motif_19461
chr11,133169226,133169926,NegativeControl-AR_motif_20620
chr11,65501623,65502323,NegativeControl-AR_motif_19810
chr11,89089470,89090170,NegativeControl-AR_motif_20088
chr11,34668065,34668765,NegativeControl-AR_motif_19538
chr11,132601593,132602293,NegativeControl-AR_motif_20608
chr11,58011796,58012496,NegativeControl-AR_motif_19725
chr11,39926496,39927196,NegativeControl-AR_motif_19590
chr11,4514567,4515267,NegativeControl-AR_motif_19203
chr11,2243541,2244241,NegativeControl-AR_motif_19156
chr11,132900049,132900749,NegativeControl-AR_motif_20614
chr11,26706263,26706963,NegativeControl-AR_motif_19444
chr11,9654264,9654964,NegativeControl-AR_motif_19266
chr11,125927832,125928532,NegativeControl-AR_motif_20519
chr11,68634230,68634930,NegativeControl-AR_motif_19855
chr11,14212679,14213379,NegativeControl-AR_motif_19317
chr11,3588282,3588982,NegativeControl-AR_motif_19191
chr11,122856712,122857412,NegativeControl-AR_motif_20483
chr11,314397,315097,NegativeControl-AR_motif_19132
chr11,2234203,2234903,NegativeControl-AR_motif_19155
chr11,5684357,5685057,NegativeControl-AR_motif_19218
chr11,66657343,66658043,NegativeControl-AR_motif_19823
chr11,115947536,115948236,NegativeControl-AR_motif_20385
chr11,129476814,129477514,NegativeControl-AR_motif_20567
chr11,10065856,10066556,LNcaP_pos_16-PositiveControl
chr11,33953548,33954248,LNcaP_pos_69-PositiveControl
chr11,30219282,30219982,LNcaP_pos_107-PositiveControl
chr11,63558742,63559442,LNcaP_pos_113-PositiveControl
chr11,28542482,28543182,LNcaP_pos_142-PositiveControl
chr11,125741927,125742627,LNcaP_pos_229-PositiveControl
chr11,73498628,73499328,LNcaP_pos_262-PositiveControl
chr11,46957950,46958650,LNcaP_pos_265-PositiveControl
chr11,4485258,4485958,LNcaP_pos_280-PositiveControl
chr11,60330880,60331580,LNcaP_pos_324-PositiveControl
chr11,65188456,65189156,LNcaP_pos_374-PositiveControl
chr11,68670942,68671642,LNcaP_pos_380-PositiveControl
chr11,50371036,50371736,LNcaP_pos_406-PositiveControl
chr11,107436049,107436749,LNcaP_pos_433-PositiveControl
chr11,62599058,62599758,LNcaP_pos_438-PositiveControl
chr11,68104550,68105250,LNcaP_pos_442-PositiveControl
chr12,1326212,1326912,onlynormal_read_203-ARBS
chr12,1329130,1329830,peakno_440-ARBS
chr12,1842027,1842727,peakno_441-ARBS
chr12,3178792,3179492,peakno_1723-ARBS
chr12,5735885,5736585,onlynormal_read_220-ARBS
chr12,6376058,6376758,peakno_606-ARBS
chr12,8143312,8144012,peakno_610-ARBS
chr12,10776124,10776824,peakno_611-ARBS
chr12,11836959,11837659,peakno_880-ARBS
chr12,12658626,12659326,onlynormal_read_221-ARBS
chr12,12932344,12933044,peakno_621-ARBS
chr12,13036150,13036850,peakno_622-ARBS
chr12,13288582,13289282,overlapped_read_539-ARBS
chr12,14595257,14595957,peakno_624-ARBS
chr12,14994972,14995672,peakno_625-ARBS
chr12,15427446,15428146,overlapped_read_540-ARBS
chr12,15781895,15782595,onlynormal_read_222-ARBS
chr12,15972783,15973483,peakno_628-ARBS
chr12,16137150,16137850,peakno_629-ARBS
chr12,16329190,16329890,peakno_634-ARBS
chr12,16376958,16377658,peakno_635-ARBS
chr12,16588910,16589610,peakno_636-ARBS
chr12,20328649,20329349,peakno_810-ARBS
chr12,20853760,20854460,peakno_813-ARBS
chr12,21489546,21490246,peakno_814-ARBS
chr12,21503740,21504440,peakno_982-ARBS
chr12,22302046,22302746,peakno_985-ARBS
chr12,22484534,22485234,peakno_986-ARBS
chr12,22913046,22913746,overlapped_read_542-ARBS
chr12,26948724,26949424,peakno_998-ARBS
chr12,27691954,27692654,peakno_1002-ARBS
chr12,27803258,27803958,peakno_1003-ARBS
chr12,28384040,28384740,peakno_1011-ARBS
chr12,28431288,28431988,overlapped_read_543-ARBS
chr12,29716362,29717062,peakno_1012-ARBS
chr12,30589808,30590508,overlapped_read_544-ARBS
chr12,30701044,30701744,peakno_1223-ARBS
chr12,31432956,31433656,onlynormal_read_223-ARBS
chr12,31884598,31885298,overlapped_read_545-ARBS
chr12,32329358,32330058,peakno_1243-ARBS
chr12,32339734,32340434,peakno_1244-ARBS
chr12,32420819,32421519,peakno_1254-ARBS
chr12,32610190,32610890,peakno_1255-ARBS
chr12,32833102,32833802,peakno_1256-ARBS
chr12,40306458,40307158,peakno_1693-ARBS
chr12,41454832,41455532,peakno_1282-ARBS
chr12,42968582,42969282,peakno_1295-ARBS
chr12,43259028,43259728,peakno_1296-ARBS
chr12,43309054,43309754,peakno_1297-ARBS
chr12,44762138,44762838,peakno_1311-ARBS
chr12,46137060,46137760,peakno_1406-ARBS
chr12,46543548,46544248,peakno_1407-ARBS
chr12,46796705,46797405,peakno_1411-ARBS
chr12,46839139,46839839,overlapped_read_589-ARBS
chr12,46887539,46888239,overlapped_read_590-ARBS
chr12,46902750,46903450,peakno_1412-ARBS
chr12,47186589,47187289,peakno_1413-ARBS
chr12,50581836,50582536,peakno_894-ARBS
chr12,51017060,51017760,peakno_1790-ARBS
chr12,51616101,51616801,peakno_327-ARBS
chr12,52426331,52427031,peakno_1932-ARBS
chr12,52520200,52520900,overlapped_read_591-ARBS
chr12,53194449,53195149,peakno_329-ARBS
chr12,53962911,53963611,peakno_336-ARBS
chr12,54837838,54838538,peakno_340-ARBS
chr12,54849748,54850448,overlapped_read_592-ARBS
chr12,55159330,55160030,peakno_348-ARBS
chr12,56241528,56242228,overlapped_read_593-ARBS
chr12,56302847,56303547,peakno_350-ARBS
chr12,56609856,56610556,peakno_821-ARBS
chr12,57153034,57153734,peakno_351-ARBS
chr12,57505508,57506208,onlynormal_read_234-ARBS
chr12,57670520,57671220,peakno_355-ARBS
chr12,57672062,57672762,peakno_356-ARBS
chr12,57694802,57695502,peakno_357-ARBS
chr12,57885188,57885888,peakno_358-ARBS
chr12,57914173,57914873,onlynormal_read_235-ARBS
chr12,58914784,58915484,peakno_360-ARBS
chr12,59308922,59309622,peakno_522-ARBS
chr12,59423988,59424688,peakno_523-ARBS
chr12,61978570,61979270,peakno_530-ARBS
chr12,63361281,63361981,peakno_531-ARBS
chr12,63432136,63432836,peakno_534-ARBS
chr12,63833450,63834150,peakno_535-ARBS
chr12,64199652,64200352,peakno_536-ARBS
chr12,64983821,64984521,overlapped_read_594-ARBS
chr12,64993868,64994568,peakno_538-ARBS
chr12,65044370,65045070,peakno_539-ARBS
chr12,65713284,65713984,peakno_543-ARBS
chr12,66001105,66001805,peakno_546-ARBS
chr12,66024152,66024852,peakno_547-ARBS
chr12,70793772,70794472,peakno_551-ARBS
chr12,70947164,70947864,peakno_555-ARBS
chr12,71556812,71557512,peakno_556-ARBS
chr12,71571804,71572504,peakno_557-ARBS
chr12,71966172,71966872,peakno_558-ARBS
chr12,73447516,73448216,overlapped_read_613-ARBS
chr12,73537384,73538084,peakno_926-ARBS
chr12,73777427,73778127,peakno_927-ARBS
chr12,75004334,75005034,peakno_928-ARBS
chr12,75017840,75018540,peakno_937-ARBS
chr12,75374230,75374930,overlapped_read_614-ARBS
chr12,75522878,75523578,peakno_938-ARBS
chr12,76660395,76661095,onlynormal_read_249-ARBS
chr12,77315872,77316572,onlynormal_read_250-ARBS
chr12,77543508,77544208,peakno_954-ARBS
chr12,79193155,79193855,peakno_967-ARBS
chr12,80425264,80425964,peakno_1771-ARBS
chr12,80713772,80714472,peakno_969-ARBS
chr12,80950162,80950862,peakno_970-ARBS
chr12,80978844,80979544,peakno_978-ARBS
chr12,81021322,81022022,peakno_979-ARBS
chr12,81775581,81776281,peakno_1072-ARBS
chr12,83183256,83183956,peakno_1143-ARBS
chr12,83324944,83325644,peakno_1144-ARBS
chr12,89770479,89771179,peakno_1326-ARBS
chr12,90560375,90561075,peakno_1331-ARBS
chr12,91782354,91783054,peakno_1332-ARBS
chr12,92007051,92007751,peakno_1335-ARBS
chr12,92112047,92112747,overlapped_read_615-ARBS
chr12,92424265,92424965,overlapped_read_616-ARBS
chr12,93357363,93358063,peakno_1338-ARBS
chr12,93528922,93529622,peakno_1339-ARBS
chr12,93845440,93846140,peakno_1343-ARBS
chr12,93905372,93906072,peakno_1344-ARBS
chr12,93946093,93946793,peakno_1345-ARBS
chr12,94082771,94083471,peakno_1346-ARBS
chr12,94097789,94098489,overlapped_read_617-ARBS
chr12,94105829,94106529,peakno_1347-ARBS
chr12,94120966,94121666,onlynormal_read_251-ARBS
chr12,94178260,94178960,overlapped_read_618-ARBS
chr12,94207711,94208411,overlapped_read_619-ARBS
chr12,94337264,94337964,peakno_1350-ARBS
chr12,94985592,94986292,overlapped_read_620-ARBS
chr12,95001457,95002157,peakno_1353-ARBS
chr12,95056411,95057111,overlapped_read_621-ARBS
chr12,95283200,95283900,overlapped_read_622-ARBS
chr12,95347686,95348386,overlapped_read_623-ARBS
chr12,95496701,95497401,peakno_1581-ARBS
chr12,95972373,95973073,peakno_1582-ARBS
chr12,96020588,96021288,peakno_1583-ARBS
chr12,97962303,97963003,onlynormal_read_252-ARBS
chr12,98250458,98251158,peakno_1590-ARBS
chr12,101368318,101369018,peakno_1599-ARBS
chr12,101476788,101477488,overlapped_read_624-ARBS
chr12,102002232,102002932,peakno_1600-ARBS
chr12,102009706,102010406,overlapped_read_625-ARBS
chr12,102176738,102177438,peakno_1604-ARBS
chr12,102416895,102417595,peakno_1608-ARBS
chr12,102454764,102455464,peakno_1609-ARBS
chr12,102736162,102736862,peakno_1610-ARBS
chr12,102896713,102897413,peakno_1611-ARBS
chr12,102897507,102898207,peakno_1612-ARBS
chr12,103766782,103767482,peakno_1619-ARBS
chr12,104263861,104264561,peakno_1620-ARBS
chr12,106429002,106429702,peakno_2043-ARBS
chr12,106490052,106490752,peakno_2044-ARBS
chr12,110119946,110120646,overlapped_read_143-ARBS
chr12,110777002,110777702,peakno_1882-ARBS
chr12,111505152,111505852,overlapped_read_144-ARBS
chr12,112743530,112744230,peakno_2068-ARBS
chr12,115093754,115094454,overlapped_read_145-ARBS
chr12,115351898,115352598,overlapped_read_147-ARBS
chr12,115762756,115763456,overlapped_read_148-ARBS
chr12,116135040,116135740,peakno_2080-ARBS
chr12,116255092,116255792,overlapped_read_150-ARBS
chr12,116267660,116268360,peakno_2081-ARBS
chr12,116295584,116296284,peakno_2082-ARBS
chr12,117074499,117075199,peakno_1691-ARBS
chr12,117357382,117358082,peakno_856-ARBS
chr12,117475960,117476660,peakno_1692-ARBS
chr12,117614558,117615258,peakno_1701-ARBS
chr12,117956502,117957202,peakno_1705-ARBS
chr12,118240646,118241346,overlapped_read_151-ARBS
chr12,118779874,118780574,peakno_1708-ARBS
chr12,120154210,120154910,peakno_1720-ARBS
chr12,120367884,120368584,peakno_1721-ARBS
chr12,121737697,121738397,overlapped_read_152-ARBS
chr12,122086366,122087066,peakno_1734-ARBS
chr12,122403012,122403712,peakno_1739-ARBS
chr12,122897366,122898066,overlapped_read_153-ARBS
chr12,123172689,123173389,peakno_1749-ARBS
chr12,123656318,123657018,peakno_1764-ARBS
chr12,123819949,123820649,peakno_1765-ARBS
chr12,123882814,123883514,overlapped_read_154-ARBS
chr12,124171019,124171719,peakno_1766-ARBS
chr12,124174526,124175226,peakno_1767-ARBS
chr12,125093402,125094102,peakno_1793-ARBS
chr12,125205102,125205802,overlapped_read_155-ARBS
chr12,126389680,126390380,peakno_2012-ARBS
chr12,129971124,129971824,peakno_2095-ARBS
chr12,129986764,129987464,peakno_2096-ARBS
chr12,130034854,130035554,overlapped_read_177-ARBS
chr12,130188953,130189653,peakno_2105-ARBS
chr12,17660198,17660898,NegativeControl-AR_motif_20856
chr12,118821269,118821969,NegativeControl-AR_motif_21875
chr12,64879774,64880474,NegativeControl-AR_motif_21293
chr12,26852010,26852710,NegativeControl-AR_motif_20950
chr12,80832728,80833428,NegativeControl-AR_motif_21449
chr12,105542629,105543329,NegativeControl-AR_motif_21705
chr12,104403757,104404457,NegativeControl-AR_motif_21687
chr12,114460511,114461211,NegativeControl-AR_motif_21803
chr12,40310879,40311579,NegativeControl-AR_motif_21041
chr12,87972968,87973668,NegativeControl-AR_motif_21509
chr12,51402673,51403373,NegativeControl-AR_motif_21166
chr12,72907479,72908179,NegativeControl-AR_motif_21384
chr12,108065738,108066438,NegativeControl-AR_motif_21738
chr12,116433344,116434044,NegativeControl-AR_motif_21833
chr12,96178771,96179471,NegativeControl-AR_motif_21603
chr12,103637865,103638565,NegativeControl-AR_motif_21678
chr12,30789680,30790380,NegativeControl-AR_motif_20990
chr12,89271769,89272469,NegativeControl-AR_motif_21521
chr12,101147648,101148348,NegativeControl-AR_motif_21653
chr12,84038635,84039335,NegativeControl-AR_motif_21478
chr12,19924200,19924900,NegativeControl-AR_motif_20876
chr12,54342382,54343082,NegativeControl-AR_motif_21194
chr12,23124417,23125117,NegativeControl-AR_motif_20909
chr12,10214248,10214948,NegativeControl-AR_motif_20772
chr12,132274507,132275207,NegativeControl-AR_motif_22046
chr12,76382562,76383262,NegativeControl-AR_motif_21419
chr12,123172637,123173337,NegativeControl-AR_motif_21930
chr12,52525177,52525877,NegativeControl-AR_motif_21171
chr12,127950131,127950831,NegativeControl-AR_motif_21977
chr12,728371,729071,NegativeControl-AR_motif_20660
chr12,113416512,113417212,NegativeControl-AR_motif_21792
chr12,120146874,120147574,NegativeControl-AR_motif_21896
chr12,111185691,111186391,NegativeControl-AR_motif_21768
chr12,119502716,119503416,NegativeControl-AR_motif_21888
chr12,10957491,10958191,NegativeControl-AR_motif_20777
chr12,105443038,105443738,NegativeControl-AR_motif_21703
chr12,82919942,82920642,NegativeControl-AR_motif_21468
chr12,28231213,28231913,NegativeControl-AR_motif_20967
chr12,71878156,71878856,NegativeControl-AR_motif_21369
chr12,74931119,74931819,NegativeControl-AR_motif_21400
chr12,125267355,125268055,NegativeControl-AR_motif_21949
chr12,105171156,105171856,NegativeControl-AR_motif_21699
chr12,10460287,10460987,NegativeControl-AR_motif_20774
chr12,81639045,81639745,NegativeControl-AR_motif_21455
chr12,128441087,128441787,NegativeControl-AR_motif_21984
chr12,42083799,42084499,NegativeControl-AR_motif_21063
chr12,56478823,56479523,NegativeControl-AR_motif_21216
chr12,125038277,125038977,NegativeControl-AR_motif_21948
chr12,3376123,3376823,NegativeControl-AR_motif_20690
chr12,4581870,4582570,NegativeControl-AR_motif_20709
chr12,56029709,56030409,NegativeControl-AR_motif_21210
chr12,89755018,89755718,NegativeControl-AR_motif_21532
chr12,9581433,9582133,NegativeControl-AR_motif_20768
chr12,98003564,98004264,NegativeControl-AR_motif_21628
chr12,40383765,40384465,NegativeControl-AR_motif_21043
chr12,95318531,95319231,NegativeControl-AR_motif_21597
chr12,75440009,75440709,NegativeControl-AR_motif_21407
chr12,557233,557933,NegativeControl-AR_motif_20654
chr12,96370715,96371415,NegativeControl-AR_motif_21607
chr12,38990646,38991346,NegativeControl-AR_motif_21028
chr12,119802750,119803450,NegativeControl-AR_motif_21892
chr12,12374279,12374979,NegativeControl-AR_motif_20791
chr12,73643309,73644009,NegativeControl-AR_motif_21391
chr12,26329308,26330008,NegativeControl-AR_motif_20942
chr12,97469495,97470195,NegativeControl-AR_motif_21624
chr12,77315888,77316588,NegativeControl-AR_motif_21424
chr12,3425559,3426259,NegativeControl-AR_motif_20692
chr12,72774547,72775247,NegativeControl-AR_motif_21382
chr12,72816806,72817506,NegativeControl-AR_motif_21383
chr12,133047408,133048108,NegativeControl-AR_motif_22059
chr12,29557008,29557708,NegativeControl-AR_motif_20981
chr12,130123645,130124345,NegativeControl-AR_motif_22015
chr12,118350261,118350961,NegativeControl-AR_motif_21871
chr12,15630374,15631074,NegativeControl-AR_motif_20830
chr12,131123243,131123943,NegativeControl-AR_motif_22031
chr12,31576610,31577310,NegativeControl-AR_motif_20996
chr12,128314312,128315012,NegativeControl-AR_motif_21983
chr12,52854627,52855327,NegativeControl-AR_motif_21173
chr12,130488309,130489009,NegativeControl-AR_motif_22021
chr12,111415134,111415834,NegativeControl-AR_motif_21769
chr12,117743024,117743724,NegativeControl-AR_motif_21855
chr12,26688658,26689358,NegativeControl-AR_motif_20949
chr12,98025129,98025829,NegativeControl-AR_motif_21629
chr12,119426189,119426889,NegativeControl-AR_motif_21882
chr12,114237413,114238113,NegativeControl-AR_motif_21798
chr12,3961973,3962673,NegativeControl-AR_motif_20697
chr12,120563584,120564284,NegativeControl-AR_motif_21903
chr12,130894233,130894933,NegativeControl-AR_motif_22025
chr12,92541488,92542188,NegativeControl-AR_motif_21564
chr12,48323191,48323891,NegativeControl-AR_motif_21137
chr12,80729135,80729835,NegativeControl-AR_motif_21448
chr12,71167663,71168363,NegativeControl-AR_motif_21358
chr12,96627634,96628334,NegativeControl-AR_motif_21614
chr12,4362240,4362940,NegativeControl-AR_motif_20706
chr12,56285390,56286090,NegativeControl-AR_motif_21214
chr12,47532854,47533554,NegativeControl-AR_motif_21125
chr12,124818422,124819122,NegativeControl-AR_motif_21946
chr12,11841811,11842511,NegativeControl-AR_motif_20785
chr12,17186057,17186757,NegativeControl-AR_motif_20850
chr12,42912596,42913296,NegativeControl-AR_motif_21070
chr12,94019872,94020572,NegativeControl-AR_motif_21577
chr12,38953036,38953736,NegativeControl-AR_motif_21027
chr12,22148806,22149506,NegativeControl-AR_motif_20899
chr12,34413592,34414292,NegativeControl-AR_motif_21017
chr12,23565429,23566129,NegativeControl-AR_motif_20914
chr12,38495198,38495898,NegativeControl-AR_motif_21021
chr12,116863862,116864562,NegativeControl-AR_motif_21843
chr12,14069762,14070462,NegativeControl-AR_motif_20814
chr12,57436815,57437515,NegativeControl-AR_motif_21230
chr12,5152491,5153191,NegativeControl-AR_motif_20718
chr12,26320373,26321073,NegativeControl-AR_motif_20941
chr12,118018947,118019647,NegativeControl-AR_motif_21862
chr12,48720075,48720775,NegativeControl-AR_motif_21140
chr12,63337793,63338493,NegativeControl-AR_motif_21283
chr12,65432315,65433015,NegativeControl-AR_motif_21299
chr12,15781859,15782559,NegativeControl-AR_motif_20833
chr12,124313973,124314673,NegativeControl-AR_motif_21937
chr12,47973456,47974156,NegativeControl-AR_motif_21131
chr12,78926500,78927200,NegativeControl-AR_motif_21434
chr12,58348922,58349622,NegativeControl-AR_motif_21238
chr12,119180530,119181230,NegativeControl-AR_motif_21880
chr12,104826518,104827218,NegativeControl-AR_motif_21694
chr12,123519177,123519877,NegativeControl-AR_motif_21933
chr12,30003047,30003747,NegativeControl-AR_motif_20987
chr12,112456372,112457072,NegativeControl-AR_motif_21780
chr12,366469,367169,NegativeControl-AR_motif_20651
chr12,130975220,130975920,NegativeControl-AR_motif_22027
chr12,97134537,97135237,NegativeControl-AR_motif_21619
chr12,4667525,4668225,NegativeControl-AR_motif_20710
chr12,108550647,108551347,NegativeControl-AR_motif_21743
chr12,118461085,118461785,NegativeControl-AR_motif_21872
chr12,16089511,16090211,LNcaP_pos_3-PositiveControl
chr12,7736568,7737268,LNcaP_pos_23-PositiveControl
chr12,81171726,81172426,LNcaP_pos_35-PositiveControl
chr12,59751404,59752104,LNcaP_pos_45-PositiveControl
chr12,69202470,69203170,LNcaP_pos_53-PositiveControl
chr12,92428485,92429185,LNcaP_pos_64-PositiveControl
chr12,120883842,120884542,LNcaP_pos_100-PositiveControl
chr12,19584618,19585318,LNcaP_pos_117-PositiveControl
chr12,59281748,59282448,LNcaP_pos_165-PositiveControl
chr12,127256396,127257096,LNcaP_pos_166-PositiveControl
chr12,82751702,82752402,LNcaP_pos_228-PositiveControl
chr12,73368860,73369560,LNcaP_pos_240-PositiveControl
chr12,77001664,77002364,LNcaP_pos_273-PositiveControl
chr12,79153089,79153789,LNcaP_pos_318-PositiveControl
chr12,103917440,103918140,LNcaP_pos_336-PositiveControl
chr12,40868288,40868988,LNcaP_pos_351-PositiveControl
chr12,2806034,2806734,LNcaP_pos_370-PositiveControl
chr12,121453884,121454584,LNcaP_pos_396-PositiveControl
chr12,47949939,47950639,LNcaP_pos_400-PositiveControl
chr12,12199793,12200493,LNcaP_pos_451-PositiveControl
chr12,52278262,52278962,LNcaP_pos_455-PositiveControl
chr12,119807585,119808285,LNcaP_pos_470-PositiveControl
chr12,67467836,67468536,LNcaP_pos_471-PositiveControl
chr13,20745304,20746004,peakno_2111-ARBS
chr13,21080124,21080824,peakno_2112-ARBS
chr13,21362993,21363693,peakno_2113-ARBS
chr13,21417760,21418460,peakno_2115-ARBS
chr13,21607637,21608337,peakno_1774-ARBS
chr13,21946449,21947149,peakno_2123-ARBS
chr13,22839532,22840232,onlynormal_read_71-ARBS
chr13,24200733,24201433,onlynormal_read_72-ARBS
chr13,24543689,24544389,peakno_2134-ARBS
chr13,24776202,24776902,peakno_2135-ARBS
chr13,26070512,26071212,peakno_2139-ARBS
chr13,26971124,26971824,peakno_2206-ARBS
chr13,28175790,28176490,peakno_2211-ARBS
chr13,30149026,30149726,peakno_2213-ARBS
chr13,31317419,31318119,onlynormal_read_74-ARBS
chr13,31666924,31667624,peakno_2221-ARBS
chr13,32520114,32520814,peakno_2226-ARBS
chr13,33558805,33559505,peakno_2230-ARBS
chr13,33801838,33802538,peakno_2240-ARBS
chr13,34319320,34320020,peakno_2245-ARBS
chr13,34327880,34328580,peakno_2246-ARBS
chr13,34610087,34610787,peakno_2255-ARBS
chr13,34736013,34736713,peakno_2256-ARBS
chr13,34909490,34910190,overlapped_read_182-ARBS
chr13,35336514,35337214,peakno_2430-ARBS
chr13,36426730,36427430,peakno_2434-ARBS
chr13,36432670,36433370,overlapped_read_184-ARBS
chr13,36931764,36932464,onlynormal_read_77-ARBS
chr13,40810201,40810901,onlynormal_read_84-ARBS
chr13,42294740,42295440,peakno_2476-ARBS
chr13,43498236,43498936,overlapped_read_197-ARBS
chr13,44792779,44793479,overlapped_read_198-ARBS
chr13,45423355,45424055,overlapped_read_199-ARBS
chr13,45428512,45429212,overlapped_read_200-ARBS
chr13,45444496,45445196,overlapped_read_201-ARBS
chr13,45461042,45461742,onlynormal_read_86-ARBS
chr13,45495825,45496525,onlynormal_read_87-ARBS
chr13,48965148,48965848,peakno_2759-ARBS
chr13,49761838,49762538,peakno_1784-ARBS
chr13,49973906,49974606,overlapped_read_206-ARBS
chr13,50050564,50051264,peakno_2774-ARBS
chr13,50432508,50433208,overlapped_read_207-ARBS
chr13,51002154,51002854,overlapped_read_208-ARBS
chr13,51383669,51384369,peakno_2795-ARBS
chr13,51608812,51609512,peakno_2796-ARBS
chr13,51801414,51802114,overlapped_read_209-ARBS
chr13,52313352,52314052,peakno_207-ARBS
chr13,52343791,52344491,overlapped_read_210-ARBS
chr13,52608882,52609582,peakno_208-ARBS
chr13,54008726,54009426,peakno_212-ARBS
chr13,54136397,54137097,overlapped_read_212-ARBS
chr13,62523952,62524652,peakno_218-ARBS
chr13,63295911,63296611,peakno_221-ARBS
chr13,65802654,65803354,peakno_227-ARBS
chr13,66516964,66517664,peakno_232-ARBS
chr13,69602888,69603588,peakno_234-ARBS
chr13,71061526,71062226,peakno_238-ARBS
chr13,73899627,73900327,peakno_412-ARBS
chr13,74802909,74803609,peakno_417-ARBS
chr13,74940629,74941329,peakno_418-ARBS
chr13,75007155,75007855,peakno_421-ARBS
chr13,75465618,75466318,peakno_422-ARBS
chr13,75553044,75553744,onlynormal_read_90-ARBS
chr13,76040983,76041683,peakno_425-ARBS
chr13,76217258,76217958,peakno_426-ARBS
chr13,77629229,77629929,peakno_434-ARBS
chr13,83639164,83639864,overlapped_read_235-ARBS
chr13,85947260,85947960,peakno_602-ARBS
chr13,89384606,89385306,peakno_604-ARBS
chr13,89600656,89601356,peakno_605-ARBS
chr13,90984013,90984713,peakno_607-ARBS
chr13,91038178,91038878,peakno_608-ARBS
chr13,91184995,91185695,peakno_609-ARBS
chr13,91552066,91552766,peakno_612-ARBS
chr13,91893338,91894038,peakno_613-ARBS
chr13,92972469,92973169,overlapped_read_236-ARBS
chr13,93221568,93222268,peakno_1886-ARBS
chr13,93770330,93771030,peakno_614-ARBS
chr13,93796029,93796729,peakno_615-ARBS
chr13,93806791,93807491,peakno_616-ARBS
chr13,95687806,95688506,overlapped_read_238-ARBS
chr13,95864236,95864936,peakno_626-ARBS
chr13,95870268,95870968,overlapped_read_239-ARBS
chr13,95878305,95879005,peakno_845-ARBS
chr13,95920126,95920826,peakno_627-ARBS
chr13,96211262,96211962,peakno_630-ARBS
chr13,96212305,96213005,peakno_631-ARBS
chr13,96266859,96267559,peakno_632-ARBS
chr13,96272602,96273302,peakno_807-ARBS
chr13,97577980,97578680,peakno_808-ARBS
chr13,99068464,99069164,overlapped_read_241-ARBS
chr13,101029908,101030608,peakno_983-ARBS
chr13,104823426,104824126,peakno_987-ARBS
chr13,105026664,105027364,peakno_988-ARBS
chr13,106448342,106449042,peakno_991-ARBS
chr13,106468816,106469516,peakno_992-ARBS
chr13,106748767,106749467,peakno_994-ARBS
chr13,108992624,108993324,peakno_999-ARBS
chr13,109571676,109572376,peakno_1004-ARBS
chr13,109600228,109600928,overlapped_read_433-ARBS
chr13,109609600,109610300,peakno_1005-ARBS
chr13,109632500,109633200,peakno_1006-ARBS
chr13,110147343,110148043,peakno_859-ARBS
chr13,110161748,110162448,overlapped_read_246-ARBS
chr13,110189630,110190330,peakno_1677-ARBS
chr13,110228514,110229214,peakno_1213-ARBS
chr13,110309438,110310138,peakno_886-ARBS
chr13,110382722,110383422,peakno_1214-ARBS
chr13,110637024,110637724,peakno_1226-ARBS
chr13,110667199,110667899,peakno_1227-ARBS
chr13,110746802,110747502,overlapped_read_247-ARBS
chr13,111049108,111049808,onlynormal_read_101-ARBS
chr13,111064326,111065026,onlynormal_read_102-ARBS
chr13,111462108,111462808,peakno_1240-ARBS
chr13,111490127,111490827,peakno_1678-ARBS
chr13,111899796,111900496,peakno_1241-ARBS
chr13,113613426,113614126,onlynormal_read_103-ARBS
chr13,34606578,34607278,NegativeControl-AR_motif_22267
chr13,59539689,59540389,NegativeControl-AR_motif_22507
chr13,44606568,44607268,NegativeControl-AR_motif_22358
chr13,32523077,32523777,NegativeControl-AR_motif_22236
chr13,56897458,56898158,NegativeControl-AR_motif_22482
chr13,98956763,98957463,NegativeControl-AR_motif_22868
chr13,98184356,98185056,NegativeControl-AR_motif_22859
chr13,48771439,48772139,NegativeControl-AR_motif_22404
chr13,108933601,108934301,NegativeControl-AR_motif_22992
chr13,110831227,110831927,NegativeControl-AR_motif_23015
chr13,61092143,61092843,NegativeControl-AR_motif_22523
chr13,25273525,25274225,NegativeControl-AR_motif_22139
chr13,54707706,54708406,NegativeControl-AR_motif_22468
chr13,22490163,22490863,NegativeControl-AR_motif_22109
chr13,54407786,54408486,NegativeControl-AR_motif_22464
chr13,28669773,28670473,NegativeControl-AR_motif_22191
chr13,89580700,89581400,NegativeControl-AR_motif_22773
chr13,63801983,63802683,NegativeControl-AR_motif_22555
chr13,110575211,110575911,NegativeControl-AR_motif_23013
chr13,87809702,87810402,NegativeControl-AR_motif_22756
chr13,55729906,55730606,NegativeControl-AR_motif_22473
chr13,41720636,41721336,NegativeControl-AR_motif_22328
chr13,76071801,76072501,NegativeControl-AR_motif_22659
chr13,92140034,92140734,NegativeControl-AR_motif_22800
chr13,78208360,78209060,NegativeControl-AR_motif_22680
chr13,85330762,85331462,NegativeControl-AR_motif_22738
chr13,73781858,73782558,NegativeControl-AR_motif_22640
chr13,80717082,80717782,NegativeControl-AR_motif_22706
chr13,101079608,101080308,NegativeControl-AR_motif_22893
chr13,75912991,75913691,NegativeControl-AR_motif_22656
chr13,115088814,115089514,NegativeControl-AR_motif_23080
chr13,101174163,101174863,NegativeControl-AR_motif_22894
chr13,112631192,112631892,NegativeControl-AR_motif_23050
chr13,44212121,44212821,NegativeControl-AR_motif_22352
chr13,77331255,77331955,NegativeControl-AR_motif_22675
chr13,21774007,21774707,NegativeControl-AR_motif_22097
chr13,100328923,100329623,NegativeControl-AR_motif_22880
chr13,52565890,52566590,NegativeControl-AR_motif_22445
chr13,36055218,36055918,NegativeControl-AR_motif_22279
chr13,81317340,81318040,NegativeControl-AR_motif_22710
chr13,24733265,24733965,NegativeControl-AR_motif_22135
chr13,107925695,107926395,NegativeControl-AR_motif_22982
chr13,68198738,68199438,NegativeControl-AR_motif_22597
chr13,28252062,28252762,NegativeControl-AR_motif_22188
chr13,79397752,79398452,NegativeControl-AR_motif_22690
chr13,21895706,21896406,NegativeControl-AR_motif_22102
chr13,58592734,58593434,NegativeControl-AR_motif_22497
chr13,95721340,95722040,NegativeControl-AR_motif_22839
chr13,28065800,28066500,NegativeControl-AR_motif_22184
chr13,63941308,63942008,NegativeControl-AR_motif_22556
chr13,19155235,19155935,NegativeControl-AR_motif_22071
chr13,66198695,66199395,NegativeControl-AR_motif_22576
chr13,52527826,52528526,NegativeControl-AR_motif_22444
chr13,67426558,67427258,NegativeControl-AR_motif_22590
chr13,86638578,86639278,NegativeControl-AR_motif_22748
chr13,49378255,49378955,NegativeControl-AR_motif_22412
chr13,98376447,98377147,NegativeControl-AR_motif_22861
chr13,98059666,98060366,NegativeControl-AR_motif_22855
chr13,44553392,44554092,NegativeControl-AR_motif_22356
chr13,94962058,94962758,NegativeControl-AR_motif_22830
chr13,41237282,41237982,NegativeControl-AR_motif_22323
chr13,88399614,88400314,NegativeControl-AR_motif_22764
chr13,36872682,36873382,NegativeControl-AR_motif_22286
chr13,106029289,106029989,NegativeControl-AR_motif_22959
chr13,28000142,28000842,NegativeControl-AR_motif_22181
chr13,31986645,31987345,NegativeControl-AR_motif_22228
chr13,25768833,25769533,NegativeControl-AR_motif_22146
chr13,63288680,63289380,NegativeControl-AR_motif_22551
chr13,33865270,33865970,NegativeControl-AR_motif_22257
chr13,33261994,33262694,NegativeControl-AR_motif_22245
chr13,110473861,110474561,NegativeControl-AR_motif_23009
chr13,36484351,36485051,NegativeControl-AR_motif_22283
chr13,27988473,27989173,NegativeControl-AR_motif_22180
chr13,52064697,52065397,NegativeControl-AR_motif_22437
chr13,91546742,91547442,NegativeControl-AR_motif_22796
chr13,51993250,51993950,NegativeControl-AR_motif_22436
chr13,96712139,96712839,NegativeControl-AR_motif_22843
chr13,26810509,26811209,NegativeControl-AR_motif_22161
chr13,41795639,41796339,NegativeControl-AR_motif_22329
chr13,51103370,51104070,LNcaP_pos_28-PositiveControl
chr13,77096044,77096744,LNcaP_pos_39-PositiveControl
chr13,84515671,84516371,LNcaP_pos_91-PositiveControl
chr13,41719521,41720221,LNcaP_pos_118-PositiveControl
chr13,114540085,114540785,LNcaP_pos_126-PositiveControl
chr13,23973231,23973931,LNcaP_pos_131-PositiveControl
chr13,48640584,48641284,LNcaP_pos_175-PositiveControl
chr13,34514864,34515564,LNcaP_pos_195-PositiveControl
chr13,48646282,48646982,LNcaP_pos_245-PositiveControl
chr13,69282307,69283007,LNcaP_pos_286-PositiveControl
chr13,84973252,84973952,LNcaP_pos_309-PositiveControl
chr13,85682334,85683034,LNcaP_pos_312-PositiveControl
chr13,43597486,43598186,LNcaP_pos_397-PositiveControl
chr14,20635052,20635752,peakno_1275-ARBS
chr14,21242486,21243186,peakno_1280-ARBS
chr14,22802314,22803014,peakno_1293-ARBS
chr14,23029852,23030552,peakno_1294-ARBS
chr14,23340276,23340976,overlapped_read_2-ARBS
chr14,25451626,25452326,peakno_1314-ARBS
chr14,25884018,25884718,peakno_1315-ARBS
chr14,29345469,29346169,peakno_2802-ARBS
chr14,29405530,29406230,peakno_888-ARBS
chr14,29418588,29419288,peakno_2803-ARBS
chr14,29421838,29422538,overlapped_read_250-ARBS
chr14,29451316,29452016,peakno_2805-ARBS
chr14,29709022,29709722,peakno_2815-ARBS
chr14,31560482,31561182,peakno_2822-ARBS
chr14,32396841,32397541,peakno_2832-ARBS
chr14,32492140,32492840,onlynormal_read_107-ARBS
chr14,33117531,33118231,peakno_2849-ARBS
chr14,33687722,33688422,peakno_2850-ARBS
chr14,33933550,33934250,overlapped_read_259-ARBS
chr14,34173512,34174212,peakno_2856-ARBS
chr14,34174601,34175301,peakno_2866-ARBS
chr14,34228196,34228896,peakno_2867-ARBS
chr14,34695183,34695883,peakno_2868-ARBS
chr14,34798040,34798740,peakno_1697-ARBS
chr14,34965968,34966668,onlynormal_read_108-ARBS
chr14,35018015,35018715,overlapped_read_260-ARBS
chr14,35520826,35521526,peakno_2883-ARBS
chr14,35670230,35670930,peakno_2884-ARBS
chr14,35672970,35673670,peakno_2885-ARBS
chr14,35848271,35848971,peakno_2886-ARBS
chr14,36398204,36398904,overlapped_read_261-ARBS
chr14,37836714,37837414,peakno_2958-ARBS
chr14,37838676,37839376,peakno_1884-ARBS
chr14,37905542,37906242,peakno_2961-ARBS
chr14,38712879,38713579,peakno_2962-ARBS
chr14,40090306,40091006,peakno_2967-ARBS
chr14,49765542,49766242,peakno_2973-ARBS
chr14,49945694,49946394,peakno_1926-ARBS
chr14,50108360,50109060,peakno_2975-ARBS
chr14,51199916,51200616,peakno_2983-ARBS
chr14,51230058,51230758,peakno_2984-ARBS
chr14,51233082,51233782,peakno_2985-ARBS
chr14,52013774,52014474,onlynormal_read_109-ARBS
chr14,52469906,52470606,overlapped_read_262-ARBS
chr14,53012158,53012858,overlapped_read_263-ARBS
chr14,53157564,53158264,peakno_2989-ARBS
chr14,55136501,55137201,onlynormal_read_110-ARBS
chr14,55281658,55282358,onlynormal_read_111-ARBS
chr14,56355759,56356459,peakno_3037-ARBS
chr14,57127264,57127964,peakno_3041-ARBS
chr14,57320915,57321615,peakno_3042-ARBS
chr14,58285085,58285785,peakno_3045-ARBS
chr14,60435768,60436468,peakno_3050-ARBS
chr14,61025744,61026444,peakno_3051-ARBS
chr14,61896850,61897550,peakno_3055-ARBS
chr14,61932695,61933395,onlynormal_read_112-ARBS
chr14,62004118,62004818,peakno_3057-ARBS
chr14,62105533,62106233,peakno_3058-ARBS
chr14,62454888,62455588,peakno_3059-ARBS
chr14,63267152,63267852,overlapped_read_264-ARBS
chr14,64144592,64145292,peakno_1768-ARBS
chr14,64149788,64150488,peakno_3066-ARBS
chr14,64549477,64550177,onlynormal_read_113-ARBS
chr14,64898868,64899568,peakno_3067-ARBS
chr14,64981660,64982360,overlapped_read_265-ARBS
chr14,65078044,65078744,overlapped_read_431-ARBS
chr14,65584908,65585608,peakno_3158-ARBS
chr14,66143245,66143945,peakno_3162-ARBS
chr14,68017663,68018363,peakno_3171-ARBS
chr14,68478090,68478790,onlynormal_read_114-ARBS
chr14,68610869,68611569,peakno_3173-ARBS
chr14,68973490,68974190,peakno_1895-ARBS
chr14,69016948,69017648,peakno_3179-ARBS
chr14,69809431,69810131,peakno_3188-ARBS
chr14,71421372,71422072,peakno_3198-ARBS
chr14,71704144,71704844,peakno_3207-ARBS
chr14,73753468,73754168,peakno_3213-ARBS
chr14,74127064,74127764,overlapped_read_272-ARBS
chr14,74411696,74412396,peakno_3217-ARBS
chr14,75807524,75808224,onlynormal_read_117-ARBS
chr14,76002016,76002716,overlapped_read_273-ARBS
chr14,76183894,76184594,peakno_83-ARBS
chr14,76451153,76451853,peakno_84-ARBS
chr14,77371233,77371933,peakno_85-ARBS
chr14,79556070,79556770,peakno_90-ARBS
chr14,79991706,79992406,peakno_94-ARBS
chr14,80469420,80470120,peakno_95-ARBS
chr14,80520252,80520952,peakno_96-ARBS
chr14,80730886,80731586,peakno_100-ARBS
chr14,80885487,80886187,peakno_101-ARBS
chr14,80934791,80935491,peakno_102-ARBS
chr14,81848748,81849448,peakno_103-ARBS
chr14,81866966,81867666,peakno_108-ARBS
chr14,82028107,82028807,peakno_109-ARBS
chr14,82780106,82780806,peakno_114-ARBS
chr14,82853884,82854584,overlapped_read_274-ARBS
chr14,84720387,84721087,overlapped_read_275-ARBS
chr14,84908738,84909438,peakno_121-ARBS
chr14,85088725,85089425,onlynormal_read_118-ARBS
chr14,85123052,85123752,peakno_122-ARBS
chr14,85672109,85672809,peakno_1233-ARBS
chr14,85823280,85823980,overlapped_read_276-ARBS
chr14,88883829,88884529,peakno_1249-ARBS
chr14,89519460,89520160,peakno_1264-ARBS
chr14,89680241,89680941,peakno_1883-ARBS
chr14,89770127,89770827,onlynormal_read_119-ARBS
chr14,89895922,89896622,peakno_1284-ARBS
chr14,91757128,91757828,peakno_1291-ARBS
chr14,92012252,92012952,peakno_1301-ARBS
chr14,92554716,92555416,peakno_1306-ARBS
chr14,93186042,93186742,peakno_1319-ARBS
chr14,94367989,94368689,peakno_1320-ARBS
chr14,94623436,94624136,peakno_1322-ARBS
chr14,95065344,95066044,onlynormal_read_120-ARBS
chr14,95121372,95122072,overlapped_read_277-ARBS
chr14,98770759,98771459,overlapped_read_297-ARBS
chr14,100433033,100433733,overlapped_read_298-ARBS
chr14,104290854,104291554,peakno_1752-ARBS
chr14,107254232,107254932,overlapped_read_302-ARBS
chr14,82966470,82967170,NegativeControl-AR_motif_23755
chr14,27711985,27712685,NegativeControl-AR_motif_23189
chr14,64549474,64550174,NegativeControl-AR_motif_23527
chr14,103412097,103412797,NegativeControl-AR_motif_24031
chr14,87930419,87931119,NegativeControl-AR_motif_23803
chr14,70027802,70028502,NegativeControl-AR_motif_23598
chr14,38327569,38328269,NegativeControl-AR_motif_23289
chr14,101495724,101496424,NegativeControl-AR_motif_24003
chr14,86234934,86235634,NegativeControl-AR_motif_23790
chr14,95493272,95493972,NegativeControl-AR_motif_23900
chr14,52402644,52403344,NegativeControl-AR_motif_23394
chr14,59468086,59468786,NegativeControl-AR_motif_23477
chr14,38319530,38320230,NegativeControl-AR_motif_23288
chr14,36996590,36997290,NegativeControl-AR_motif_23275
chr14,90931429,90932129,NegativeControl-AR_motif_23842
chr14,21065880,21066580,NegativeControl-AR_motif_23112
chr14,58241815,58242515,NegativeControl-AR_motif_23465
chr14,106628319,106629019,NegativeControl-AR_motif_24067
chr14,33898392,33899092,NegativeControl-AR_motif_23252
chr14,95281319,95282019,NegativeControl-AR_motif_23894
chr14,75942816,75943516,NegativeControl-AR_motif_23663
chr14,50123687,50124387,NegativeControl-AR_motif_23374
chr14,80120012,80120712,NegativeControl-AR_motif_23719
chr14,61509205,61509905,NegativeControl-AR_motif_23494
chr14,73002234,73002934,NegativeControl-AR_motif_23628
chr14,64403775,64404475,NegativeControl-AR_motif_23523
chr14,45201347,45202047,NegativeControl-AR_motif_23329
chr14,22324247,22324947,NegativeControl-AR_motif_23126
chr14,29435984,29436684,NegativeControl-AR_motif_23206
chr14,80020984,80021684,NegativeControl-AR_motif_23716
chr14,65692681,65693381,NegativeControl-AR_motif_23545
chr14,103519665,103520365,NegativeControl-AR_motif_24034
chr14,36005803,36006503,NegativeControl-AR_motif_23268
chr14,65267251,65267951,NegativeControl-AR_motif_23534
chr14,88541971,88542671,NegativeControl-AR_motif_23814
chr14,73528802,73529502,NegativeControl-AR_motif_23631
chr14,88149494,88150194,NegativeControl-AR_motif_23806
chr14,56206571,56207271,NegativeControl-AR_motif_23441
chr14,24061938,24062638,NegativeControl-AR_motif_23151
chr14,43893592,43894292,NegativeControl-AR_motif_23322
chr14,51776325,51777025,NegativeControl-AR_motif_23387
chr14,79499080,79499780,NegativeControl-AR_motif_23705
chr14,56212709,56213409,NegativeControl-AR_motif_23442
chr14,98263819,98264519,NegativeControl-AR_motif_23941
chr14,79947495,79948195,NegativeControl-AR_motif_23715
chr14,87846308,87847008,NegativeControl-AR_motif_23802
chr14,47362662,47363362,NegativeControl-AR_motif_23344
chr14,99658576,99659276,NegativeControl-AR_motif_23959
chr14,83718850,83719550,NegativeControl-AR_motif_23763
chr14,62920494,62921194,NegativeControl-AR_motif_23506
chr14,102585304,102586004,NegativeControl-AR_motif_24016
chr14,103161433,103162133,NegativeControl-AR_motif_24027
chr14,34209552,34210252,NegativeControl-AR_motif_23253
chr14,43430590,43431290,NegativeControl-AR_motif_23320
chr14,30252102,30252802,NegativeControl-AR_motif_23213
chr14,83879191,83879891,NegativeControl-AR_motif_23765
chr14,78031883,78032583,NegativeControl-AR_motif_23690
chr14,28808482,28809182,NegativeControl-AR_motif_23196
chr14,106845033,106845733,NegativeControl-AR_motif_24073
chr14,65359468,65360168,NegativeControl-AR_motif_23538
chr14,59392973,59393673,NegativeControl-AR_motif_23476
chr14,57164977,57165677,NegativeControl-AR_motif_23454
chr14,106852279,106852979,NegativeControl-AR_motif_24074
chr14,43302542,43303242,NegativeControl-AR_motif_23318
chr14,69374783,69375483,NegativeControl-AR_motif_23589
chr14,49581005,49581705,NegativeControl-AR_motif_23366
chr14,56216437,56217137,NegativeControl-AR_motif_23443
chr14,104164226,104164926,NegativeControl-AR_motif_24045
chr14,46803742,46804442,NegativeControl-AR_motif_23340
chr14,30954036,30954736,NegativeControl-AR_motif_23218
chr14,69427869,69428569,NegativeControl-AR_motif_23592
chr14,62378148,62378848,NegativeControl-AR_motif_23503
chr14,80129949,80130649,NegativeControl-AR_motif_23720
chr14,102731008,102731708,NegativeControl-AR_motif_24019
chr14,34855733,34856433,NegativeControl-AR_motif_23259
chr14,64414230,64414930,NegativeControl-AR_motif_23525
chr14,34893343,34894043,NegativeControl-AR_motif_23260
chr14,56962856,56963556,NegativeControl-AR_motif_23452
chr14,37178853,37179553,NegativeControl-AR_motif_23277
chr14,38403027,38403727,NegativeControl-AR_motif_23290
chr14,94812389,94813089,LNcaP_pos_13-PositiveControl
chr14,21219920,21220620,LNcaP_pos_70-PositiveControl
chr14,101789687,101790387,LNcaP_pos_89-PositiveControl
chr14,44918677,44919377,LNcaP_pos_90-PositiveControl
chr14,23005720,23006420,LNcaP_pos_119-PositiveControl
chr14,103710304,103711004,LNcaP_pos_122-PositiveControl
chr14,57132831,57133531,LNcaP_pos_141-PositiveControl
chr14,34766834,34767534,LNcaP_pos_150-PositiveControl
chr14,55679261,55679961,LNcaP_pos_151-PositiveControl
chr14,46254338,46255038,LNcaP_pos_167-PositiveControl
chr14,67399170,67399870,LNcaP_pos_196-PositiveControl
chr14,34894471,34895171,LNcaP_pos_216-PositiveControl
chr14,103726662,103727362,LNcaP_pos_224-PositiveControl
chr14,46262048,46262748,LNcaP_pos_225-PositiveControl
chr14,71542974,71543674,LNcaP_pos_227-PositiveControl
chr14,51589987,51590687,LNcaP_pos_241-PositiveControl
chr14,22057222,22057922,LNcaP_pos_255-PositiveControl
chr14,32490026,32490726,LNcaP_pos_270-PositiveControl
chr14,35763264,35763964,LNcaP_pos_283-PositiveControl
chr14,32814385,32815085,LNcaP_pos_299-PositiveControl
chr14,107067802,107068502,LNcaP_pos_363-PositiveControl
chr14,44577656,44578356,LNcaP_pos_402-PositiveControl
chr14,101781851,101782551,LNcaP_pos_413-PositiveControl
chr14,70477642,70478342,LNcaP_pos_445-PositiveControl
chr14,103453386,103454086,LNcaP_pos_466-PositiveControl
chr14,65472043,65472743,LNcaP_pos_477-PositiveControl
chr15,21915158,21915858,peakno_1778-ARBS
chr15,22484326,22485026,peakno_1779-ARBS
chr15,23791165,23791865,overlapped_read_303-ARBS
chr15,23844080,23844780,peakno_2013-ARBS
chr15,26873047,26873747,peakno_2014-ARBS
chr15,27146176,27146876,peakno_2015-ARBS
chr15,27163324,27164024,peakno_2097-ARBS
chr15,27643539,27644239,peakno_2098-ARBS
chr15,27782261,27782961,peakno_2099-ARBS
chr15,27790616,27791316,peakno_2100-ARBS
chr15,29693694,29694394,peakno_2106-ARBS
chr15,30145553,30146253,peakno_2109-ARBS
chr15,31198142,31198842,peakno_1743-ARBS
chr15,31657776,31658476,onlynormal_read_133-ARBS
chr15,32949558,32950258,peakno_2114-ARBS
chr15,33115825,33116525,overlapped_read_307-ARBS
chr15,33322397,33323097,peakno_2116-ARBS
chr15,33510210,33510910,peakno_2117-ARBS
chr15,34233758,34234458,peakno_2124-ARBS
chr15,34508484,34509184,peakno_2125-ARBS
chr15,34753795,34754495,peakno_2126-ARBS
chr15,35600762,35601462,overlapped_read_310-ARBS
chr15,35617533,35618233,peakno_2130-ARBS
chr15,35803096,35803796,peakno_2132-ARBS
chr15,35985968,35986668,peakno_2136-ARBS
chr15,38690096,38690796,overlapped_read_311-ARBS
chr15,39187274,39187974,peakno_2204-ARBS
chr15,39565956,39566656,peakno_2205-ARBS
chr15,39741788,39742488,peakno_2207-ARBS
chr15,39867284,39867984,peakno_2208-ARBS
chr15,40266914,40267614,peakno_2209-ARBS
chr15,40280239,40280939,peakno_2212-ARBS
chr15,40682052,40682752,overlapped_read_313-ARBS
chr15,42749998,42750698,onlynormal_read_134-ARBS
chr15,43419748,43420448,peakno_2217-ARBS
chr15,43540497,43541197,overlapped_read_314-ARBS
chr15,45431726,45432426,overlapped_read_315-ARBS
chr15,45679362,45680062,peakno_2227-ARBS
chr15,46251018,46251718,peakno_2231-ARBS
chr15,48192710,48193410,peakno_2233-ARBS
chr15,48308903,48309603,peakno_2241-ARBS
chr15,48336934,48337634,peakno_2242-ARBS
chr15,48755462,48756162,peakno_2247-ARBS
chr15,48767681,48768381,peakno_2248-ARBS
chr15,48799380,48800080,peakno_2249-ARBS
chr15,49750396,49751096,peakno_2418-ARBS
chr15,50298272,50298972,peakno_2428-ARBS
chr15,50793760,50794460,peakno_2429-ARBS
chr15,50815954,50816654,peakno_2431-ARBS
chr15,51085983,51086683,peakno_2432-ARBS
chr15,52303678,52304378,overlapped_read_339-ARBS
chr15,52313507,52314207,peakno_2441-ARBS
chr15,52945656,52946356,overlapped_read_340-ARBS
chr15,55496462,55497162,peakno_2463-ARBS
chr15,55547870,55548570,peakno_2465-ARBS
chr15,57902202,57902902,overlapped_read_342-ARBS
chr15,58033133,58033833,peakno_2479-ARBS
chr15,58625023,58625723,peakno_2492-ARBS
chr15,58717260,58717960,peakno_2503-ARBS
chr15,59879136,59879836,peakno_704-ARBS
chr15,60188732,60189432,peakno_705-ARBS
chr15,60556377,60557077,peakno_709-ARBS
chr15,60666676,60667376,onlynormal_read_140-ARBS
chr15,60685048,60685748,onlynormal_read_141-ARBS
chr15,61044512,61045212,overlapped_read_346-ARBS
chr15,61206104,61206804,peakno_715-ARBS
chr15,61491687,61492387,peakno_716-ARBS
chr15,61926054,61926754,peakno_719-ARBS
chr15,61975309,61976009,peakno_1890-ARBS
chr15,62042444,62043144,peakno_720-ARBS
chr15,62805983,62806683,peakno_722-ARBS
chr15,62837644,62838344,peakno_867-ARBS
chr15,62849793,62850493,peakno_723-ARBS
chr15,62862166,62862866,peakno_724-ARBS
chr15,63191088,63191788,overlapped_read_348-ARBS
chr15,63345211,63345911,overlapped_read_349-ARBS
chr15,63357866,63358566,peakno_728-ARBS
chr15,63695674,63696374,peakno_729-ARBS
chr15,63766453,63767153,peakno_734-ARBS
chr15,64364765,64365465,overlapped_read_350-ARBS
chr15,64692572,64693272,peakno_898-ARBS
chr15,65277184,65277884,peakno_899-ARBS
chr15,66124840,66125540,peakno_902-ARBS
chr15,66681322,66682022,peakno_903-ARBS
chr15,66874446,66875146,peakno_904-ARBS
chr15,68207518,68208218,peakno_1907-ARBS
chr15,68314251,68314951,overlapped_read_351-ARBS
chr15,68334530,68335230,peakno_824-ARBS
chr15,68633136,68633836,peakno_915-ARBS
chr15,69759940,69760640,peakno_1101-ARBS
chr15,69760808,69761508,peakno_1102-ARBS
chr15,69767298,69767998,peakno_1103-ARBS
chr15,69854266,69854966,peakno_1104-ARBS
chr15,69879920,69880620,peakno_1105-ARBS
chr15,69884056,69884756,peakno_1106-ARBS
chr15,69886693,69887393,peakno_1107-ARBS
chr15,69907762,69908462,peakno_1108-ARBS
chr15,70616258,70616958,peakno_1114-ARBS
chr15,70688867,70689567,peakno_1115-ARBS
chr15,71390084,71390784,peakno_1117-ARBS
chr15,71918865,71919565,peakno_1120-ARBS
chr15,72447412,72448112,overlapped_read_365-ARBS
chr15,72466062,72466762,peakno_1121-ARBS
chr15,73026159,73026859,peakno_1125-ARBS
chr15,73189683,73190383,peakno_1126-ARBS
chr15,74935098,74935798,overlapped_read_366-ARBS
chr15,74956387,74957087,overlapped_read_367-ARBS
chr15,75785920,75786620,peakno_1131-ARBS
chr15,75819279,75819979,peakno_1132-ARBS
chr15,76123970,76124670,peakno_1133-ARBS
chr15,76257400,76258100,peakno_1134-ARBS
chr15,77709964,77710664,peakno_1137-ARBS
chr15,80070422,80071122,overlapped_read_368-ARBS
chr15,81060338,81061038,peakno_1390-ARBS
chr15,81605246,81605946,onlynormal_read_152-ARBS
chr15,81680526,81681226,peakno_1392-ARBS
chr15,83588048,83588748,overlapped_read_370-ARBS
chr15,83611181,83611881,peakno_1394-ARBS
chr15,84331878,84332578,peakno_1400-ARBS
chr15,84599354,84600054,peakno_1401-ARBS
chr15,85874260,85874960,overlapped_read_373-ARBS
chr15,86453910,86454610,peakno_1566-ARBS
chr15,86558217,86558917,peakno_1567-ARBS
chr15,88492336,88493036,onlynormal_read_153-ARBS
chr15,88547486,88548186,onlynormal_read_154-ARBS
chr15,88938002,88938702,overlapped_read_374-ARBS
chr15,89663016,89663716,peakno_1574-ARBS
chr15,89672796,89673496,overlapped_read_375-ARBS
chr15,90299973,90300673,peakno_1575-ARBS
chr15,90316028,90316728,peakno_1576-ARBS
chr15,90401688,90402388,peakno_1577-ARBS
chr15,90717620,90718320,overlapped_read_376-ARBS
chr15,91033002,91033702,peakno_1840-ARBS
chr15,91404264,91404964,overlapped_read_377-ARBS
chr15,91585022,91585722,peakno_1843-ARBS
chr15,93070214,93070914,overlapped_read_378-ARBS
chr15,93182194,93182894,peakno_1852-ARBS
chr15,93197208,93197908,peakno_1854-ARBS
chr15,93239265,93239965,peakno_1855-ARBS
chr15,93313722,93314422,peakno_1862-ARBS
chr15,94943644,94944344,peakno_1865-ARBS
chr15,96222933,96223633,overlapped_read_392-ARBS
chr15,97264100,97264800,peakno_2019-ARBS
chr15,99071388,99072088,peakno_2020-ARBS
chr15,99332046,99332746,peakno_2021-ARBS
chr15,99346796,99347496,peakno_2022-ARBS
chr15,100129816,100130516,peakno_2029-ARBS
chr15,101261822,101262522,overlapped_read_396-ARBS
chr15,101311861,101312561,overlapped_read_397-ARBS
chr15,101442423,101443123,peakno_2036-ARBS
chr15,92440667,92441367,NegativeControl-AR_motif_24863
chr15,55605388,55606088,NegativeControl-AR_motif_24434
chr15,46529216,46529916,NegativeControl-AR_motif_24348
chr15,97155585,97156285,NegativeControl-AR_motif_24921
chr15,84743364,84744064,NegativeControl-AR_motif_24762
chr15,75968062,75968762,NegativeControl-AR_motif_24658
chr15,66861757,66862457,NegativeControl-AR_motif_24557
chr15,38832623,38833323,NegativeControl-AR_motif_24275
chr15,41510620,41511320,NegativeControl-AR_motif_24306
chr15,48954660,48955360,NegativeControl-AR_motif_24368
chr15,32798423,32799123,NegativeControl-AR_motif_24214
chr15,41771152,41771852,NegativeControl-AR_motif_24307
chr15,95009418,95010118,NegativeControl-AR_motif_24888
chr15,31716315,31717015,NegativeControl-AR_motif_24195
chr15,78999802,79000502,NegativeControl-AR_motif_24695
chr15,29890652,29891352,NegativeControl-AR_motif_24170
chr15,58543773,58544473,NegativeControl-AR_motif_24463
chr15,75680515,75681215,NegativeControl-AR_motif_24654
chr15,75597716,75598416,NegativeControl-AR_motif_24653
chr15,33840110,33840810,NegativeControl-AR_motif_24226
chr15,79075697,79076397,NegativeControl-AR_motif_24696
chr15,89029529,89030229,NegativeControl-AR_motif_24814
chr15,23195109,23195809,NegativeControl-AR_motif_24110
chr15,95273047,95273747,NegativeControl-AR_motif_24895
chr15,98097335,98098035,NegativeControl-AR_motif_24928
chr15,100710560,100711260,NegativeControl-AR_motif_24958
chr15,86290326,86291026,NegativeControl-AR_motif_24785
chr15,45530507,45531207,NegativeControl-AR_motif_24337
chr15,31676481,31677181,NegativeControl-AR_motif_24194
chr15,77824345,77825045,NegativeControl-AR_motif_24679
chr15,22880053,22880753,NegativeControl-AR_motif_24106
chr15,100254649,100255349,NegativeControl-AR_motif_24948
chr15,48688415,48689115,NegativeControl-AR_motif_24365
chr15,54546698,54547398,NegativeControl-AR_motif_24425
chr15,33262944,33263644,NegativeControl-AR_motif_24219
chr15,69424039,69424739,NegativeControl-AR_motif_24587
chr15,82960309,82961009,NegativeControl-AR_motif_24739
chr15,79090642,79091342,NegativeControl-AR_motif_24697
chr15,101462257,101462957,NegativeControl-AR_motif_24966
chr15,57689613,57690313,NegativeControl-AR_motif_24449
chr15,68870144,68870844,NegativeControl-AR_motif_24573
chr15,63464677,63465377,NegativeControl-AR_motif_24516
chr15,100570050,100570750,NegativeControl-AR_motif_24953
chr15,61392334,61393034,NegativeControl-AR_motif_24489
chr15,83668578,83669278,NegativeControl-AR_motif_24748
chr15,40340567,40341267,NegativeControl-AR_motif_24289
chr15,84382901,84383601,NegativeControl-AR_motif_24755
chr15,38624741,38625441,NegativeControl-AR_motif_24272
chr15,78417927,78418627,NegativeControl-AR_motif_24686
chr15,38145849,38146549,NegativeControl-AR_motif_24267
chr15,25281903,25282603,NegativeControl-AR_motif_24119
chr15,66436079,66436779,NegativeControl-AR_motif_24553
chr15,78074088,78074788,NegativeControl-AR_motif_24681
chr15,74911900,74912600,NegativeControl-AR_motif_24644
chr15,50863560,50864260,NegativeControl-AR_motif_24390
chr15,71390073,71390773,NegativeControl-AR_motif_24607
chr15,81076430,81077130,NegativeControl-AR_motif_24718
chr15,45514358,45515058,NegativeControl-AR_motif_24336
chr15,51157494,51158194,NegativeControl-AR_motif_24393
chr15,83164005,83164705,NegativeControl-AR_motif_24742
chr15,96681809,96682509,NegativeControl-AR_motif_24916
chr15,42694592,42695292,NegativeControl-AR_motif_24314
chr15,48989883,48990583,NegativeControl-AR_motif_24370
chr15,36855131,36855831,NegativeControl-AR_motif_24254
chr15,56695354,56696054,NegativeControl-AR_motif_24441
chr15,40651194,40651894,NegativeControl-AR_motif_24297
chr15,76068735,76069435,NegativeControl-AR_motif_24659
chr15,61292193,61292893,NegativeControl-AR_motif_24488
chr15,45761304,45762004,NegativeControl-AR_motif_24340
chr15,90595871,90596571,NegativeControl-AR_motif_24843
chr15,41309312,41310012,NegativeControl-AR_motif_24304
chr15,22941828,22942528,NegativeControl-AR_motif_24108
chr15,62912789,62913489,NegativeControl-AR_motif_24506
chr15,46702025,46702725,NegativeControl-AR_motif_24350
chr15,27262476,27263176,NegativeControl-AR_motif_24146
chr15,21247707,21248407,NegativeControl-AR_motif_24096
chr15,60136843,60137543,NegativeControl-AR_motif_24478
chr15,61989797,61990497,NegativeControl-AR_motif_24493
chr15,22778360,22779060,NegativeControl-AR_motif_24103
chr15,91992323,91993023,NegativeControl-AR_motif_24860
chr15,96414094,96414794,NegativeControl-AR_motif_24913
chr15,45248723,45249423,NegativeControl-AR_motif_24333
chr15,31918261,31918961,NegativeControl-AR_motif_24199
chr15,41320823,41321523,NegativeControl-AR_motif_24305
chr15,95152373,95153073,NegativeControl-AR_motif_24892
chr15,53224369,53225069,NegativeControl-AR_motif_24417
chr15,32793010,32793710,NegativeControl-AR_motif_24213
chr15,75576025,75576725,NegativeControl-AR_motif_24652
chr15,48125996,48126696,NegativeControl-AR_motif_24360
chr15,76508734,76509434,NegativeControl-AR_motif_24666
chr15,93065219,93065919,NegativeControl-AR_motif_24869
chr15,88662871,88663571,NegativeControl-AR_motif_24806
chr15,83490941,83491641,NegativeControl-AR_motif_24746
chr15,40637483,40638183,NegativeControl-AR_motif_24296
chr15,42763009,42763709,NegativeControl-AR_motif_24315
chr15,64511122,64511822,NegativeControl-AR_motif_24529
chr15,90962748,90963448,NegativeControl-AR_motif_24849
chr15,73184304,73185004,NegativeControl-AR_motif_24627
chr15,29768744,29769444,NegativeControl-AR_motif_24168
chr15,73457978,73458678,LNcaP_pos_1-PositiveControl
chr15,80295358,80296058,LNcaP_pos_31-PositiveControl
chr15,63449121,63449821,LNcaP_pos_47-PositiveControl
chr15,71656260,71656960,LNcaP_pos_86-PositiveControl
chr15,25103761,25104461,LNcaP_pos_109-PositiveControl
chr15,100712320,100713020,LNcaP_pos_124-PositiveControl
chr15,33437548,33438248,LNcaP_pos_133-PositiveControl
chr15,101417492,101418192,LNcaP_pos_208-PositiveControl
chr15,60351248,60351948,LNcaP_pos_260-PositiveControl
chr15,31442688,31443388,LNcaP_pos_300-PositiveControl
chr15,80777716,80778416,LNcaP_pos_342-PositiveControl
chr15,79621480,79622180,LNcaP_pos_382-PositiveControl
chr15,46361710,46362410,LNcaP_pos_393-PositiveControl
chr15,93492960,93493660,LNcaP_pos_394-PositiveControl
chr15,99804164,99804864,LNcaP_pos_425-PositiveControl
chr15,69651947,69652647,LNcaP_pos_474-PositiveControl
chr15,35024528,35025228,LNcaP_pos_495-PositiveControl
chr16,2135934,2136634,peakno_2335-ARBS
chr16,2438700,2439400,peakno_2336-ARBS
chr16,3603007,3603707,peakno_2347-ARBS
chr16,4094711,4095411,peakno_2350-ARBS
chr16,6678976,6679676,overlapped_read_401-ARBS
chr16,9141377,9142077,onlynormal_read_170-ARBS
chr16,10614168,10614868,overlapped_read_402-ARBS
chr16,12006640,12007340,peakno_2373-ARBS
chr16,14580411,14581111,overlapped_read_405-ARBS
chr16,14658966,14659666,peakno_2389-ARBS
chr16,15766488,15767188,peakno_830-ARBS
chr16,16036584,16037284,peakno_2569-ARBS
chr16,16134898,16135598,peakno_2570-ARBS
chr16,17406972,17407672,onlynormal_read_173-ARBS
chr16,17478866,17479566,peakno_2573-ARBS
chr16,19407600,19408300,peakno_2576-ARBS
chr16,19440386,19441086,peakno_2577-ARBS
chr16,19495246,19495946,peakno_2588-ARBS
chr16,19871546,19872246,peakno_2593-ARBS
chr16,20715334,20716034,overlapped_read_688-ARBS
chr16,21608908,21609608,peakno_2601-ARBS
chr16,22037714,22038414,onlynormal_read_282-ARBS
chr16,22201060,22201760,peakno_2602-ARBS
chr16,22223121,22223821,overlapped_read_689-ARBS
chr16,22696498,22697198,overlapped_read_690-ARBS
chr16,22731108,22731808,peakno_2605-ARBS
chr16,22739287,22739987,peakno_861-ARBS
chr16,23267608,23268308,peakno_2607-ARBS
chr16,23354882,23355582,peakno_2608-ARBS
chr16,23434675,23435375,overlapped_read_691-ARBS
chr16,24712068,24712768,onlynormal_read_284-ARBS
chr16,25060864,25061564,peakno_2621-ARBS
chr16,25700311,25701011,peakno_2622-ARBS
chr16,46910239,46910939,peakno_2833-ARBS
chr16,47020646,47021346,peakno_2836-ARBS
chr16,48295300,48296000,overlapped_read_699-ARBS
chr16,50216146,50216846,peakno_2853-ARBS
chr16,51691601,51692301,peakno_2872-ARBS
chr16,52754757,52755457,overlapped_read_701-ARBS
chr16,53124724,53125424,onlynormal_read_290-ARBS
chr16,54543085,54543785,peakno_2959-ARBS
chr16,54679154,54679854,peakno_2960-ARBS
chr16,54773132,54773832,peakno_2963-ARBS
chr16,54960995,54961695,peakno_2964-ARBS
chr16,56715840,56716540,onlynormal_read_291-ARBS
chr16,56950908,56951608,onlynormal_read_292-ARBS
chr16,58446980,58447680,peakno_2968-ARBS
chr16,65767848,65768548,peakno_2974-ARBS
chr16,66970916,66971616,overlapped_read_14-ARBS
chr16,67369884,67370584,peakno_2977-ARBS
chr16,67380120,67380820,peakno_2978-ARBS
chr16,67397115,67397815,peakno_2979-ARBS
chr16,67495566,67496266,peakno_2980-ARBS
chr16,68262713,68263413,peakno_2986-ARBS
chr16,68440429,68441129,peakno_3036-ARBS
chr16,69287498,69288198,overlapped_read_15-ARBS
chr16,69797057,69797757,peakno_819-ARBS
chr16,69943689,69944389,peakno_3038-ARBS
chr16,70955994,70956694,peakno_3043-ARBS
chr16,71490581,71491281,peakno_3046-ARBS
chr16,71792062,71792762,peakno_3047-ARBS
chr16,72222205,72222905,overlapped_read_16-ARBS
chr16,72594321,72595021,peakno_3052-ARBS
chr16,72678628,72679328,peakno_3053-ARBS
chr16,72711578,72712278,overlapped_read_17-ARBS
chr16,73023278,73023978,onlynormal_read_9-ARBS
chr16,73023831,73024531,onlynormal_read_10-ARBS
chr16,77392778,77393478,peakno_3157-ARBS
chr16,77448530,77449230,overlapped_read_19-ARBS
chr16,77710962,77711662,peakno_3160-ARBS
chr16,78156756,78157456,overlapped_read_20-ARBS
chr16,78167686,78168386,peakno_3161-ARBS
chr16,78218215,78218915,peakno_3164-ARBS
chr16,78234492,78235192,peakno_3165-ARBS
chr16,78506615,78507315,peakno_3168-ARBS
chr16,78900242,78900942,peakno_3176-ARBS
chr16,79103788,79104488,onlynormal_read_14-ARBS
chr16,79424090,79424790,peakno_3183-ARBS
chr16,79792679,79793379,overlapped_read_22-ARBS
chr16,79843092,79843792,peakno_3184-ARBS
chr16,79917228,79917928,peakno_3190-ARBS
chr16,79927130,79927830,peakno_3191-ARBS
chr16,80223592,80224292,peakno_3192-ARBS
chr16,80232140,80232840,peakno_3193-ARBS
chr16,80536936,80537636,overlapped_read_26-ARBS
chr16,80647686,80648386,peakno_3194-ARBS
chr16,80871252,80871952,peakno_3203-ARBS
chr16,80909297,80909997,peakno_3204-ARBS
chr16,81014558,81015258,peakno_3210-ARBS
chr16,84130040,84130740,peakno_3220-ARBS
chr16,84233376,84234076,onlynormal_read_16-ARBS
chr16,84865952,84866652,onlynormal_read_19-ARBS
chr16,84946734,84947434,onlynormal_read_20-ARBS
chr16,85355415,85356115,overlapped_read_30-ARBS
chr16,88110790,88111490,overlapped_read_47-ARBS
chr16,19868962,19869662,NegativeControl-AR_motif_25224
chr16,69060963,69061663,NegativeControl-AR_motif_25638
chr16,73540955,73541655,NegativeControl-AR_motif_25689
chr16,46952197,46952897,NegativeControl-AR_motif_25379
chr16,87732105,87732805,NegativeControl-AR_motif_25898
chr16,82343770,82344470,NegativeControl-AR_motif_25810
chr16,14016798,14017498,NegativeControl-AR_motif_25156
chr16,1009525,1010225,NegativeControl-AR_motif_24998
chr16,756960,757660,NegativeControl-AR_motif_24991
chr16,28576820,28577520,NegativeControl-AR_motif_25312
chr16,77281822,77282522,NegativeControl-AR_motif_25733
chr16,6151001,6151701,NegativeControl-AR_motif_25062
chr16,55000859,55001559,NegativeControl-AR_motif_25473
chr16,52865063,52865763,NegativeControl-AR_motif_25453
chr16,50731431,50732131,NegativeControl-AR_motif_25429
chr16,6525714,6526414,NegativeControl-AR_motif_25069
chr16,6738533,6739233,NegativeControl-AR_motif_25070
chr16,86607663,86608363,NegativeControl-AR_motif_25878
chr16,2720900,2721600,NegativeControl-AR_motif_25023
chr16,85269827,85270527,NegativeControl-AR_motif_25847
chr16,87884012,87884712,NegativeControl-AR_motif_25903
chr16,72457100,72457800,NegativeControl-AR_motif_25676
chr16,85205559,85206259,NegativeControl-AR_motif_25845
chr16,88590084,88590784,NegativeControl-AR_motif_25917
chr16,25404284,25404984,NegativeControl-AR_motif_25286
chr16,32367224,32367924,NegativeControl-AR_motif_25350
chr16,30942015,30942715,NegativeControl-AR_motif_25328
chr16,72591909,72592609,NegativeControl-AR_motif_25677
chr16,4547120,4547820,NegativeControl-AR_motif_25044
chr16,88877166,88877866,NegativeControl-AR_motif_25927
chr16,30804511,30805211,NegativeControl-AR_motif_25326
chr16,73810487,73811187,NegativeControl-AR_motif_25692
chr16,58194821,58195521,NegativeControl-AR_motif_25520
chr16,68708801,68709501,NegativeControl-AR_motif_25634
chr16,14084908,14085608,NegativeControl-AR_motif_25157
chr16,20847029,20847729,NegativeControl-AR_motif_25239
chr16,48063813,48064513,NegativeControl-AR_motif_25391
chr16,47038079,47038779,NegativeControl-AR_motif_25380
chr16,8238246,8238946,NegativeControl-AR_motif_25091
chr16,79503489,79504189,NegativeControl-AR_motif_25774
chr16,4283787,4284487,NegativeControl-AR_motif_25041
chr16,67482552,67483252,NegativeControl-AR_motif_25622
chr16,63273219,63273919,NegativeControl-AR_motif_25575
chr16,6899690,6900390,NegativeControl-AR_motif_25074
chr16,9264059,9264759,NegativeControl-AR_motif_25102
chr16,33765408,33766108,NegativeControl-AR_motif_25365
chr16,61686061,61686761,NegativeControl-AR_motif_25559
chr16,57409442,57410142,NegativeControl-AR_motif_25507
chr16,76851356,76852056,NegativeControl-AR_motif_25729
chr16,34419813,34420513,NegativeControl-AR_motif_25369
chr16,1149164,1149864,NegativeControl-AR_motif_25000
chr16,19060743,19061443,NegativeControl-AR_motif_25215
chr16,59775545,59776245,NegativeControl-AR_motif_25537
chr16,8343419,8344119,NegativeControl-AR_motif_25093
chr16,61221040,61221740,NegativeControl-AR_motif_25552
chr16,21528144,21528844,NegativeControl-AR_motif_25247
chr16,15528822,15529522,NegativeControl-AR_motif_25178
chr16,17227600,17228300,NegativeControl-AR_motif_25200
chr16,20119974,20120674,NegativeControl-AR_motif_25229
chr16,61235714,61236414,NegativeControl-AR_motif_25553
chr16,71644874,71645574,NegativeControl-AR_motif_25663
chr16,57176589,57177289,NegativeControl-AR_motif_25501
chr16,56685598,56686298,NegativeControl-AR_motif_25494
chr16,6790397,6791097,NegativeControl-AR_motif_25073
chr16,78025366,78026066,LNcaP_pos_14-PositiveControl
chr16,13547096,13547796,LNcaP_pos_37-PositiveControl
chr16,25564910,25565610,LNcaP_pos_94-PositiveControl
chr16,78029494,78030194,LNcaP_pos_103-PositiveControl
chr16,24392998,24393698,LNcaP_pos_154-PositiveControl
chr16,12707307,12708007,LNcaP_pos_158-PositiveControl
chr16,90061618,90062318,LNcaP_pos_180-PositiveControl
chr16,25580279,25580979,LNcaP_pos_189-PositiveControl
chr16,279061,279761,LNcaP_pos_252-PositiveControl
chr16,13033826,13034526,LNcaP_pos_266-PositiveControl
chr16,31284942,31285642,LNcaP_pos_291-PositiveControl
chr16,31276590,31277290,LNcaP_pos_310-PositiveControl
chr16,62887683,62888383,LNcaP_pos_321-PositiveControl
chr16,89392278,89392978,LNcaP_pos_350-PositiveControl
chr16,1470483,1471183,LNcaP_pos_405-PositiveControl
chr16,66008906,66009606,LNcaP_pos_414-PositiveControl
chr16,53075433,53076133,LNcaP_pos_499-PositiveControl
chr17,198205,198905,overlapped_read_48-ARBS
chr17,219251,219951,peakno_287-ARBS
chr17,813967,814667,peakno_290-ARBS
chr17,1650264,1650964,onlynormal_read_32-ARBS
chr17,1682700,1683400,peakno_296-ARBS
chr17,4039436,4040136,peakno_300-ARBS
chr17,4246014,4246714,peakno_301-ARBS
chr17,5114616,5115316,peakno_305-ARBS
chr17,7158110,7158810,peakno_308-ARBS
chr17,7937404,7938104,peakno_313-ARBS
chr17,8054882,8055582,peakno_314-ARBS
chr17,8057446,8058146,overlapped_read_52-ARBS
chr17,8076556,8077256,overlapped_read_53-ARBS
chr17,9335704,9336404,peakno_318-ARBS
chr17,10871146,10871846,peakno_476-ARBS
chr17,10902684,10903384,peakno_477-ARBS
chr17,11268919,11269619,peakno_479-ARBS
chr17,11997514,11998214,peakno_480-ARBS
chr17,12277584,12278284,peakno_481-ARBS
chr17,12439234,12439934,peakno_482-ARBS
chr17,13956131,13956831,peakno_1726-ARBS
chr17,14720638,14721338,peakno_485-ARBS
chr17,15869206,15869906,peakno_486-ARBS
chr17,16011548,16012248,peakno_490-ARBS
chr17,16034776,16035476,peakno_571-ARBS
chr17,16084796,16085496,peakno_572-ARBS
chr17,17394896,17395596,peakno_575-ARBS
chr17,17677494,17678194,peakno_1905-ARBS
chr17,19151340,19152040,peakno_577-ARBS
chr17,20094197,20094897,peakno_582-ARBS
chr17,20840082,20840782,peakno_587-ARBS
chr17,20858416,20859116,peakno_588-ARBS
chr17,21121982,21122682,peakno_589-ARBS
chr17,25574292,25574992,peakno_758-ARBS
chr17,26402154,26402854,peakno_763-ARBS
chr17,27264156,27264856,overlapped_read_74-ARBS
chr17,27268146,27268846,peakno_769-ARBS
chr17,29700513,29701213,peakno_770-ARBS
chr17,33317702,33318402,peakno_783-ARBS
chr17,33349518,33350218,peakno_784-ARBS
chr17,33357614,33358314,peakno_785-ARBS
chr17,34148222,34148922,peakno_789-ARBS
chr17,35525510,35526210,peakno_790-ARBS
chr17,35631153,35631853,peakno_791-ARBS
chr17,35678922,35679622,peakno_795-ARBS
chr17,40626895,40627595,peakno_1063-ARBS
chr17,41134180,41134880,peakno_1064-ARBS
chr17,41136336,41137036,peakno_1065-ARBS
chr17,41400264,41400964,onlynormal_read_47-ARBS
chr17,42153974,42154674,peakno_1158-ARBS
chr17,45212782,45213482,onlynormal_read_49-ARBS
chr17,47468288,47468988,peakno_1179-ARBS
chr17,47480981,47481681,overlapped_read_82-ARBS
chr17,47643282,47643982,onlynormal_read_50-ARBS
chr17,48986464,48987164,peakno_1191-ARBS
chr17,49665280,49665980,peakno_1193-ARBS
chr17,50162881,50163581,peakno_1196-ARBS
chr17,53056893,53057593,peakno_1506-ARBS
chr17,53390405,53391105,peakno_1507-ARBS
chr17,53684963,53685663,overlapped_read_85-ARBS
chr17,53808010,53808710,peakno_1508-ARBS
chr17,53919928,53920628,peakno_1517-ARBS
chr17,54249836,54250536,peakno_1519-ARBS
chr17,54567159,54567859,peakno_1520-ARBS
chr17,54885738,54886438,peakno_1522-ARBS
chr17,55152982,55153682,peakno_1535-ARBS
chr17,55292590,55293290,peakno_1536-ARBS
chr17,55916629,55917329,peakno_1539-ARBS
chr17,55970112,55970812,onlynormal_read_52-ARBS
chr17,56100234,56100934,peakno_1540-ARBS
chr17,56652650,56653350,onlynormal_read_53-ARBS
chr17,56736281,56736981,peakno_1929-ARBS
chr17,57828360,57829060,peakno_1553-ARBS
chr17,57914678,57915378,overlapped_read_96-ARBS
chr17,57946678,57947378,overlapped_read_97-ARBS
chr17,58966160,58966860,peakno_1644-ARBS
chr17,59368790,59369490,peakno_877-ARBS
chr17,60803016,60803716,overlapped_read_98-ARBS
chr17,61580418,61581118,peakno_1786-ARBS
chr17,61915774,61916474,peakno_400-ARBS
chr17,62299936,62300636,peakno_1661-ARBS
chr17,62404664,62405364,onlynormal_read_54-ARBS
chr17,62532765,62533465,peakno_401-ARBS
chr17,62579144,62579844,peakno_402-ARBS
chr17,63459138,63459838,onlynormal_read_55-ARBS
chr17,63719302,63720002,peakno_851-ARBS
chr17,63781062,63781762,peakno_406-ARBS
chr17,64504852,64505552,peakno_407-ARBS
chr17,64576918,64577618,peakno_491-ARBS
chr17,64671963,64672663,overlapped_read_99-ARBS
chr17,64964870,64965570,peakno_494-ARBS
chr17,65411430,65412130,peakno_495-ARBS
chr17,65487024,65487724,onlynormal_read_56-ARBS
chr17,65635598,65636298,peakno_497-ARBS
chr17,66292884,66293584,overlapped_read_100-ARBS
chr17,66374502,66375202,overlapped_read_101-ARBS
chr17,66426138,66426838,peakno_502-ARBS
chr17,66439592,66440292,peakno_503-ARBS
chr17,67335896,67336596,peakno_505-ARBS
chr17,67458148,67458848,overlapped_read_102-ARBS
chr17,67551149,67551849,peakno_507-ARBS
chr17,69634632,69635332,overlapped_read_103-ARBS
chr17,69906006,69906706,peakno_510-ARBS
chr17,70424566,70425266,peakno_702-ARBS
chr17,70610541,70611241,peakno_703-ARBS
chr17,71048300,71049000,peakno_706-ARBS
chr17,71071827,71072527,peakno_707-ARBS
chr17,71199409,71200109,peakno_708-ARBS
chr17,71211487,71212187,overlapped_read_104-ARBS
chr17,71423188,71423888,peakno_710-ARBS
chr17,71630528,71631228,peakno_711-ARBS
chr17,71702810,71703510,peakno_712-ARBS
chr17,71856562,71857262,peakno_713-ARBS
chr17,74169994,74170694,overlapped_read_115-ARBS
chr17,75092789,75093489,peakno_721-ARBS
chr17,75547604,75548304,peakno_727-ARBS
chr17,75598349,75599049,onlynormal_read_59-ARBS
chr17,76110872,76111572,overlapped_read_116-ARBS
chr17,77631552,77632252,onlynormal_read_60-ARBS
chr17,78042120,78042820,overlapped_read_117-ARBS
chr17,79339414,79340114,peakno_907-ARBS
chr17,80019214,80019914,peakno_908-ARBS
chr17,80071741,80072441,overlapped_read_118-ARBS
chr17,80091776,80092476,overlapped_read_119-ARBS
chr17,80110320,80111020,overlapped_read_120-ARBS
chr17,80255289,80255989,overlapped_read_436-ARBS
chr17,18449414,18450114,NegativeControl-AR_motif_26197
chr17,36476416,36477116,NegativeControl-AR_motif_26366
chr17,5410254,5410954,NegativeControl-AR_motif_26016
chr17,31699922,31700622,NegativeControl-AR_motif_26309
chr17,74873961,74874661,NegativeControl-AR_motif_26805
chr17,75645001,75645701,NegativeControl-AR_motif_26818
chr17,42896592,42897292,NegativeControl-AR_motif_26452
chr17,908994,909694,NegativeControl-AR_motif_25962
chr17,30987181,30987881,NegativeControl-AR_motif_26302
chr17,56970743,56971443,NegativeControl-AR_motif_26603
chr17,6090456,6091156,NegativeControl-AR_motif_26025
chr17,46654111,46654811,NegativeControl-AR_motif_26491
chr17,76998945,76999645,NegativeControl-AR_motif_26831
chr17,20554292,20554992,NegativeControl-AR_motif_26233
chr17,80268048,80268748,NegativeControl-AR_motif_26889
chr17,76649856,76650556,NegativeControl-AR_motif_26830
chr17,16708513,16709213,NegativeControl-AR_motif_26168
chr17,38951351,38952051,NegativeControl-AR_motif_26402
chr17,19443859,19444559,NegativeControl-AR_motif_26215
chr17,80594355,80595055,NegativeControl-AR_motif_26895
chr17,11508023,11508723,NegativeControl-AR_motif_26077
chr17,60032494,60033194,NegativeControl-AR_motif_26622
chr17,1821617,1822317,NegativeControl-AR_motif_25978
chr17,15855958,15856658,NegativeControl-AR_motif_26153
chr17,5336593,5337293,NegativeControl-AR_motif_26013
chr17,12903987,12904687,NegativeControl-AR_motif_26100
chr17,58081176,58081876,NegativeControl-AR_motif_26608
chr17,65220948,65221648,NegativeControl-AR_motif_26687
chr17,50726684,50727384,NegativeControl-AR_motif_26541
chr17,17794966,17795666,NegativeControl-AR_motif_26186
chr17,61356754,61357454,NegativeControl-AR_motif_26633
chr17,62132577,62133277,NegativeControl-AR_motif_26649
chr17,32265640,32266340,NegativeControl-AR_motif_26317
chr17,56886858,56887558,NegativeControl-AR_motif_26601
chr17,17225454,17226154,NegativeControl-AR_motif_26172
chr17,6474850,6475550,NegativeControl-AR_motif_26029
chr17,50204285,50204985,NegativeControl-AR_motif_26533
chr17,37378212,37378912,NegativeControl-AR_motif_26382
chr17,38505718,38506418,NegativeControl-AR_motif_26394
chr17,69680403,69681103,NegativeControl-AR_motif_26743
chr17,2072506,2073206,NegativeControl-AR_motif_25982
chr17,71427956,71428656,NegativeControl-AR_motif_26768
chr17,47844416,47845116,NegativeControl-AR_motif_26505
chr17,4860420,4861120,NegativeControl-AR_motif_26009
chr17,37038644,37039344,NegativeControl-AR_motif_26375
chr17,73061548,73062248,NegativeControl-AR_motif_26788
chr17,76554687,76555387,NegativeControl-AR_motif_26828
chr17,30221346,30222046,NegativeControl-AR_motif_26295
chr17,20300742,20301442,NegativeControl-AR_motif_26229
chr17,59947214,59947914,NegativeControl-AR_motif_26621
chr17,10181684,10182384,NegativeControl-AR_motif_26062
chr17,67906100,67906800,NegativeControl-AR_motif_26720
chr17,11890171,11890871,NegativeControl-AR_motif_26087
chr17,42411582,42412282,NegativeControl-AR_motif_26447
chr17,19485461,19486161,NegativeControl-AR_motif_26216
chr17,49948878,49949578,NegativeControl-AR_motif_26527
chr17,80351168,80351868,NegativeControl-AR_motif_26891
chr17,45385493,45386193,NegativeControl-AR_motif_26477
chr17,52027896,52028596,NegativeControl-AR_motif_26554
chr17,40280968,40281668,NegativeControl-AR_motif_26418
chr17,8839119,8839819,NegativeControl-AR_motif_26051
chr17,48904232,48904932,NegativeControl-AR_motif_26518
chr17,66188272,66188972,NegativeControl-AR_motif_26700
chr17,54616071,54616771,NegativeControl-AR_motif_26580
chr17,34303369,34304069,NegativeControl-AR_motif_26346
chr17,53624296,53624996,NegativeControl-AR_motif_26565
chr17,29866221,29866921,NegativeControl-AR_motif_26291
chr17,68410610,68411310,NegativeControl-AR_motif_26727
chr17,29032652,29033352,NegativeControl-AR_motif_26286
chr17,14879249,14879949,NegativeControl-AR_motif_26131
chr17,38851618,38852318,NegativeControl-AR_motif_26400
chr17,73760544,73761244,NegativeControl-AR_motif_26792
chr17,80905946,80906646,NegativeControl-AR_motif_26896
chr17,43051265,43051965,NegativeControl-AR_motif_26454
chr17,32168278,32168978,NegativeControl-AR_motif_26316
chr17,37075435,37076135,NegativeControl-AR_motif_26377
chr17,37816128,37816828,NegativeControl-AR_motif_26383
chr17,59732552,59733252,NegativeControl-AR_motif_26620
chr17,68352033,68352733,NegativeControl-AR_motif_26726
chr17,4722351,4723051,NegativeControl-AR_motif_26007
chr17,60664835,60665535,NegativeControl-AR_motif_26626
chr17,11517720,11518420,NegativeControl-AR_motif_26078
chr17,15360862,15361562,NegativeControl-AR_motif_26139
chr17,36196955,36197655,NegativeControl-AR_motif_26363
chr17,26103853,26104553,NegativeControl-AR_motif_26263
chr17,41949592,41950292,LNcaP_pos_61-PositiveControl
chr17,67603166,67603866,LNcaP_pos_62-PositiveControl
chr17,19656203,19656903,LNcaP_pos_63-PositiveControl
chr17,55601142,55601842,LNcaP_pos_74-PositiveControl
chr17,37202796,37203496,LNcaP_pos_178-PositiveControl
chr17,72510339,72511039,LNcaP_pos_194-PositiveControl
chr17,48448752,48449452,LNcaP_pos_211-PositiveControl
chr17,78667777,78668477,LNcaP_pos_212-PositiveControl
chr17,49031415,49032115,LNcaP_pos_272-PositiveControl
chr17,1303136,1303836,LNcaP_pos_277-PositiveControl
chr17,4699054,4699754,LNcaP_pos_319-PositiveControl
chr17,60221052,60221752,LNcaP_pos_337-PositiveControl
chr17,54436761,54437461,LNcaP_pos_343-PositiveControl
chr17,28330815,28331515,LNcaP_pos_361-PositiveControl
chr17,65362342,65363042,LNcaP_pos_385-PositiveControl
chr17,48864202,48864902,LNcaP_pos_416-PositiveControl
chr17,78518403,78519103,LNcaP_pos_420-PositiveControl
chr17,56989270,56989970,LNcaP_pos_452-PositiveControl
chr17,31910382,31911082,LNcaP_pos_457-PositiveControl
chr17,80989820,80990520,LNcaP_pos_461-PositiveControl
chr17,54794688,54795388,LNcaP_pos_500-PositiveControl
chr18,150658,151358,peakno_1098-ARBS
chr18,199694,200394,peakno_1099-ARBS
chr18,428897,429597,peakno_1100-ARBS
chr18,1269958,1270658,peakno_1109-ARBS
chr18,2657974,2658674,peakno_1110-ARBS
chr18,2760310,2761010,peakno_1111-ARBS
chr18,3773087,3773787,peakno_1112-ARBS
chr18,6745830,6746530,peakno_1116-ARBS
chr18,6775411,6776111,peakno_869-ARBS
chr18,6992646,6993346,peakno_1118-ARBS
chr18,7003346,7004046,peakno_1119-ARBS
chr18,7690130,7690830,peakno_1122-ARBS
chr18,7941353,7942053,peakno_1123-ARBS
chr18,8079924,8080624,peakno_1124-ARBS
chr18,8298884,8299584,peakno_1127-ARBS
chr18,8341432,8342132,peakno_1128-ARBS
chr18,10040988,10041688,overlapped_read_122-ARBS
chr18,11976388,11977088,peakno_1386-ARBS
chr18,12413834,12414534,peakno_1942-ARBS
chr18,12605936,12606636,peakno_1387-ARBS
chr18,12675190,12675890,peakno_1388-ARBS
chr18,13026500,13027200,peakno_1389-ARBS
chr18,18653974,18654674,peakno_1397-ARBS
chr18,19218726,19219426,peakno_1402-ARBS
chr18,19413603,19414303,peakno_1404-ARBS
chr18,20065600,20066300,overlapped_read_140-ARBS
chr18,21192188,21192888,peakno_1568-ARBS
chr18,21209228,21209928,peakno_1570-ARBS
chr18,21264444,21265144,overlapped_read_141-ARBS
chr18,21405842,21406542,overlapped_read_142-ARBS
chr18,23462866,23463566,peakno_1837-ARBS
chr18,23511754,23512454,peakno_1838-ARBS
chr18,24020397,24021097,peakno_1839-ARBS
chr18,24345313,24346013,peakno_1842-ARBS
chr18,24637212,24637912,peakno_1846-ARBS
chr18,25427230,25427930,peakno_1847-ARBS
chr18,25502668,25503368,peakno_1848-ARBS
chr18,28614384,28615084,peakno_1859-ARBS
chr18,28779212,28779912,peakno_1860-ARBS
chr18,29993224,29993924,peakno_1870-ARBS
chr18,30192454,30193154,peakno_1871-ARBS
chr18,30593856,30594556,peakno_1872-ARBS
chr18,30663800,30664500,peakno_1874-ARBS
chr18,30682482,30683182,peakno_1876-ARBS
chr18,31507024,31507724,overlapped_read_146-ARBS
chr18,33676874,33677574,peakno_2026-ARBS
chr18,36463297,36463997,peakno_2032-ARBS
chr18,36887672,36888372,peakno_2033-ARBS
chr18,37368280,37368980,overlapped_read_149-ARBS
chr18,39331123,39331823,peakno_1523-ARBS
chr18,39407980,39408680,peakno_1524-ARBS
chr18,39429545,39430245,peakno_1525-ARBS
chr18,39958733,39959433,peakno_1526-ARBS
chr18,39972203,39972903,peakno_1531-ARBS
chr18,39994928,39995628,peakno_1541-ARBS
chr18,40345016,40345716,peakno_1542-ARBS
chr18,40774350,40775050,peakno_1545-ARBS
chr18,40775207,40775907,peakno_1546-ARBS
chr18,41377179,41377879,peakno_1547-ARBS
chr18,41514894,41515594,peakno_1556-ARBS
chr18,41515993,41516693,peakno_1557-ARBS
chr18,42419714,42420414,peakno_1560-ARBS
chr18,42664048,42664748,onlynormal_read_65-ARBS
chr18,42996028,42996728,peakno_1561-ARBS
chr18,45588017,45588717,peakno_1654-ARBS
chr18,45733048,45733748,peakno_1655-ARBS
chr18,48546650,48547350,peakno_1976-ARBS
chr18,48557194,48557894,peakno_1977-ARBS
chr18,50760880,50761580,peakno_1980-ARBS
chr18,51842390,51843090,peakno_1981-ARBS
chr18,52624429,52625129,peakno_1982-ARBS
chr18,55244558,55245258,peakno_1985-ARBS
chr18,55755524,55756224,peakno_1990-ARBS
chr18,55902052,55902752,peakno_1992-ARBS
chr18,55952804,55953504,peakno_1993-ARBS
chr18,56216980,56217680,peakno_1995-ARBS
chr18,56446555,56447255,overlapped_read_175-ARBS
chr18,56456290,56456990,peakno_1996-ARBS
chr18,56480701,56481401,peakno_1997-ARBS
chr18,56720404,56721104,peakno_2000-ARBS
chr18,56721896,56722596,overlapped_read_176-ARBS
chr18,56732702,56733402,peakno_2001-ARBS
chr18,56735625,56736325,peakno_2002-ARBS
chr18,57518974,57519674,peakno_2003-ARBS
chr18,57639200,57639900,peakno_2004-ARBS
chr18,64542117,64542817,peakno_2180-ARBS
chr18,64788064,64788764,peakno_2184-ARBS
chr18,64800702,64801402,peakno_2185-ARBS
chr18,65896270,65896970,peakno_2186-ARBS
chr18,66989716,66990416,peakno_2187-ARBS
chr18,67940118,67940818,peakno_2191-ARBS
chr18,67971716,67972416,peakno_2192-ARBS
chr18,69474604,69475304,peakno_2193-ARBS
chr18,70410988,70411688,peakno_2195-ARBS
chr18,70856804,70857504,peakno_2196-ARBS
chr18,71400458,71401158,peakno_2200-ARBS
chr18,74134813,74135513,overlapped_read_178-ARBS
chr18,74318470,74319170,onlynormal_read_73-ARBS
chr18,74974717,74975417,overlapped_read_437-ARBS
chr18,75085880,75086580,peakno_2355-ARBS
chr18,8522720,8523420,NegativeControl-AR_motif_26983
chr18,45434710,45435410,NegativeControl-AR_motif_27359
chr18,35940121,35940821,NegativeControl-AR_motif_27246
chr18,7796099,7796799,NegativeControl-AR_motif_26976
chr18,50868542,50869242,NegativeControl-AR_motif_27440
chr18,57473905,57474605,NegativeControl-AR_motif_27504
chr18,40356660,40357360,NegativeControl-AR_motif_27297
chr18,21994988,21995688,NegativeControl-AR_motif_27094
chr18,43890657,43891357,NegativeControl-AR_motif_27333
chr18,48499761,48500461,NegativeControl-AR_motif_27408
chr18,51555926,51556626,NegativeControl-AR_motif_27449
chr18,51265423,51266123,NegativeControl-AR_motif_27444
chr18,36748847,36749547,NegativeControl-AR_motif_27254
chr18,45793598,45794298,NegativeControl-AR_motif_27366
chr18,5963802,5964502,NegativeControl-AR_motif_26955
chr18,7902624,7903324,NegativeControl-AR_motif_26979
chr18,26487279,26487979,NegativeControl-AR_motif_27143
chr18,47502180,47502880,NegativeControl-AR_motif_27393
chr18,41568165,41568865,NegativeControl-AR_motif_27306
chr18,58354745,58355445,NegativeControl-AR_motif_27516
chr18,64826809,64827509,NegativeControl-AR_motif_27579
chr18,29286273,29286973,NegativeControl-AR_motif_27167
chr18,67634545,67635245,NegativeControl-AR_motif_27611
chr18,49555314,49556014,NegativeControl-AR_motif_27424
chr18,8878170,8878870,NegativeControl-AR_motif_26985
chr18,59808768,59809468,NegativeControl-AR_motif_27529
chr18,57503040,57503740,NegativeControl-AR_motif_27505
chr18,48275930,48276630,NegativeControl-AR_motif_27404
chr18,72840768,72841468,NegativeControl-AR_motif_27659
chr18,26220447,26221147,NegativeControl-AR_motif_27142
chr18,20644062,20644762,NegativeControl-AR_motif_27075
chr18,22155821,22156521,NegativeControl-AR_motif_27096
chr18,33341876,33342576,NegativeControl-AR_motif_27210
chr18,24316130,24316830,NegativeControl-AR_motif_27126
chr18,75324910,75325610,NegativeControl-AR_motif_27687
chr18,44865761,44866461,NegativeControl-AR_motif_27348
chr18,3935754,3936454,NegativeControl-AR_motif_26939
chr18,19364086,19364786,NegativeControl-AR_motif_27062
chr18,69031523,69032223,NegativeControl-AR_motif_27625
chr18,43843987,43844687,NegativeControl-AR_motif_27331
chr18,11995535,11996235,NegativeControl-AR_motif_27016
chr18,30835058,30835758,NegativeControl-AR_motif_27180
chr18,55048376,55049076,NegativeControl-AR_motif_27475
chr18,18727232,18727932,NegativeControl-AR_motif_27054
chr18,4240580,4241280,NegativeControl-AR_motif_26942
chr18,75591958,75592658,NegativeControl-AR_motif_27693
chr18,42289298,42289998,NegativeControl-AR_motif_27311
chr18,39426453,39427153,NegativeControl-AR_motif_27290
chr18,19768750,19769450,NegativeControl-AR_motif_27065
chr18,36450198,36450898,NegativeControl-AR_motif_27252
chr18,6187320,6188020,NegativeControl-AR_motif_26960
chr18,59742123,59742823,NegativeControl-AR_motif_27528
chr18,24519602,24520302,NegativeControl-AR_motif_27130
chr18,47828958,47829658,NegativeControl-AR_motif_27398
chr18,675561,676261,NegativeControl-AR_motif_26909
chr18,37679846,37680546,NegativeControl-AR_motif_27266
chr18,28220357,28221057,NegativeControl-AR_motif_27157
chr18,7521109,7521809,NegativeControl-AR_motif_26973
chr18,72570151,72570851,NegativeControl-AR_motif_27655
chr18,61333726,61334426,NegativeControl-AR_motif_27547
chr18,31045878,31046578,NegativeControl-AR_motif_27181
chr18,67440547,67441247,NegativeControl-AR_motif_27606
chr18,77872830,77873530,NegativeControl-AR_motif_27717
chr18,51468115,51468815,NegativeControl-AR_motif_27447
chr18,5207597,5208297,NegativeControl-AR_motif_26948
chr18,51516459,51517159,NegativeControl-AR_motif_27448
chr18,33970168,33970868,NegativeControl-AR_motif_27216
chr18,545276,545976,NegativeControl-AR_motif_26906
chr18,36520687,36521387,LNcaP_pos_108-PositiveControl
chr18,7728182,7728882,LNcaP_pos_110-PositiveControl
chr18,9304584,9305284,LNcaP_pos_221-PositiveControl
chr18,56856136,56856836,LNcaP_pos_377-PositiveControl
chr18,33441804,33442504,LNcaP_pos_390-PositiveControl
chr18,22613964,22614664,LNcaP_pos_426-PositiveControl
chr18,44457088,44457788,LNcaP_pos_443-PositiveControl
chr18,44448016,44448716,LNcaP_pos_484-PositiveControl
chr19,2543710,2544410,overlapped_read_179-ARBS
chr19,2627314,2628014,onlynormal_read_75-ARBS
chr19,3154910,3155610,onlynormal_read_76-ARBS
chr19,3336561,3337261,overlapped_read_180-ARBS
chr19,3429528,3430228,overlapped_read_181-ARBS
chr19,4815532,4816232,peakno_2367-ARBS
chr19,4976394,4977094,peakno_862-ARBS
chr19,4991636,4992336,overlapped_read_434-ARBS
chr19,5269008,5269708,peakno_2378-ARBS
chr19,5620976,5621676,overlapped_read_183-ARBS
chr19,6350520,6351220,peakno_2381-ARBS
chr19,8244812,8245512,peakno_2392-ARBS
chr19,8266134,8266834,peakno_2393-ARBS
chr19,8438944,8439644,overlapped_read_196-ARBS
chr19,10851350,10852050,peakno_2396-ARBS
chr19,11454858,11455558,peakno_2399-ARBS
chr19,11692704,11693404,peakno_2409-ARBS
chr19,13101904,13102604,peakno_2410-ARBS
chr19,15605817,15606517,peakno_2411-ARBS
chr19,15705815,15706515,peakno_2412-ARBS
chr19,16763588,16764288,peakno_2641-ARBS
chr19,16844542,16845242,peakno_2642-ARBS
chr19,17096990,17097690,peakno_2643-ARBS
chr19,18475608,18476308,onlynormal_read_85-ARBS
chr19,18487632,18488332,peakno_2645-ARBS
chr19,18490792,18491492,peakno_2646-ARBS
chr19,18852338,18853038,peakno_2656-ARBS
chr19,28780303,28781003,peakno_2675-ARBS
chr19,30403595,30404295,peakno_2677-ARBS
chr19,32165568,32166268,peakno_2688-ARBS
chr19,32864552,32865252,onlynormal_read_89-ARBS
chr19,33401559,33402259,peakno_2691-ARBS
chr19,33520636,33521336,peakno_2692-ARBS
chr19,33523196,33523896,peakno_2694-ARBS
chr19,34801312,34802012,peakno_2710-ARBS
chr19,35372832,35373532,peakno_162-ARBS
chr19,35621650,35622350,peakno_163-ARBS
chr19,35879004,35879704,peakno_164-ARBS
chr19,35921168,35921868,overlapped_read_211-ARBS
chr19,38866214,38866914,peakno_168-ARBS
chr19,39353006,39353706,peakno_169-ARBS
chr19,39953890,39954590,peakno_171-ARBS
chr19,41151594,41152294,overlapped_read_213-ARBS
chr19,41426907,41427607,overlapped_read_214-ARBS
chr19,43959488,43960188,peakno_842-ARBS
chr19,44272505,44273205,peakno_180-ARBS
chr19,44762876,44763576,peakno_181-ARBS
chr19,45197836,45198536,peakno_183-ARBS
chr19,46246115,46246815,overlapped_read_233-ARBS
chr19,46689744,46690444,peakno_186-ARBS
chr19,46803944,46804644,onlynormal_read_97-ARBS
chr19,48151362,48152062,overlapped_read_234-ARBS
chr19,48564574,48565274,overlapped_read_237-ARBS
chr19,49066262,49066962,peakno_189-ARBS
chr19,49322613,49323313,peakno_193-ARBS
chr19,51345272,51345972,peakno_194-ARBS
chr19,51353810,51354510,peakno_195-ARBS
chr19,51372525,51373225,peakno_278-ARBS
chr19,51392782,51393482,overlapped_read_240-ARBS
chr19,52463601,52464301,peakno_279-ARBS
chr19,52486464,52487164,peakno_280-ARBS
chr19,54022444,54023144,peakno_283-ARBS
chr19,54125167,54125867,peakno_284-ARBS
chr19,57442184,57442884,peakno_293-ARBS
chr19,57873754,57874454,peakno_294-ARBS
chr19,38632556,38633256,NegativeControl-AR_motif_28112
chr19,19760311,19761011,NegativeControl-AR_motif_27973
chr19,29060828,29061528,NegativeControl-AR_motif_28010
chr19,57953530,57954230,NegativeControl-AR_motif_28326
chr19,14999735,15000435,NegativeControl-AR_motif_27899
chr19,22312855,22313555,NegativeControl-AR_motif_27985
chr19,18799311,18800011,NegativeControl-AR_motif_27952
chr19,38657731,38658431,NegativeControl-AR_motif_28113
chr19,53760551,53761251,NegativeControl-AR_motif_28288
chr19,31300235,31300935,NegativeControl-AR_motif_28045
chr19,8499925,8500625,NegativeControl-AR_motif_27834
chr19,29184249,29184949,NegativeControl-AR_motif_28013
chr19,51542921,51543621,NegativeControl-AR_motif_28265
chr19,49034954,49035654,NegativeControl-AR_motif_28233
chr19,4877959,4878659,NegativeControl-AR_motif_27790
chr19,5319398,5320098,NegativeControl-AR_motif_27797
chr19,17817508,17818208,NegativeControl-AR_motif_27937
chr19,48276831,48277531,NegativeControl-AR_motif_28223
chr19,977134,977834,NegativeControl-AR_motif_27729
chr19,2276355,2277055,NegativeControl-AR_motif_27745
chr19,38106484,38107184,NegativeControl-AR_motif_28109
chr19,11607496,11608196,NegativeControl-AR_motif_27868
chr19,10151846,10152546,NegativeControl-AR_motif_27848
chr19,54193443,54194143,NegativeControl-AR_motif_28291
chr19,29604341,29605041,NegativeControl-AR_motif_28015
chr19,57072968,57073668,NegativeControl-AR_motif_28318
chr19,3315761,3316461,NegativeControl-AR_motif_27764
chr19,53466724,53467424,NegativeControl-AR_motif_28282
chr19,7690777,7691477,NegativeControl-AR_motif_27823
chr19,6684072,6684772,NegativeControl-AR_motif_27810
chr19,57630910,57631610,NegativeControl-AR_motif_28321
chr19,28529773,28530473,NegativeControl-AR_motif_28003
chr19,44366871,44367571,NegativeControl-AR_motif_28180
chr19,15511734,15512434,NegativeControl-AR_motif_27903
chr19,46692791,46693491,NegativeControl-AR_motif_28206
chr19,29889748,29890448,NegativeControl-AR_motif_28018
chr19,49513454,49514154,NegativeControl-AR_motif_28239
chr19,12989254,12989954,NegativeControl-AR_motif_27877
chr19,44238587,44239287,NegativeControl-AR_motif_28176
chr19,12478234,12478934,NegativeControl-AR_motif_27872
chr19,41226301,41227001,NegativeControl-AR_motif_28139
chr19,49784147,49784847,NegativeControl-AR_motif_28243
chr19,37194416,37195116,NegativeControl-AR_motif_28101
chr19,18809024,18809724,NegativeControl-AR_motif_27962
chr19,53798228,53798928,LNcaP_pos_8-PositiveControl
chr19,2817904,2818604,LNcaP_pos_22-PositiveControl
chr19,15757278,15757978,LNcaP_pos_138-PositiveControl
chr19,18484431,18485131,LNcaP_pos_140-PositiveControl
chr19,39616132,39616832,LNcaP_pos_143-PositiveControl
chr19,3985061,3985761,LNcaP_pos_171-PositiveControl
chr19,16003354,16004054,LNcaP_pos_215-PositiveControl
chr19,1438018,1438718,LNcaP_pos_220-PositiveControl
chr19,6577366,6578066,LNcaP_pos_232-PositiveControl
chr19,37157330,37158030,LNcaP_pos_276-PositiveControl
chr19,17970295,17970995,LNcaP_pos_278-PositiveControl
chr19,48673218,48673918,LNcaP_pos_360-PositiveControl
chr19,12273636,12274336,LNcaP_pos_392-PositiveControl
chr19,46636344,46637044,LNcaP_pos_436-PositiveControl
chr19,37569082,37569782,LNcaP_pos_456-PositiveControl
chr19,16844560,16845260,LNcaP_pos_463-PositiveControl
chr20,675793,676493,peakno_98-ARBS
chr20,1326216,1326916,peakno_99-ARBS
chr20,1779450,1780150,peakno_107-ARBS
chr20,2433048,2433748,peakno_111-ARBS
chr20,4151478,4152178,peakno_112-ARBS
chr20,4584256,4584956,peakno_113-ARBS
chr20,4917970,4918670,peakno_119-ARBS
chr20,8074896,8075596,overlapped_read_702-ARBS
chr20,8199936,8200636,peakno_125-ARBS
chr20,8835875,8836575,onlynormal_read_293-ARBS
chr20,9056235,9056935,peakno_127-ARBS
chr20,10485406,10486106,onlynormal_read_294-ARBS
chr20,10534671,10535371,peakno_1248-ARBS
chr20,10554078,10554778,peakno_1251-ARBS
chr20,10618359,10619059,peakno_1252-ARBS
chr20,10639231,10639931,peakno_1253-ARBS
chr20,10842038,10842738,peakno_1263-ARBS
chr20,10942382,10943082,peakno_1267-ARBS
chr20,11244882,11245582,peakno_1268-ARBS
chr20,11389896,11390596,peakno_1269-ARBS
chr20,12010970,12011670,overlapped_read_13-ARBS
chr20,13681983,13682683,peakno_1283-ARBS
chr20,14189418,14190118,peakno_1287-ARBS
chr20,14561164,14561864,peakno_1288-ARBS
chr20,15277534,15278234,peakno_1289-ARBS
chr20,15400332,15401032,peakno_1290-ARBS
chr20,15504354,15505054,peakno_1305-ARBS
chr20,16283968,16284668,peakno_1318-ARBS
chr20,17664736,17665436,peakno_1325-ARBS
chr20,17898382,17899082,peakno_1414-ARBS
chr20,19505079,19505779,peakno_1417-ARBS
chr20,19739626,19740326,peakno_1418-ARBS
chr20,19871156,19871856,peakno_1894-ARBS
chr20,19945042,19945742,onlynormal_read_7-ARBS
chr20,19991135,19991835,overlapped_read_18-ARBS
chr20,20505744,20506444,onlynormal_read_8-ARBS
chr20,21259328,21260028,peakno_1716-ARBS
chr20,21974634,21975334,peakno_1717-ARBS
chr20,23071094,23071794,peakno_1735-ARBS
chr20,23603428,23604128,onlynormal_read_11-ARBS
chr20,24997836,24998536,peakno_1750-ARBS
chr20,25260540,25261240,peakno_1751-ARBS
chr20,26188661,26189361,onlynormal_read_12-ARBS
chr20,26189722,26190422,overlapped_read_21-ARBS
chr20,30251824,30252524,peakno_1777-ARBS
chr20,30267574,30268274,overlapped_read_23-ARBS
chr20,30300222,30300922,onlynormal_read_15-ARBS
chr20,31779160,31779860,peakno_1794-ARBS
chr20,31961408,31962108,peakno_1795-ARBS
chr20,32199732,32200432,overlapped_read_24-ARBS
chr20,32320156,32320856,peakno_1796-ARBS
chr20,32840318,32841018,peakno_1798-ARBS
chr20,32851778,32852478,peakno_1799-ARBS
chr20,32857848,32858548,overlapped_read_25-ARBS
chr20,33795766,33796466,peakno_1159-ARBS
chr20,35252498,35253198,peakno_1160-ARBS
chr20,36349460,36350160,peakno_1164-ARBS
chr20,36351980,36352680,peakno_1174-ARBS
chr20,36373534,36374234,peakno_1175-ARBS
chr20,36617971,36618671,overlapped_read_27-ARBS
chr20,36737388,36738088,onlynormal_read_17-ARBS
chr20,36738304,36739004,overlapped_read_28-ARBS
chr20,36873950,36874650,onlynormal_read_18-ARBS
chr20,37233278,37233978,peakno_1189-ARBS
chr20,39043650,39044350,peakno_1192-ARBS
chr20,39097310,39098010,overlapped_read_29-ARBS
chr20,40278940,40279640,peakno_1194-ARBS
chr20,42478318,42479018,peakno_1206-ARBS
chr20,43095783,43096483,onlynormal_read_21-ARBS
chr20,43342660,43343360,onlynormal_read_22-ARBS
chr20,43673954,43674654,peakno_1209-ARBS
chr20,45079018,45079718,onlynormal_read_27-ARBS
chr20,45605412,45606112,peakno_1212-ARBS
chr20,45932766,45933466,peakno_1521-ARBS
chr20,45945846,45946546,onlynormal_read_28-ARBS
chr20,45947270,45947970,overlapped_read_45-ARBS
chr20,45962688,45963388,overlapped_read_46-ARBS
chr20,47297076,47297776,peakno_1537-ARBS
chr20,47545348,47546048,peakno_1538-ARBS
chr20,48127106,48127806,onlynormal_read_180-ARBS
chr20,48200035,48200735,onlynormal_read_29-ARBS
chr20,48511894,48512594,peakno_1551-ARBS
chr20,48782416,48783116,onlynormal_read_30-ARBS
chr20,48841224,48841924,onlynormal_read_31-ARBS
chr20,49031980,49032680,overlapped_read_49-ARBS
chr20,49338220,49338920,overlapped_read_50-ARBS
chr20,49511578,49512278,peakno_1554-ARBS
chr20,50247953,50248653,overlapped_read_51-ARBS
chr20,51417877,51418577,onlynormal_read_33-ARBS
chr20,52025333,52026033,peakno_1647-ARBS
chr20,52238894,52239594,peakno_1648-ARBS
chr20,52256133,52256833,peakno_1650-ARBS
chr20,52483760,52484460,peakno_1657-ARBS
chr20,52687820,52688520,peakno_1660-ARBS
chr20,53601433,53602133,overlapped_read_54-ARBS
chr20,54923286,54923986,overlapped_read_55-ARBS
chr20,54973446,54974146,peakno_492-ARBS
chr20,54993530,54994230,peakno_493-ARBS
chr20,56332610,56333310,peakno_496-ARBS
chr20,56338172,56338872,overlapped_read_56-ARBS
chr20,56348158,56348858,overlapped_read_57-ARBS
chr20,56721228,56721928,peakno_498-ARBS
chr20,58401322,58402022,peakno_504-ARBS
chr20,58517594,58518294,peakno_506-ARBS
chr20,60361248,60361948,onlynormal_read_34-ARBS
chr20,61829611,61830311,overlapped_read_58-ARBS
chr20,42709851,42710551,NegativeControl-AR_motif_28858
chr20,23710181,23710881,NegativeControl-AR_motif_28651
chr20,48880983,48881683,NegativeControl-AR_motif_28956
chr20,41778123,41778823,NegativeControl-AR_motif_28845
chr20,46787087,46787787,NegativeControl-AR_motif_28928
chr20,40085962,40086662,NegativeControl-AR_motif_28829
chr20,59643709,59644409,NegativeControl-AR_motif_29086
chr20,3234006,3234706,NegativeControl-AR_motif_28389
chr20,37561210,37561910,NegativeControl-AR_motif_28792
chr20,45797602,45798302,NegativeControl-AR_motif_28910
chr20,34875612,34876312,NegativeControl-AR_motif_28755
chr20,31590424,31591124,NegativeControl-AR_motif_28712
chr20,36368992,36369692,NegativeControl-AR_motif_28771
chr20,49942599,49943299,NegativeControl-AR_motif_28976
chr20,16758686,16759386,NegativeControl-AR_motif_28556
chr20,57282245,57282945,NegativeControl-AR_motif_29047
chr20,50227689,50228389,NegativeControl-AR_motif_28981
chr20,17341913,17342613,NegativeControl-AR_motif_28571
chr20,33724344,33725044,NegativeControl-AR_motif_28733
chr20,36950591,36951291,NegativeControl-AR_motif_28778
chr20,24416334,24417034,NegativeControl-AR_motif_28671
chr20,37928091,37928791,NegativeControl-AR_motif_28795
chr20,6038499,6039199,NegativeControl-AR_motif_28428
chr20,377322,378022,NegativeControl-AR_motif_28339
chr20,23653788,23654488,NegativeControl-AR_motif_28645
chr20,55429584,55430284,NegativeControl-AR_motif_29026
chr20,7294255,7294955,NegativeControl-AR_motif_28440
chr20,19432888,19433588,NegativeControl-AR_motif_28594
chr20,31504414,31505114,NegativeControl-AR_motif_28709
chr20,59763010,59763710,NegativeControl-AR_motif_29088
chr20,24622170,24622870,NegativeControl-AR_motif_28676
chr20,4512155,4512855,NegativeControl-AR_motif_28406
chr20,38693540,38694240,NegativeControl-AR_motif_28808
chr20,865740,866440,NegativeControl-AR_motif_28349
chr20,22766829,22767529,NegativeControl-AR_motif_28632
chr20,2249274,2249974,NegativeControl-AR_motif_28376
chr20,38284306,38285006,NegativeControl-AR_motif_28802
chr20,13993188,13993888,NegativeControl-AR_motif_28522
chr20,60445357,60446057,NegativeControl-AR_motif_29096
chr20,16928330,16929030,NegativeControl-AR_motif_28561
chr20,34648536,34649236,NegativeControl-AR_motif_28746
chr20,43103602,43104302,NegativeControl-AR_motif_28867
chr20,43074607,43075307,NegativeControl-AR_motif_28864
chr20,31393441,31394141,NegativeControl-AR_motif_28708
chr20,57619183,57619883,NegativeControl-AR_motif_29051
chr20,31854442,31855142,NegativeControl-AR_motif_28716
chr20,12302612,12303312,NegativeControl-AR_motif_28503
chr20,16331901,16332601,NegativeControl-AR_motif_28552
chr20,4724516,4725216,NegativeControl-AR_motif_28412
chr20,58954801,58955501,NegativeControl-AR_motif_29075
chr20,12732044,12732744,NegativeControl-AR_motif_28506
chr20,60369695,60370395,NegativeControl-AR_motif_29095
chr20,13363460,13364160,NegativeControl-AR_motif_28516
chr20,59822901,59823601,NegativeControl-AR_motif_29089
chr20,4313913,4314613,NegativeControl-AR_motif_28403
chr20,35521543,35522243,NegativeControl-AR_motif_28761
chr20,23459386,23460086,NegativeControl-AR_motif_28640
chr20,15089970,15090670,NegativeControl-AR_motif_28536
chr20,49658084,49658784,NegativeControl-AR_motif_28973
chr20,38507613,38508313,NegativeControl-AR_motif_28803
chr20,9236652,9237352,NegativeControl-AR_motif_28467
chr20,34274344,34275044,NegativeControl-AR_motif_28741
chr20,48137618,48138318,NegativeControl-AR_motif_28947
chr20,34820100,34820800,NegativeControl-AR_motif_28752
chr20,651025,651725,NegativeControl-AR_motif_28345
chr20,11348997,11349697,NegativeControl-AR_motif_28493
chr20,5077088,5077788,NegativeControl-AR_motif_28422
chr20,31126004,31126704,NegativeControl-AR_motif_28705
chr20,37250741,37251441,NegativeControl-AR_motif_28787
chr20,20658545,20659245,NegativeControl-AR_motif_28606
chr20,57540315,57541015,NegativeControl-AR_motif_29049
chr20,46621668,46622368,LNcaP_pos_83-PositiveControl
chr20,2451056,2451756,LNcaP_pos_153-PositiveControl
chr20,30191770,30192470,LNcaP_pos_162-PositiveControl
chr20,36155826,36156526,LNcaP_pos_214-PositiveControl
chr20,36023094,36023794,LNcaP_pos_238-PositiveControl
chr20,20032729,20033429,LNcaP_pos_274-PositiveControl
chr20,883507,884207,LNcaP_pos_307-PositiveControl
chr20,62438910,62439610,LNcaP_pos_313-PositiveControl
chr20,21624006,21624706,LNcaP_pos_365-PositiveControl
chr20,33895818,33896518,LNcaP_pos_386-PositiveControl
chr20,10713599,10714299,LNcaP_pos_434-PositiveControl
chr20,3140091,3140791,LNcaP_pos_454-PositiveControl
chr20,41097858,41098558,LNcaP_pos_458-PositiveControl
chr20,38440582,38441282,LNcaP_pos_481-PositiveControl
chr20,15284962,15285662,LNcaP_pos_485-PositiveControl
chr21,16808204,16808904,peakno_513-ARBS
chr21,17350212,17350912,peakno_514-ARBS
chr21,17396712,17397412,peakno_515-ARBS
chr21,17452254,17452954,overlapped_read_62-ARBS
chr21,18461243,18461943,peakno_519-ARBS
chr21,18532721,18533421,peakno_520-ARBS
chr21,18623956,18624656,peakno_521-ARBS
chr21,18834590,18835290,peakno_714-ARBS
chr21,20939139,20939839,peakno_717-ARBS
chr21,21236550,21237250,peakno_718-ARBS
chr21,23487928,23488628,peakno_726-ARBS
chr21,26109602,26110302,peakno_731-ARBS
chr21,26313764,26314464,onlynormal_read_42-ARBS
chr21,27237642,27238342,peakno_732-ARBS
chr21,27510798,27511498,peakno_733-ARBS
chr21,29682472,29683172,peakno_911-ARBS
chr21,29812032,29812732,peakno_912-ARBS
chr21,30144278,30144978,peakno_913-ARBS
chr21,30329888,30330588,peakno_914-ARBS
chr21,30518176,30518876,overlapped_read_75-ARBS
chr21,31572207,31572907,peakno_916-ARBS
chr21,31588265,31588965,peakno_917-ARBS
chr21,31599716,31600416,peakno_918-ARBS
chr21,33613334,33614034,peakno_1113-ARBS
chr21,33783678,33784378,onlynormal_read_46-ARBS
chr21,36696413,36697113,overlapped_read_77-ARBS
chr21,37009618,37010318,overlapped_read_78-ARBS
chr21,37416183,37416883,peakno_1129-ARBS
chr21,37535495,37536195,peakno_1130-ARBS
chr21,37881034,37881734,peakno_1135-ARBS
chr21,38160374,38161074,peakno_1136-ARBS
chr21,38299524,38300224,peakno_1138-ARBS
chr21,39612626,39613326,peakno_1139-ARBS
chr21,39674992,39675692,peakno_1140-ARBS
chr21,39684501,39685201,overlapped_read_80-ARBS
chr21,40125194,40125894,overlapped_read_81-ARBS
chr21,40203250,40203950,onlynormal_read_48-ARBS
chr21,40278854,40279554,peakno_1141-ARBS
chr21,40322446,40323146,peakno_1142-ARBS
chr21,41179444,41180144,peakno_1391-ARBS
chr21,42536952,42537652,peakno_1393-ARBS
chr21,42717915,42718615,peakno_1395-ARBS
chr21,42805352,42806052,peakno_1396-ARBS
chr21,42892308,42893008,peakno_1398-ARBS
chr21,42893377,42894077,overlapped_read_83-ARBS
chr21,42898116,42898816,peakno_1399-ARBS
chr21,42954982,42955682,peakno_1403-ARBS
chr21,43405887,43406587,peakno_1405-ARBS
chr21,43761932,43762632,peakno_1565-ARBS
chr21,43888442,43889142,peakno_1569-ARBS
chr21,44091872,44092572,peakno_1571-ARBS
chr21,44136021,44136721,peakno_1572-ARBS
chr21,44151359,44152059,overlapped_read_84-ARBS
chr21,44707709,44708409,peakno_1699-ARBS
chr21,44764041,44764741,peakno_1573-ARBS
chr21,45005730,45006430,onlynormal_read_122-ARBS
chr21,45608283,45608983,overlapped_read_280-ARBS
chr21,46783790,46784490,onlynormal_read_123-ARBS
chr21,46852768,46853468,overlapped_read_281-ARBS
chr21,47608376,47609076,overlapped_read_282-ARBS
chr21,47906437,47907137,peakno_1578-ARBS
chr21,15313955,15314655,NegativeControl-AR_motif_29162
chr21,35527158,35527858,NegativeControl-AR_motif_29377
chr21,18918762,18919462,NegativeControl-AR_motif_29193
chr21,19495834,19496534,NegativeControl-AR_motif_29196
chr21,35633947,35634647,NegativeControl-AR_motif_29379
chr21,36803400,36804100,NegativeControl-AR_motif_29393
chr21,33613493,33614193,NegativeControl-AR_motif_29355
chr21,27488081,27488781,NegativeControl-AR_motif_29279
chr21,43542468,43543168,NegativeControl-AR_motif_29479
chr21,36533813,36534513,NegativeControl-AR_motif_29388
chr21,30314619,30315319,NegativeControl-AR_motif_29316
chr21,37600630,37601330,NegativeControl-AR_motif_29399
chr21,40027895,40028595,NegativeControl-AR_motif_29433
chr21,19533612,19534312,NegativeControl-AR_motif_29197
chr21,41758064,41758764,NegativeControl-AR_motif_29460
chr21,43940603,43941303,NegativeControl-AR_motif_29487
chr21,44806059,44806759,NegativeControl-AR_motif_29497
chr21,20867391,20868091,NegativeControl-AR_motif_29210
chr21,44144882,44145582,NegativeControl-AR_motif_29490
chr21,9516587,9517287,NegativeControl-AR_motif_29133
chr21,40075959,40076659,NegativeControl-AR_motif_29436
chr21,38627526,38628226,NegativeControl-AR_motif_29410
chr21,9536771,9537471,NegativeControl-AR_motif_29134
chr21,19852919,19853619,NegativeControl-AR_motif_29198
chr21,27024980,27025680,NegativeControl-AR_motif_29272
chr21,36334717,36335417,NegativeControl-AR_motif_29385
chr21,39029001,39029701,NegativeControl-AR_motif_29414
chr21,43772865,43773565,NegativeControl-AR_motif_29483
chr21,37578919,37579619,NegativeControl-AR_motif_29398
chr21,43874016,43874716,NegativeControl-AR_motif_29486
chr21,25422214,25422914,NegativeControl-AR_motif_29253
chr21,32789791,32790491,NegativeControl-AR_motif_29346
chr21,25021153,25021853,NegativeControl-AR_motif_29246
chr21,31645971,31646671,NegativeControl-AR_motif_29332
chr21,16016862,16017562,NegativeControl-AR_motif_29166
chr21,39559788,39560488,NegativeControl-AR_motif_29422
chr21,20076242,20076942,NegativeControl-AR_motif_29201
chr21,34325908,34326608,NegativeControl-AR_motif_29368
chr21,31355628,31356328,NegativeControl-AR_motif_29330
chr21,16267543,16268243,NegativeControl-AR_motif_29169
chr21,22965805,22966505,NegativeControl-AR_motif_29232
chr21,19080609,19081309,LNcaP_pos_57-PositiveControl
chr21,21964576,21965276,LNcaP_pos_130-PositiveControl
chr21,34739310,34740010,LNcaP_pos_191-PositiveControl
chr21,36453059,36453759,LNcaP_pos_218-PositiveControl
chr21,28031333,28032033,LNcaP_pos_230-PositiveControl
chr21,19039491,19040191,LNcaP_pos_285-PositiveControl
chr21,15295318,15296018,LNcaP_pos_322-PositiveControl
chr22,17544066,17544766,peakno_1579-ARBS
chr22,18050825,18051525,onlynormal_read_125-ARBS
chr22,18120570,18121270,peakno_1849-ARBS
chr22,18130067,18130767,peakno_1850-ARBS
chr22,19500600,19501300,peakno_1861-ARBS
chr22,19594818,19595518,overlapped_read_284-ARBS
chr22,22061840,22062540,overlapped_read_285-ARBS
chr22,24603867,24604567,peakno_1873-ARBS
chr22,24699301,24700001,peakno_1875-ARBS
chr22,25237100,25237800,peakno_1877-ARBS
chr22,25290308,25291008,peakno_1878-ARBS
chr22,25505970,25506670,peakno_2018-ARBS
chr22,26024286,26024986,overlapped_read_286-ARBS
chr22,28160624,28161324,peakno_2027-ARBS
chr22,28331761,28332461,peakno_2028-ARBS
chr22,29300192,29300892,peakno_2034-ARBS
chr22,29913378,29914078,peakno_2035-ARBS
chr22,30812807,30813507,peakno_2037-ARBS
chr22,31451281,31451981,overlapped_read_292-ARBS
chr22,33342628,33343328,peakno_2345-ARBS
chr22,33642562,33643262,peakno_2346-ARBS
chr22,35587246,35587946,peakno_2360-ARBS
chr22,35662106,35662806,peakno_2361-ARBS
chr22,35841824,35842524,onlynormal_read_128-ARBS
chr22,35876056,35876756,onlynormal_read_129-ARBS
chr22,36050905,36051605,peakno_2362-ARBS
chr22,36547166,36547866,peakno_2363-ARBS
chr22,38458649,38459349,overlapped_read_296-ARBS
chr22,41354174,41354874,peakno_2371-ARBS
chr22,43016748,43017448,overlapped_read_320-ARBS
chr22,43321856,43322556,peakno_2386-ARBS
chr22,43329676,43330376,overlapped_read_321-ARBS
chr22,43386758,43387458,peakno_2387-ARBS
chr22,43391140,43391840,peakno_2388-ARBS
chr22,45514235,45514935,peakno_2404-ARBS
chr22,45586183,45586883,overlapped_read_325-ARBS
chr22,45798208,45798908,peakno_2405-ARBS
chr22,45846926,45847626,onlynormal_read_137-ARBS
chr22,46370930,46371630,peakno_2575-ARBS
chr22,47045263,47045963,peakno_2591-ARBS
chr22,47196930,47197630,peakno_2592-ARBS
chr22,47688092,47688792,overlapped_read_326-ARBS
chr22,48650217,48650917,peakno_2604-ARBS
chr22,49066395,49067095,onlynormal_read_138-ARBS
chr22,50478698,50479398,peakno_2619-ARBS
chr22,50651590,50652290,peakno_2620-ARBS
chr22,40053098,40053798,NegativeControl-AR_motif_29859
chr22,40064084,40064784,NegativeControl-AR_motif_29860
chr22,50874522,50875222,NegativeControl-AR_motif_30023
chr22,23659622,23660322,NegativeControl-AR_motif_29632
chr22,47683253,47683953,NegativeControl-AR_motif_29963
chr22,41807438,41808138,NegativeControl-AR_motif_29886
chr22,18419303,18420003,NegativeControl-AR_motif_29567
chr22,35289875,35290575,NegativeControl-AR_motif_29781
chr22,16901918,16902618,NegativeControl-AR_motif_29558
chr22,45500151,45500851,NegativeControl-AR_motif_29937
chr22,47802414,47803114,NegativeControl-AR_motif_29966
chr22,24593149,24593849,NegativeControl-AR_motif_29652
chr22,19899370,19900070,NegativeControl-AR_motif_29588
chr22,24946012,24946712,NegativeControl-AR_motif_29657
chr22,39419549,39420249,NegativeControl-AR_motif_29849
chr22,43201359,43202059,NegativeControl-AR_motif_29902
chr22,47628040,47628740,NegativeControl-AR_motif_29961
chr22,44115035,44115735,NegativeControl-AR_motif_29915
chr22,21317865,21318565,NegativeControl-AR_motif_29600
chr22,30823205,30823905,NegativeControl-AR_motif_29724
chr22,28286747,28287447,NegativeControl-AR_motif_29698
chr22,44573736,44574436,NegativeControl-AR_motif_29922
chr22,49312508,49313208,NegativeControl-AR_motif_29995
chr22,40291849,40292549,NegativeControl-AR_motif_29866
chr22,45730220,45730920,NegativeControl-AR_motif_29939
chr22,29082811,29083511,NegativeControl-AR_motif_29705
chr22,37693133,37693833,NegativeControl-AR_motif_29815
chr22,33343718,33344418,NegativeControl-AR_motif_29754
chr22,49504349,49505049,NegativeControl-AR_motif_29999
chr22,31649821,31650521,LNcaP_pos_157-PositiveControl
chr22,50153716,50154416,LNcaP_pos_173-PositiveControl
chr22,50843703,50844403,LNcaP_pos_233-PositiveControl
chr22,39492997,39493697,LNcaP_pos_290-PositiveControl
chr22,28711860,28712560,LNcaP_pos_292-PositiveControl
chr22,20861565,20862265,LNcaP_pos_316-PositiveControl
chr22,16204940,16205640,LNcaP_pos_395-PositiveControl
chr22,36635237,36635937,LNcaP_pos_418-PositiveControl
chr22,18189158,18189858,LNcaP_pos_437-PositiveControl
chr22,30194920,30195620,LNcaP_pos_439-PositiveControl
chr22,43491538,43492238,LNcaP_pos_465-PositiveControl
chr22,39077665,39078365,LNcaP_pos_467-PositiveControl
chrX,8640948,8641648,peakno_2763-ARBS
chrX,9070842,9071542,overlapped_read_640-ARBS
chrX,9288891,9289591,peakno_2773-ARBS
chrX,10016748,10017448,peakno_2778-ARBS
chrX,10957371,10958071,peakno_2792-ARBS
chrX,11344364,11345064,peakno_2793-ARBS
chrX,11385986,11386686,peakno_2794-ARBS
chrX,11439784,11440484,peakno_2797-ARBS
chrX,11482268,11482968,overlapped_read_641-ARBS
chrX,12106326,12107026,peakno_2806-ARBS
chrX,12895257,12895957,peakno_205-ARBS
chrX,13082604,13083304,peakno_206-ARBS
chrX,16133533,16134233,peakno_211-ARBS
chrX,18028206,18028906,peakno_214-ARBS
chrX,18236228,18236928,peakno_216-ARBS
chrX,19354619,19355319,overlapped_read_642-ARBS
chrX,24109387,24110087,peakno_220-ARBS
chrX,26790630,26791330,peakno_231-ARBS
chrX,32244258,32244958,peakno_323-ARBS
chrX,32261093,32261793,peakno_324-ARBS
chrX,39689470,39690170,peakno_419-ARBS
chrX,40377220,40377920,peakno_420-ARBS
chrX,43566926,43567626,overlapped_read_644-ARBS
chrX,43768309,43769009,peakno_433-ARBS
chrX,44922800,44923500,peakno_438-ARBS
chrX,46599230,46599930,peakno_444-ARBS
chrX,47010604,47011304,peakno_445-ARBS
chrX,50276800,50277500,peakno_446-ARBS
chrX,51266006,51266706,peakno_447-ARBS
chrX,53100624,53101324,overlapped_read_646-ARBS
chrX,54071768,54072468,peakno_448-ARBS
chrX,56027109,56027809,peakno_1841-ARBS
chrX,66088524,66089224,peakno_1844-ARBS
chrX,67977238,67977938,overlapped_read_649-ARBS
chrX,69168128,69168828,peakno_1845-ARBS
chrX,70510503,70511203,peakno_1858-ARBS
chrX,71840259,71840959,onlynormal_read_260-ARBS
chrX,76947304,76948004,peakno_1864-ARBS
chrX,81640648,81641348,peakno_1868-ARBS
chrX,81950177,81950877,peakno_1869-ARBS
chrX,82068586,82069286,peakno_1879-ARBS
chrX,91476184,91476884,peakno_2017-ARBS
chrX,97323105,97323805,peakno_2024-ARBS
chrX,100000672,100001372,peakno_2025-ARBS
chrX,106052200,106052900,peakno_828-ARBS
chrX,106984934,106985634,overlapped_read_650-ARBS
chrX,107815956,107816656,peakno_1730-ARBS
chrX,109912662,109913362,peakno_2353-ARBS
chrX,109918442,109919142,peakno_2354-ARBS
chrX,117717952,117718652,peakno_2368-ARBS
chrX,117718747,117719447,peakno_2369-ARBS
chrX,121221057,121221757,peakno_2370-ARBS
chrX,122443051,122443751,peakno_2374-ARBS
chrX,122472497,122473197,peakno_2375-ARBS
chrX,122883344,122884044,peakno_2377-ARBS
chrX,129331314,129332014,peakno_2571-ARBS
chrX,130805569,130806269,peakno_2572-ARBS
chrX,131194802,131195502,peakno_2574-ARBS
chrX,135535780,135536480,peakno_2594-ARBS
chrX,136520131,136520831,onlynormal_read_262-ARBS
chrX,149252876,149253576,peakno_2617-ARBS
chrX,84786604,84787304,NegativeControl-AR_motif_30897
chrX,37398632,37399332,NegativeControl-AR_motif_30431
chrX,20753775,20754475,NegativeControl-AR_motif_30274
chrX,121157224,121157924,NegativeControl-AR_motif_31232
chrX,115276891,115277591,NegativeControl-AR_motif_31182
chrX,113186090,113186790,NegativeControl-AR_motif_31169
chrX,127290105,127290805,NegativeControl-AR_motif_31285
chrX,105325682,105326382,NegativeControl-AR_motif_31075
chrX,123441149,123441849,NegativeControl-AR_motif_31256
chrX,81542652,81543352,NegativeControl-AR_motif_30867
chrX,39981219,39981919,NegativeControl-AR_motif_30464
chrX,76722507,76723207,NegativeControl-AR_motif_30836
chrX,20597871,20598571,NegativeControl-AR_motif_30271
chrX,24185298,24185998,NegativeControl-AR_motif_30311
chrX,111649665,111650365,NegativeControl-AR_motif_31152
chrX,141136457,141137157,NegativeControl-AR_motif_31439
chrX,42243714,42244414,NegativeControl-AR_motif_30491
chrX,21589918,21590618,NegativeControl-AR_motif_30284
chrX,137039995,137040695,NegativeControl-AR_motif_31405
chrX,68959548,68960248,NegativeControl-AR_motif_30754
chrX,130549466,130550166,NegativeControl-AR_motif_31332
chrX,98947878,98948578,NegativeControl-AR_motif_31005
chrX,80454402,80455102,NegativeControl-AR_motif_30859
chrX,4794117,4794817,NegativeControl-AR_motif_30096
chrX,22938976,22939676,NegativeControl-AR_motif_30299
chrX,125322997,125323697,NegativeControl-AR_motif_31269
chrX,47802100,47802800,NegativeControl-AR_motif_30548
chrX,52356022,52356722,NegativeControl-AR_motif_30612
chrX,205193,205893,NegativeControl-AR_motif_30042
chrX,12838329,12839029,NegativeControl-AR_motif_30176
chrX,35817576,35818276,NegativeControl-AR_motif_30415
chrX,31356282,31356982,NegativeControl-AR_motif_30376
chrX,34508927,34509627,NegativeControl-AR_motif_30404
chrX,138387990,138388690,NegativeControl-AR_motif_31418
chrX,96169199,96169899,NegativeControl-AR_motif_30986
chrX,158584,159284,NegativeControl-AR_motif_30038
chrX,23141323,23142023,NegativeControl-AR_motif_30301
chrX,106917095,106917795,NegativeControl-AR_motif_31098
chrX,112005087,112005787,NegativeControl-AR_motif_31154
chrX,54446215,54446915,NegativeControl-AR_motif_30642
chrX,55164614,55165314,NegativeControl-AR_motif_30655
chrX,4628496,4629196,LNcaP_pos_27-PositiveControl
chrX,93655450,93656150,LNcaP_pos_199-PositiveControl
chrX,50280705,50281405,LNcaP_pos_289-PositiveControl
chrX,34577394,34578094,LNcaP_pos_296-PositiveControl
chrX,86520351,86521051,LNcaP_pos_297-PositiveControl
chrX,96374340,96375040,LNcaP_pos_335-PositiveControl
chrX,42835854,42836554,LNcaP_pos_349-PositiveControl
chrY,10037458,10038158,onlynormal_read_263-ARBS
chrY,14800222,14800922,peakno_2632-ARBS
chrY,14841470,14842170,peakno_2633-ARBS
chrY,17457153,17457853,overlapped_read_659-ARBS
chrY,21560115,21560815,peakno_2801-ARBS
chrY,22854628,22855328,peakno_2804-ARBS
chrY,18591843,18592543,NegativeControl-AR_motif_31762
chrY,18091054,18091754,NegativeControl-AR_motif_31758
chrY,18128627,18129327,NegativeControl-AR_motif_31759
chrY,5562057,5562757,NegativeControl-AR_motif_31647
chrY,14416978,14417678,LNcaP_pos_136-PositiveControl
chrY,23313466,23314166,LNcaP_pos_200-PositiveControl
